{
	"format_version": "1.21.6",
	"credit": "Made with Blockbench",
	"textures": {
		"0": "block/blast_furnace/blast_furnace_side",
		"1": "block/blast_furnace/blast_furnace_back",
		"2": "block/blast_furnace/blast_furnace_updown",
		"4": "block/blast_furnace/blast_furnace_light",
		"7": "block/blast_furnace/blast_furnace_on_front",
		"particle": "block/blast_furnace/blast_furnace_side"
	},
	"elements": [
		{
			"from": [0, 0, 0],
			"to": [16, 16, 16],
			"faces": {
				"north": {"uv": [0, 0, 16, 16], "texture": "#7"},
				"east": {"uv": [0, 0, 16, 16], "texture": "#0"},
				"south": {"uv": [0, 0, 16, 16], "texture": "#1"},
				"west": {"uv": [0, 0, 16, 16], "texture": "#0"},
				"up": {"uv": [0, 0, 16, 16], "texture": "#2"},
				"down": {"uv": [0, 0, 16, 16], "texture": "#2"}
			}
		},
		{
			"from": [1, 3, -7],
			"to": [3, 13, 0],
			"shade": false,
			"light_emission": 15,
			"rotation": {"angle": 22.5, "axis": "y", "origin": [3, 3, 0]},
			"faces": {
				"east": {"uv": [16, 0, 10, 10], "texture": "#4"}
			}
		},
		{
			"from": [6, 3, -7],
			"to": [8, 13, 0],
			"shade": false,
			"light_emission": 15,
			"rotation": {"angle": -22.5, "axis": "y", "origin": [6, 13, 0]},
			"faces": {
				"west": {"uv": [10, 0, 16, 10], "texture": "#4"}
			}
		},
		{
			"from": [3, 1, -6],
			"to": [6, 3, 0],
			"shade": false,
			"light_emission": 15,
			"rotation": {"angle": -22.5, "axis": "x", "origin": [3, 3, 0]},
			"faces": {
				"up": {"uv": [11, 10, 14, 16], "texture": "#4"}
			}
		},
		{
			"from": [3, 13, -6],
			"to": [6, 15, 0],
			"shade": false,
			"light_emission": 15,
			"rotation": {"angle": 22.5, "axis": "x", "origin": [6, 13, 0]},
			"faces": {
				"down": {"uv": [7, 10, 10, 16], "rotation": 180, "texture": "#4"}
			}
		},
		{
			"from": [3, 3, -0.01],
			"to": [4, 13, 0.99],
			"shade": false,
			"light_emission": 15,
			"rotation": {"angle": 0, "axis": "y", "origin": [2, 3, -1.025]},
			"faces": {
				"north": {"uv": [12, 3, 13, 13], "texture": "#7"}
			}
		},
		{
			"from": [5, 3, -0.01],
			"to": [6, 13, 0.99],
			"shade": false,
			"light_emission": 15,
			"rotation": {"angle": 0, "axis": "y", "origin": [4, 3, -1.025]},
			"faces": {
				"north": {"uv": [12, 3, 13, 13], "texture": "#7"}
			}
		}
	]
}