{
	"format_version": "1.21.6",
	"credit": "Made with Blockbench",
	"textures": {
		"0": "block/furnace/furnace_front_on",
		"1": "block/furnace/furnace_side_on",
		"2": "block/furnace/furnace_top_on",
		"3": "block/furnace/grills_on",
		"4": "block/furnace/furnace_on_side_inner",
		"5": "block/furnace/furnace_on_top_inner",
		"6": "block/furnace/furnace_on_bottom_inner",
		"7": "block/furnace/furnace_bottom_on",
		"8": "block/fire_0",
		"9": "block/furnace/furnace_light",
		"particle": "block/furnace/furnace_front_on"
	},
	"elements": [
		{
			"from": [0, 0, 0],
			"to": [16, 16, 16],
			"faces": {
				"north": {"uv": [0, 0, 16, 16], "texture": "#0", "cullface": "north"},
				"east": {"uv": [0, 0, 16, 16], "texture": "#1", "cullface": "east"},
				"south": {"uv": [0, 0, 16, 16], "texture": "#1", "cullface": "south"},
				"west": {"uv": [0, 0, 16, 16], "texture": "#1", "cullface": "west"},
				"up": {"uv": [0, 0, 16, 16], "texture": "#2", "cullface": "up"},
				"down": {"uv": [0, 0, 16, 16], "texture": "#7", "cullface": "down"}
			}
		},
		{
			"from": [0, 9, 0],
			"to": [16, 9, 16],
			"rotation": {"angle": 0, "axis": "y", "origin": [0, 7, 0]},
			"faces": {
				"up": {"uv": [0, 0, 16, 16], "texture": "#3", "cullface": "north"},
				"down": {"uv": [0, 16, 16, 0], "texture": "#3", "cullface": "north"}
			}
		},
		{
			"from": [0, 0, 0],
			"to": [2, 16, 16],
			"shade": false,
			"faces": {
				"east": {"uv": [0, 0, 16, 16], "texture": "#4", "cullface": "north"}
			}
		},
		{
			"from": [14, 0, 0],
			"to": [16, 16, 16],
			"shade": false,
			"rotation": {"angle": 0, "axis": "y", "origin": [16, 0, 16]},
			"faces": {
				"west": {"uv": [0, 0, 16, 16], "texture": "#4", "cullface": "north"}
			}
		},
		{
			"from": [0, 0, 14],
			"to": [16, 16, 16],
			"shade": false,
			"rotation": {"angle": 0, "axis": "y", "origin": [0, 0, 16]},
			"faces": {
				"north": {"uv": [0, 0, 16, 16], "texture": "#4", "cullface": "north"}
			}
		},
		{
			"from": [0, 14, 0],
			"to": [16, 16, 16],
			"shade": false,
			"rotation": {"angle": 0, "axis": "y", "origin": [0, 14, 0]},
			"faces": {
				"down": {"uv": [0, 0, 16, 16], "texture": "#5", "cullface": "north"}
			}
		},
		{
			"from": [0, -2, 0],
			"to": [16, 0, 16],
			"shade": false,
			"rotation": {"angle": 0, "axis": "z", "origin": [16, 0, 0]},
			"faces": {
				"up": {"uv": [0, 0, 16, 16], "rotation": 180, "texture": "#6", "cullface": "north"}
			}
		},
		{
			"name": "fire",
			"from": [2, 0, 5],
			"to": [14, 16, 7],
			"shade": false,
			"light_emission": 15,
			"rotation": {"angle": 0, "axis": "y", "origin": [2, 0, 5]},
			"faces": {
				"north": {"uv": [2, 0, 14, 16], "texture": "#8", "cullface": "north"}
			}
		},
		{
			"from": [13, 2, -7],
			"to": [15, 6, 0],
			"shade": false,
			"rotation": {"angle": -22.5, "axis": "y", "origin": [13, 2, 0]},
			"faces": {
				"west": {"uv": [4, 0, 8, 14], "rotation": 270, "texture": "#9", "cullface": "north"}
			}
		},
		{
			"from": [1, 2, -7],
			"to": [3, 6, 0],
			"shade": false,
			"rotation": {"angle": 22.5, "axis": "y", "origin": [3, 6, 0]},
			"faces": {
				"east": {"uv": [10, 0, 14, 14], "rotation": 90, "texture": "#9", "cullface": "north"}
			}
		},
		{
			"from": [3, 0, -7],
			"to": [13, 2, 0],
			"shade": false,
			"rotation": {"angle": -22.5, "axis": "x", "origin": [9, 2, 0]},
			"faces": {
				"up": {"uv": [5, 0, 15, 14], "texture": "#9", "cullface": "north"}
			}
		},
		{
			"from": [3, 6, -7],
			"to": [13, 8, 0],
			"shade": false,
			"rotation": {"angle": 45, "axis": "x", "origin": [7, 6, 0]},
			"faces": {
				"down": {"uv": [1, 0, 11, 14], "rotation": 180, "texture": "#9", "cullface": "north"}
			}
		},
		{
			"from": [4, 13, 0],
			"to": [12, 20, 2],
			"shade": false,
			"rotation": {"angle": -22.5, "axis": "x", "origin": [7, 13, 0]},
			"faces": {
				"north": {"uv": [2, 0, 10, 14], "texture": "#9", "cullface": "north"}
			}
		}
	],
	"gui_light": "front",
	"display": {
		"thirdperson_righthand": {
			"rotation": [47.57, 12, -9.77],
			"translation": [-0.25, 1.5, -1.5],
			"scale": [0.4, 0.4, 0.4]
		},
		"thirdperson_lefthand": {
			"rotation": [47.57, 12, -9.77],
			"translation": [-0.25, 1.5, -1.5],
			"scale": [0.3, 0.3, 0.3]
		},
		"firstperson_righthand": {
			"rotation": [-89, -180, 0],
			"translation": [-9, -8.75, -8.75],
			"scale": [0.8, 0.8, 0.8]
		},
		"firstperson_lefthand": {
			"rotation": [-89, 113, -110],
			"translation": [14.5, -3, -8.75],
			"scale": [0.8, 0.8, 0.8]
		},
		"ground": {
			"rotation": [33, 0, 24],
			"translation": [0, 2.75, 0],
			"scale": [0.3, 0.3, 0.3]
		},
		"gui": {
			"rotation": [30, -135, 0],
			"scale": [0.62, 0.62, 0.62]
		},
		"head": {
			"rotation": [-14, 0, 0]
		},
		"fixed": {
			"rotation": [-90, 0, 0],
			"translation": [0, 0, -4],
			"scale": [0.6, 0.6, 0.6]
		}
	}
}