{
	"credit": "Made with Blockbench",
	"textures": {
		"0": "block/furnace/furnace_front",
		"1": "block/furnace/furnace_side",
		"2": "block/furnace/furnace_top",
		"3": "block/furnace/grills",
		"4": "block/furnace/furnace_side_inner",
		"5": "block/furnace/furnace_top_inner",
		"6": "block/furnace/furnace_bottom_inner",
		"7": "block/furnace/furnace_bottom",
		"particle": "block/furnace/furnace_front"
	},
	"elements": [
		{
			"from": [0, 0, 0],
			"to": [16, 16, 16],
			"faces": {
				"north": {"uv": [0, 0, 16, 16], "texture": "#0", "cullface": "north"},
				"east": {"uv": [0, 0, 16, 16], "texture": "#1", "cullface": "east"},
				"south": {"uv": [0, 0, 16, 16], "texture": "#1", "cullface": "south"},
				"west": {"uv": [0, 0, 16, 16], "texture": "#1", "cullface": "west"},
				"up": {"uv": [0, 0, 16, 16], "texture": "#2", "cullface": "up"},
				"down": {"uv": [0, 0, 16, 16], "texture": "#7", "cullface": "down"}
			}
		},
		{
			"from": [0, 9, 0],
			"to": [16, 9, 16],
			"rotation": {"angle": 0, "axis": "y", "origin": [0, 7, 0]},
			"faces": {
				"up": {"uv": [0, 0, 16, 16], "texture": "#3", "cullface": "north"},
				"down": {"uv": [0, 16, 16, 0], "texture": "#3", "cullface": "north"}
			}
		},
		{
			"from": [0, 0, 0],
			"to": [2, 16, 16],
			"faces": {
				"east": {"uv": [0, 0, 16, 16], "texture": "#4", "cullface": "north"}
			}
		},
		{
			"from": [14, 0, 0],
			"to": [16, 16, 16],
			"rotation": {"angle": 0, "axis": "y", "origin": [16, 0, 16]},
			"faces": {
				"west": {"uv": [0, 0, 16, 16], "texture": "#4", "cullface": "north"}
			}
		},
		{
			"from": [0, 0, 14],
			"to": [16, 16, 16],
			"rotation": {"angle": 0, "axis": "y", "origin": [0, 0, 16]},
			"faces": {
				"north": {"uv": [0, 0, 16, 16], "texture": "#4", "cullface": "north"}
			}
		},
		{
			"from": [0, 14, 0],
			"to": [16, 16, 16],
			"rotation": {"angle": 0, "axis": "y", "origin": [0, 14, 0]},
			"faces": {
				"down": {"uv": [0, 0, 16, 16], "texture": "#5", "cullface": "north"}
			}
		},
		{
			"from": [0, -2, 0],
			"to": [16, 0, 16],
			"rotation": {"angle": 0, "axis": "z", "origin": [16, 0, 0]},
			"faces": {
				"up": {"uv": [0, 0, 16, 16], "rotation": 180, "texture": "#6", "cullface": "north"}
			}
		}
	],
	"display": {
		"thirdperson_righthand": {
			"rotation": [47.57, 12, -9.77],
			"translation": [-0.25, 1.5, -1.5],
			"scale": [0.4, 0.4, 0.4]
		},
		"thirdperson_lefthand": {
			"rotation": [47.57, 12, -9.77],
			"translation": [-0.25, 1.5, -1.5],
			"scale": [0.3, 0.3, 0.3]
		},
		"firstperson_righthand": {
			"rotation": [-89, 180, 0],
			"translation": [-9, -8.75, -8.75],
			"scale": [0.8, 0.8, 0.8]
		},
		"firstperson_lefthand": {
			"rotation": [-89, 113, -110],
			"translation": [14.5, -3, -8.75],
			"scale": [0.8, 0.8, 0.8]
		},
		"ground": {
			"rotation": [33, 0, 24],
			"translation": [0, 2.75, 0],
			"scale": [0.3, 0.3, 0.3]
		},
		"gui": {
			"rotation": [30, -135, 0],
			"scale": [0.62, 0.62, 0.62]
		},
		"head": {
			"rotation": [-14, 0, 0]
		},
		"fixed": {
			"rotation": [-90, 0, 0],
			"translation": [0, 0, -4],
			"scale": [0.6, 0.6, 0.6]
		}
	}
}