{
	"format_version": "1.21.6",
	"credit": "Made with Blockbench",
	"textures": {
		"0": "block/smoker/smoker_side_on",
		"1": "block/smoker/smoker_front_open",
		"4": "block/smoker/smoker_inner_on",
		"5": "block/smoker/smoker_doors_inner_on",
		"6": "block/furnace/furnace_on_bottom_inner",
		"7": "block/fire_0",
		"8": "block/furnace/furnace_light",
		"9": "block/smoker/smoker_doors",
		"10": "block/smoker/smoker_bottom_on",
		"11": "block/smoker/smoker_top_on",
		"particle": "block/smoker/smoker_side_on"
	},
	"elements": [
		{
			"from": [0, 0, 0],
			"to": [16, 16, 16],
			"faces": {
				"north": {"uv": [0, 0, 16, 16], "texture": "#1", "cullface": "north"},
				"east": {"uv": [0, 0, 16, 16], "texture": "#0", "cullface": "east"},
				"south": {"uv": [0, 0, 16, 16], "texture": "#0", "cullface": "south"},
				"west": {"uv": [0, 0, 16, 16], "texture": "#0", "cullface": "west"},
				"up": {"uv": [0, 0, 16, 16], "rotation": 90, "texture": "#11", "cullface": "up"},
				"down": {"uv": [0, 0, 16, 16], "rotation": 90, "texture": "#10", "cullface": "down"}
			}
		},
		{
			"from": [5.53052, 4, -4.30481],
			"to": [5.53052, 11, -0.30481],
			"shade": false,
			"light_emission": 15,
			"rotation": {"angle": 22.5, "axis": "y", "origin": [5.53052, 4, 3.69519]},
			"faces": {
				"east": {"uv": [8, 2, 12, 9], "texture": "#5", "cullface": "north"},
				"west": {"uv": [8, 5, 12, 12], "texture": "#9", "cullface": "north"}
			}
		},
		{
			"from": [4, 4, -4],
			"to": [4, 11, 0],
			"rotation": {"angle": 45, "axis": "y", "origin": [4, 4, 0]},
			"faces": {
				"east": {"uv": [16, 5, 12, 12], "texture": "#9", "cullface": "north"},
				"west": {"uv": [12, 5, 16, 12], "texture": "#9", "cullface": "north"}
			}
		},
		{
			"from": [12, 4, 0],
			"to": [16, 11, 0],
			"rotation": {"angle": 45, "axis": "y", "origin": [12, 4, 0]},
			"faces": {
				"north": {"uv": [0, 5, 4, 12], "rotation": 180, "texture": "#9", "cullface": "north"},
				"south": {"uv": [0, 5, 4, 12], "texture": "#9", "cullface": "north"}
			}
		},
		{
			"from": [10.46927, 4, -4.30448],
			"to": [10.46927, 11, -0.30448],
			"shade": false,
			"light_emission": 15,
			"rotation": {"angle": -22.5, "axis": "y", "origin": [10.46927, 4, 3.69552]},
			"faces": {
				"east": {"uv": [4, 5, 8, 12], "texture": "#9", "cullface": "north"},
				"west": {"uv": [8, 7, 12, 14], "rotation": 180, "texture": "#5", "cullface": "north"}
			}
		},
		{
			"from": [0, 0, 14],
			"to": [16, 16, 16],
			"shade": false,
			"rotation": {"angle": 0, "axis": "y", "origin": [0, 0, 14]},
			"faces": {
				"north": {"uv": [0, 0, 16, 16], "texture": "#4", "cullface": "north"}
			}
		},
		{
			"from": [0, 0, 0],
			"to": [2, 16, 16],
			"shade": false,
			"rotation": {"angle": 0, "axis": "y", "origin": [2, 0, 0]},
			"faces": {
				"east": {"uv": [0, 0, 16, 16], "texture": "#4", "cullface": "north"}
			}
		},
		{
			"from": [14, 0, 0],
			"to": [16, 16, 16],
			"shade": false,
			"rotation": {"angle": 0, "axis": "y", "origin": [14, 0, 16]},
			"faces": {
				"west": {"uv": [0, 0, 16, 16], "texture": "#4", "cullface": "north"}
			}
		},
		{
			"from": [0, 14, 0],
			"to": [16, 16, 16],
			"shade": false,
			"rotation": {"angle": 0, "axis": "z", "origin": [16, 14, 16]},
			"faces": {
				"down": {"uv": [0, 0, 16, 16], "rotation": 270, "texture": "#4", "cullface": "north"}
			}
		},
		{
			"from": [0, 0, 0],
			"to": [16, 2, 16],
			"shade": false,
			"rotation": {"angle": 0, "axis": "y", "origin": [0, 2, 0]},
			"faces": {
				"up": {"uv": [0, 0, 16, 16], "rotation": 180, "texture": "#6", "cullface": "north"}
			}
		},
		{
			"from": [2, 2, 8],
			"to": [14, 16, 10],
			"shade": false,
			"rotation": {"angle": -22.5, "axis": "y", "origin": [14, 2, 8]},
			"faces": {
				"north": {"uv": [2, 2, 14, 16], "texture": "#7", "cullface": "north"}
			}
		},
		{
			"from": [2, 2, 8],
			"to": [14, 16, 10],
			"shade": false,
			"rotation": {"angle": 22.5, "axis": "y", "origin": [2, 2, 8]},
			"faces": {
				"north": {"uv": [2, 2, 14, 16], "texture": "#7", "cullface": "north"}
			}
		},
		{
			"from": [4, 2, -7],
			"to": [12, 4, 0],
			"shade": false,
			"rotation": {"angle": -22.5, "axis": "x", "origin": [9, 4, 0]},
			"faces": {
				"up": {"uv": [7, 0, 14, 12], "texture": "#8", "cullface": "north"}
			}
		},
		{
			"from": [4, 11, -7],
			"to": [12, 13, 0],
			"shade": false,
			"rotation": {"angle": 45, "axis": "x", "origin": [7, 11, 0]},
			"faces": {
				"down": {"uv": [7, 0, 14, 12], "rotation": 180, "texture": "#8", "cullface": "north"}
			}
		}
	],
	"groups": [
		0,
		{
			"name": "group",
			"origin": [4, 4, 0],
			"color": 0,
			"children": [1, 2]
		},
		{
			"name": "group",
			"origin": [12, 4, 0],
			"color": 0,
			"children": [3, 4]
		},
		5,
		6,
		7,
		8,
		9,
		10,
		11,
		12,
		13
	]
}