{
	"format_version": "1.21.6",
	"credit": "Made with Blockbench",
	"textures": {
		"0": "block/redstone_torch",
		"1": "block/redstone_torch_light/shimmer_redstone_torch",
		"particle": "block/redstone_torch"
	},
	"elements": [
		{
			"name": "bottom",
			"from": [7, 0, 7],
			"to": [9, 8, 9],
			"rotation": {"angle": 22.5, "axis": "y", "origin": [8, 7, 8]},
			"faces": {
				"north": {"uv": [0, 3, 2, 11], "texture": "#0"},
				"east": {"uv": [2, 3, 4, 11], "texture": "#0"},
				"south": {"uv": [4, 3, 6, 11], "texture": "#0"},
				"west": {"uv": [6, 3, 8, 11], "texture": "#0"},
				"down": {"uv": [10, 2, 8, 4], "texture": "#0", "cullface": "down"}
			}
		},
		{
			"name": "between",
			"from": [7, 8, 8],
			"to": [9, 9, 8],
			"rotation": {"angle": 22.5, "axis": "y", "origin": [8, 7, 8]},
			"faces": {
				"north": {"uv": [0, 15, 2, 16], "texture": "#0"},
				"south": {"uv": [4, 15, 6, 16], "texture": "#0"}
			}
		},
		{
			"name": "between",
			"from": [8, 8, 7],
			"to": [8, 9, 9],
			"rotation": {"angle": 22.5, "axis": "y", "origin": [8, 7, 8]},
			"faces": {
				"east": {"uv": [2, 15, 4, 16], "texture": "#0"},
				"west": {"uv": [6, 15, 8, 16], "texture": "#0"}
			}
		},
		{
			"name": "top",
			"from": [7, 9, 7],
			"to": [9, 11, 9],
			"light_emission": 15,
			"rotation": {"angle": 0, "axis": "y", "origin": [8, 7, 8]},
			"faces": {
				"north": {"uv": [0, 0, 2, 2], "texture": "#0"},
				"east": {"uv": [2, 0, 4, 2], "texture": "#0"},
				"south": {"uv": [4, 0, 6, 2], "texture": "#0"},
				"west": {"uv": [6, 0, 8, 2], "texture": "#0"},
				"down": {"uv": [12, 0, 10, 2], "texture": "#0"}
			}
		},
		{
			"from": [0, 11, 0],
			"to": [16, 11, 16],
			"shade": false,
			"rotation": {"angle": 45, "axis": "y", "origin": [8, 11, 8]},
			"faces": {
				"down": {"uv": [0, 0, 16, 16], "texture": "#1"}
			}
		}
	],
	"gui_light": "front",
	"display": {
		"thirdperson_righthand": {
			"rotation": [21, 12, 17],
			"translation": [-2, 3.5, 1.5],
			"scale": [0.8, 0.8, 0.8]
		},
		"thirdperson_lefthand": {
			"rotation": [21, 12, 17],
			"translation": [-2, 3.5, 1.5],
			"scale": [0.8, 0.8, 0.8]
		},
		"firstperson_righthand": {
			"rotation": [-71, 0, 0],
			"translation": [0, 1.25, 0]
		},
		"firstperson_lefthand": {
			"rotation": [-71, 0, 0],
			"translation": [0, 1.25, 0]
		},
		"ground": {
			"rotation": [-67, 0, 0],
			"translation": [0, 0.25, -2.25],
			"scale": [0.7, 0.7, 0.7]
		},
		"head": {
			"rotation": [58, -180, 0],
			"translation": [-6.5, 4.5, 2]
		},
		"fixed": {
			"rotation": [0, -180, 0]
		}
	},
	"groups": [
		{
			"name": "stick",
			"origin": [7, 0, 8],
			"color": 0,
			"children": [0, 1, 2, 3]
		},
		4
	]
}