{
	"credit": "Made with Blockbench",
	"textures": {
		"0": "block/repeater",
		"1": "block/smooth_stone",
		"2": "block/redstone_torch",
		"particle": "block/repeater"
	},
	"elements": [
		{
			"from": [0, 0, 0],
			"to": [16, 2, 16],
			"faces": {
				"north": {"uv": [0, 14, 16, 16], "texture": "#1"},
				"east": {"uv": [0, 14, 16, 16], "texture": "#1"},
				"south": {"uv": [0, 14, 16, 16], "texture": "#1"},
				"west": {"uv": [0, 14, 16, 16], "texture": "#1"},
				"up": {"uv": [0, 0, 16, 16], "texture": "#0"},
				"down": {"uv": [0, 0, 16, 16], "texture": "#1"}
			}
		},
		{
			"name": "bottom",
			"from": [7, 2, 2],
			"to": [9, 5, 4],
			"rotation": {"angle": 0, "axis": "y", "origin": [7, -2, 3]},
			"faces": {
				"north": {"uv": [0, 3, 2, 6], "texture": "#2"},
				"east": {"uv": [2, 3, 4, 6], "texture": "#2"},
				"south": {"uv": [4, 3, 6, 6], "texture": "#2"},
				"west": {"uv": [6, 3, 8, 6], "texture": "#2"},
				"up": {"uv": [10, 6, 8, 4], "texture": "#2"}
			}
		},
		{
			"name": "between",
			"from": [7, 5, 3],
			"to": [9, 6, 3],
			"rotation": {"angle": 0, "axis": "y", "origin": [8, 5.5, 3]},
			"faces": {
				"north": {"uv": [0, 15, 2, 16], "texture": "#2"},
				"south": {"uv": [4, 15, 6, 16], "texture": "#2"}
			}
		},
		{
			"name": "between",
			"from": [8, 5, 2],
			"to": [8, 6, 4],
			"rotation": {"angle": 0, "axis": "y", "origin": [8, 5.5, 3]},
			"faces": {
				"east": {"uv": [2, 15, 4, 16], "texture": "#2"},
				"west": {"uv": [6, 15, 8, 16], "texture": "#2"}
			}
		},
		{
			"name": "bottom",
			"from": [7, 2, 8],
			"to": [9, 5, 10],
			"rotation": {"angle": 0, "axis": "y", "origin": [7, -2, 9]},
			"faces": {
				"north": {"uv": [0, 3, 2, 6], "texture": "#2"},
				"east": {"uv": [2, 3, 4, 6], "texture": "#2"},
				"south": {"uv": [4, 3, 6, 6], "texture": "#2"},
				"west": {"uv": [6, 3, 8, 6], "texture": "#2"},
				"up": {"uv": [10, 6, 8, 4], "texture": "#2"}
			}
		},
		{
			"name": "between",
			"from": [7, 5, 9],
			"to": [9, 6, 9],
			"rotation": {"angle": 0, "axis": "y", "origin": [8, 5.5, 9]},
			"faces": {
				"north": {"uv": [0, 15, 2, 16], "texture": "#2"},
				"south": {"uv": [4, 15, 6, 16], "texture": "#2"}
			}
		},
		{
			"name": "between",
			"from": [8, 5, 8],
			"to": [8, 6, 10],
			"rotation": {"angle": 0, "axis": "y", "origin": [8, 5.5, 9]},
			"faces": {
				"east": {"uv": [2, 15, 4, 16], "texture": "#2"},
				"west": {"uv": [6, 15, 8, 16], "texture": "#2"}
			}
		},
		{
			"from": [7, 6, 2],
			"to": [9, 8, 4],
			"rotation": {"angle": 0, "axis": "y", "origin": [7, 6, 2]},
			"faces": {
				"north": {"uv": [14, 14, 16, 16], "texture": "#2"},
				"east": {"uv": [14, 14, 16, 16], "texture": "#2"},
				"south": {"uv": [14, 12, 16, 14], "texture": "#2"},
				"west": {"uv": [14, 10, 16, 12], "texture": "#2"},
				"up": {"uv": [14, 10, 16, 12], "texture": "#2"},
				"down": {"uv": [14, 14, 16, 16], "texture": "#2"}
			}
		},
		{
			"from": [7, 6, 8],
			"to": [9, 8, 10],
			"rotation": {"angle": 0, "axis": "y", "origin": [7, 6, 8]},
			"faces": {
				"north": {"uv": [14, 14, 16, 16], "texture": "#2"},
				"east": {"uv": [14, 14, 16, 16], "texture": "#2"},
				"south": {"uv": [14, 12, 16, 14], "texture": "#2"},
				"west": {"uv": [14, 10, 16, 12], "texture": "#2"},
				"up": {"uv": [14, 10, 16, 12], "texture": "#2"},
				"down": {"uv": [14, 14, 16, 16], "texture": "#2"}
			}
		}
	],
	"groups": [
		0,
		{
			"name": "torch1",
			"origin": [7, 0, 8],
			"color": 0,
			"children": [1, 2, 3]
		},
		{
			"name": "torch2",
			"origin": [7, 0, 8],
			"color": 0,
			"children": [4, 5, 6]
		},
		7,
		8
	]
}