{
	"credit": "Made with Blockbench",
	"ambientocclusion": false,
	"textures": {
		"slab": "block/smooth_stone",
		"particle": "block/repeater/repeater_on_1tick",
		"top": "block/repeater/repeater_on_1tick",
		"lit": "block/redstone_torch"
	},
	"elements": [
		{
			"from": [0, 0, 0],
			"to": [16, 2, 16],
			"faces": {
				"north": {"uv": [0, 14, 16, 16], "texture": "#slab", "cullface": "north"},
				"east": {"uv": [0, 14, 16, 16], "texture": "#slab", "cullface": "east"},
				"south": {"uv": [0, 14, 16, 16], "texture": "#slab", "cullface": "south"},
				"west": {"uv": [0, 14, 16, 16], "texture": "#slab", "cullface": "west"},
				"up": {"uv": [0, 0, 16, 16], "texture": "#top"},
				"down": {"uv": [0, 0, 16, 16], "texture": "#slab", "cullface": "down"}
			}
		},
		{
			"name": "top",
			"from": [7, 6, 2],
			"to": [9, 8, 4],
			"light_emission": 15,
			"rotation": {"angle": 0, "axis": "y", "origin": [7, -2, 3]},
			"faces": {
				"north": {"uv": [0, 0, 2, 2], "texture": "#lit"},
				"east": {"uv": [2, 0, 4, 2], "texture": "#lit"},
				"south": {"uv": [4, 0, 6, 2], "texture": "#lit"},
				"west": {"uv": [6, 0, 8, 2], "texture": "#lit"},
				"up": {"uv": [10, 2, 8, 0], "texture": "#lit"},
				"down": {"uv": [12, 0, 10, 2], "texture": "#lit"}
			}
		},
		{
			"name": "bottom",
			"from": [7, 2, 2],
			"to": [9, 5, 4],
			"rotation": {"angle": 0, "axis": "y", "origin": [7, -2, 3]},
			"faces": {
				"north": {"uv": [0, 3, 2, 6], "texture": "#lit"},
				"east": {"uv": [2, 3, 4, 6], "texture": "#lit"},
				"south": {"uv": [4, 3, 6, 6], "texture": "#lit"},
				"west": {"uv": [6, 3, 8, 6], "texture": "#lit"},
				"up": {"uv": [10, 6, 8, 4], "texture": "#lit"},
				"down": {"uv": [0, 0, 0, 0], "texture": "#lit"}
			}
		},
		{
			"name": "between",
			"from": [7, 5, 3],
			"to": [9, 6, 3],
			"rotation": {"angle": 0, "axis": "y", "origin": [8, 5.5, 3]},
			"faces": {
				"north": {"uv": [0, 15, 2, 16], "texture": "#lit"},
				"east": {"uv": [0, 0, 0, 0], "texture": "#lit"},
				"south": {"uv": [4, 15, 6, 16], "texture": "#lit"},
				"west": {"uv": [0, 0, 0, 0], "texture": "#lit"},
				"up": {"uv": [0, 0, 0, 0], "texture": "#lit"},
				"down": {"uv": [0, 0, 0, 0], "texture": "#lit"}
			}
		},
		{
			"name": "between",
			"from": [8, 5, 2],
			"to": [8, 6, 4],
			"rotation": {"angle": 0, "axis": "y", "origin": [8, 5.5, 3]},
			"faces": {
				"north": {"uv": [0, 0, 0, 0], "texture": "#lit"},
				"east": {"uv": [2, 15, 4, 16], "texture": "#lit"},
				"south": {"uv": [0, 0, 0, 0], "texture": "#lit"},
				"west": {"uv": [6, 15, 8, 16], "texture": "#lit"},
				"up": {"uv": [0, 0, 0, 0], "texture": "#lit"},
				"down": {"uv": [0, 0, 0, 0], "texture": "#lit"}
			}
		},
		{
			"name": "top",
			"from": [7, 6, 6],
			"to": [9, 8, 8],
			"light_emission": 15,
			"rotation": {"angle": 0, "axis": "y", "origin": [7, -2, 7]},
			"faces": {
				"north": {"uv": [0, 0, 2, 2], "texture": "#lit"},
				"east": {"uv": [2, 0, 4, 2], "texture": "#lit"},
				"south": {"uv": [4, 0, 6, 2], "texture": "#lit"},
				"west": {"uv": [6, 0, 8, 2], "texture": "#lit"},
				"up": {"uv": [10, 2, 8, 0], "texture": "#lit"},
				"down": {"uv": [12, 0, 10, 2], "texture": "#lit"}
			}
		},
		{
			"name": "bottom",
			"from": [7, 2, 6],
			"to": [9, 5, 8],
			"rotation": {"angle": 0, "axis": "y", "origin": [7, -2, 7]},
			"faces": {
				"north": {"uv": [0, 3, 2, 6], "texture": "#lit"},
				"east": {"uv": [2, 3, 4, 6], "texture": "#lit"},
				"south": {"uv": [4, 3, 6, 6], "texture": "#lit"},
				"west": {"uv": [6, 3, 8, 6], "texture": "#lit"},
				"up": {"uv": [10, 6, 8, 4], "texture": "#lit"},
				"down": {"uv": [0, 0, 0, 0], "texture": "#lit"}
			}
		},
		{
			"name": "between",
			"from": [7, 5, 7],
			"to": [9, 6, 7],
			"rotation": {"angle": 0, "axis": "y", "origin": [8, 5.5, 7]},
			"faces": {
				"north": {"uv": [0, 15, 2, 16], "texture": "#lit"},
				"east": {"uv": [0, 0, 0, 0], "texture": "#lit"},
				"south": {"uv": [4, 15, 6, 16], "texture": "#lit"},
				"west": {"uv": [0, 0, 0, 0], "texture": "#lit"},
				"up": {"uv": [0, 0, 0, 0], "texture": "#lit"},
				"down": {"uv": [0, 0, 0, 0], "texture": "#lit"}
			}
		},
		{
			"name": "between",
			"from": [8, 5, 6],
			"to": [8, 6, 8],
			"rotation": {"angle": 0, "axis": "y", "origin": [8, 5.5, 7]},
			"faces": {
				"north": {"uv": [0, 0, 0, 0], "texture": "#lit"},
				"east": {"uv": [2, 15, 4, 16], "texture": "#lit"},
				"south": {"uv": [0, 0, 0, 0], "texture": "#lit"},
				"west": {"uv": [6, 15, 8, 16], "texture": "#lit"},
				"up": {"uv": [0, 0, 0, 0], "texture": "#lit"},
				"down": {"uv": [0, 0, 0, 0], "texture": "#lit"}
			}
		}
	],
	"groups": [
		0,
		{
			"name": "torch1",
			"origin": [7, 0, 8],
			"color": 0,
			"children": [1, 2, 3, 4]
		},
		{
			"name": "torch2",
			"origin": [7, 0, 8],
			"color": 0,
			"children": [5, 6, 7, 8]
		}
	]
}