{
	"format_version": "1.21.6",
	"credit": "Made with Blockbench",
	"textures": {
		"5": "#side",
		"6": "#top",
		"7": "#side_light",
		"particle": "#side",
		"s0": "#0",
		"s1": "#1",
		"s2": "#2",
		"s3": "#3"
	},
	"elements": [
		{
			"from": [0, 0, 0],
			"to": [16, 16, 16],
			"shade": false,
			"rotation": {"angle": 0, "axis": "x", "origin": [8, 8, 8]},
			"faces": {
				"north": {"uv": [0, 0, 16, 16], "rotation": 180, "texture": "#6", "cullface": "north"},
				"east": {"uv": [0, 0, 16, 16], "rotation": 270, "texture": "#5", "cullface": "east"},
				"south": {"uv": [0, 0, 16, 16], "texture": "#6", "cullface": "south"},
				"west": {"uv": [0, 0, 16, 16], "rotation": 90, "texture": "#5", "cullface": "west"},
				"up": {"uv": [0, 0, 16, 16], "rotation": 180, "texture": "#5", "cullface": "up"},
				"down": {"uv": [0, 0, 16, 16], "texture": "#5", "cullface": "down"}
			}
		},
		{
			"from": [16, 0.06, -16],
			"to": [32, 0.06, 0],
			"shade": false,
			"faces": {
				"up": {"uv": [0, 0, 5.33333, 5.33333], "rotation": 90, "texture": "#s1", "cullface": "north"}
			}
		},
		{
			"from": [-16, 0.05, -16],
			"to": [0, 0.05, 0],
			"shade": false,
			"faces": {
				"up": {"uv": [0, 10.66667, 5.33333, 16], "rotation": 90, "texture": "#s1", "cullface": "north"}
			}
		},
		{
			"from": [0, 0.06, -16],
			"to": [16, 0.06, 0],
			"shade": false,
			"faces": {
				"up": {"uv": [0, 5.33333, 5.33333, 10.66667], "rotation": 90, "texture": "#s1", "cullface": "north"}
			}
		},
		{
			"from": [16, 0.045, 16],
			"to": [32, 0.045, 32],
			"shade": false,
			"rotation": {"angle": 0, "axis": "y", "origin": [0, 0, 32]},
			"faces": {
				"up": {"uv": [10.66667, 0, 16, 5.33333], "rotation": 90, "texture": "#s3", "cullface": "south"}
			}
		},
		{
			"from": [-16, 0.035, 16],
			"to": [0, 0.035, 32],
			"shade": false,
			"rotation": {"angle": 0, "axis": "y", "origin": [0, 0, 32]},
			"faces": {
				"up": {"uv": [10.66667, 10.66667, 16, 16], "rotation": 90, "texture": "#s3", "cullface": "south"}
			}
		},
		{
			"from": [0, 0.04, 16],
			"to": [16, 0.04, 32],
			"shade": false,
			"rotation": {"angle": 0, "axis": "y", "origin": [0, 0, 32]},
			"faces": {
				"up": {"uv": [10.66667, 5.33333, 16, 10.66667], "rotation": 90, "texture": "#s3", "cullface": "south"}
			}
		},
		{
			"from": [-16, 0.045, -16],
			"to": [0, 0.045, 0],
			"shade": false,
			"rotation": {"angle": 0, "axis": "y", "origin": [8, 0.03, 8]},
			"faces": {
				"up": {"uv": [0, 10.66667, 5.33333, 16], "rotation": 90, "texture": "#s0", "cullface": "west"}
			}
		},
		{
			"from": [-16, 0.04, 0],
			"to": [0, 0.04, 16],
			"shade": false,
			"rotation": {"angle": 0, "axis": "y", "origin": [8, 0.03, 8]},
			"faces": {
				"up": {"uv": [5.33333, 10.66667, 10.66667, 16], "rotation": 90, "texture": "#s0", "cullface": "west"}
			}
		},
		{
			"from": [-16, 0.04, 16],
			"to": [0, 0.04, 32],
			"shade": false,
			"rotation": {"angle": 0, "axis": "y", "origin": [8, 0.03, 8]},
			"faces": {
				"up": {"uv": [10.66667, 10.66667, 16, 16], "rotation": 90, "texture": "#s0", "cullface": "west"}
			}
		},
		{
			"from": [16, 0.05, 16],
			"to": [32, 0.05, 32],
			"shade": false,
			"rotation": {"angle": 0, "axis": "y", "origin": [8, 0.03, 8]},
			"faces": {
				"up": {"uv": [10.66667, 0, 16, 5.33333], "rotation": 90, "texture": "#s2", "cullface": "east"}
			}
		},
		{
			"from": [16, 0.065, -16],
			"to": [32, 0.065, 0],
			"shade": false,
			"rotation": {"angle": 0, "axis": "y", "origin": [8, 0.03, 8]},
			"faces": {
				"up": {"uv": [0, 0, 5.33333, 5.33333], "rotation": 90, "texture": "#s2", "cullface": "east"}
			}
		},
		{
			"from": [16, 0.06, 0],
			"to": [32, 0.06, 16],
			"shade": false,
			"rotation": {"angle": 0, "axis": "y", "origin": [8, 0.03, 8]},
			"faces": {
				"up": {"uv": [5.33333, 0, 10.66667, 5.33333], "rotation": 90, "texture": "#s2", "cullface": "east"}
			}
		},
		{
			"from": [16, 15.94, -16],
			"to": [32, 15.94, 0],
			"shade": false,
			"rotation": {"angle": 0, "axis": "y", "origin": [0, 16, 0]},
			"faces": {
				"down": {"uv": [5.33333, 0, 0, 5.33333], "rotation": 90, "texture": "#s1", "cullface": "north"}
			}
		},
		{
			"from": [-16, 15.95, -16],
			"to": [0, 15.95, 0],
			"shade": false,
			"rotation": {"angle": 0, "axis": "y", "origin": [0, 16, 0]},
			"faces": {
				"down": {"uv": [5.33333, 10.66667, 0, 16], "rotation": 90, "texture": "#s1", "cullface": "north"}
			}
		},
		{
			"from": [0, 15.94, -16],
			"to": [16, 15.94, 0],
			"shade": false,
			"rotation": {"angle": 0, "axis": "y", "origin": [0, 16, 0]},
			"faces": {
				"down": {"uv": [5.33333, 5.33333, 0, 10.66667], "rotation": 90, "texture": "#s1", "cullface": "north"}
			}
		},
		{
			"from": [16, 15.955, 16],
			"to": [32, 15.955, 32],
			"shade": false,
			"rotation": {"angle": 0, "axis": "y", "origin": [0, 16, 32]},
			"faces": {
				"down": {"uv": [16, 0, 10.66667, 5.33333], "rotation": 90, "texture": "#s3", "cullface": "south"}
			}
		},
		{
			"from": [-16, 15.965, 16],
			"to": [0, 15.965, 32],
			"shade": false,
			"rotation": {"angle": 0, "axis": "y", "origin": [0, 16, 32]},
			"faces": {
				"down": {"uv": [16, 10.66667, 10.66667, 16], "rotation": 90, "texture": "#s3", "cullface": "south"}
			}
		},
		{
			"from": [0, 15.96, 16],
			"to": [16, 15.96, 32],
			"shade": false,
			"rotation": {"angle": 0, "axis": "y", "origin": [0, 16, 32]},
			"faces": {
				"down": {"uv": [16, 5.33333, 10.66667, 10.66667], "rotation": 90, "texture": "#s3", "cullface": "south"}
			}
		},
		{
			"from": [-16, 15.955, -16],
			"to": [0, 15.955, 0],
			"shade": false,
			"rotation": {"angle": 0, "axis": "y", "origin": [8, 15.97, 8]},
			"faces": {
				"down": {"uv": [5.33333, 10.66667, 0, 16], "rotation": 90, "texture": "#s0", "cullface": "west"}
			}
		},
		{
			"from": [-16, 15.96, 0],
			"to": [0, 15.96, 16],
			"shade": false,
			"rotation": {"angle": 0, "axis": "y", "origin": [8, 15.97, 8]},
			"faces": {
				"down": {"uv": [10.66667, 10.66667, 5.33333, 16], "rotation": 90, "texture": "#s0", "cullface": "west"}
			}
		},
		{
			"from": [-16, 15.96, 16],
			"to": [0, 15.96, 32],
			"shade": false,
			"rotation": {"angle": 0, "axis": "y", "origin": [8, 15.97, 8]},
			"faces": {
				"down": {"uv": [16, 10.66667, 10.66667, 16], "rotation": 90, "texture": "#s0", "cullface": "west"}
			}
		},
		{
			"from": [16, 15.95, 16],
			"to": [32, 15.95, 32],
			"shade": false,
			"rotation": {"angle": 0, "axis": "y", "origin": [8, 15.97, 8]},
			"faces": {
				"down": {"uv": [16, 0, 10.66667, 5.33333], "rotation": 90, "texture": "#s2", "cullface": "east"}
			}
		},
		{
			"from": [16, 15.935, -16],
			"to": [32, 15.935, 0],
			"shade": false,
			"rotation": {"angle": 0, "axis": "y", "origin": [8, 15.97, 8]},
			"faces": {
				"down": {"uv": [5.33333, 0, 0, 5.33333], "rotation": 90, "texture": "#s2", "cullface": "east"}
			}
		},
		{
			"from": [16, 15.94, 0],
			"to": [32, 15.94, 16],
			"shade": false,
			"rotation": {"angle": 0, "axis": "y", "origin": [8, 15.97, 8]},
			"faces": {
				"down": {"uv": [10.66667, 0, 5.33333, 5.33333], "rotation": 90, "texture": "#s2", "cullface": "east"}
			}
		},
		{
			"from": [-3, 0, 0.03],
			"to": [0, 16, 0.03],
			"rotation": {"angle": 0, "axis": "y", "origin": [-2, 0, 0.025]},
			"faces": {
				"south": {"uv": [0, 13, 16, 16], "rotation": 270, "texture": "#7", "cullface": "west"}
			}
		},
		{
			"from": [16, 0, 0.03],
			"to": [19, 16, 0.03],
			"rotation": {"angle": 0, "axis": "y", "origin": [18, 0, 0.025]},
			"faces": {
				"south": {"uv": [0, 16, 16, 13], "rotation": 270, "texture": "#7", "cullface": "east"}
			}
		},
		{
			"from": [16, 0, 15.97],
			"to": [19, 16, 15.97],
			"rotation": {"angle": 0, "axis": "y", "origin": [18, 0, 15.975]},
			"faces": {
				"north": {"uv": [0, 13, 16, 16], "rotation": 270, "texture": "#7", "cullface": "east"}
			}
		},
		{
			"from": [-3, 0, 15.97],
			"to": [0, 16, 15.97],
			"rotation": {"angle": 0, "axis": "y", "origin": [-2, 0, 15.975]},
			"faces": {
				"north": {"uv": [0, 16, 16, 13], "rotation": 270, "texture": "#7", "cullface": "west"}
			}
		},
		{
			"from": [0.03, 0, 16],
			"to": [0.03, 16, 19],
			"rotation": {"angle": 0, "axis": "y", "origin": [8, 8, 8]},
			"faces": {
				"east": {"uv": [0, 13, 16, 16], "rotation": 270, "texture": "#7", "cullface": "south"}
			}
		},
		{
			"from": [0.03, 0, -3],
			"to": [0.03, 16, 0],
			"rotation": {"angle": 0, "axis": "y", "origin": [8, 8, 8]},
			"faces": {
				"east": {"uv": [0, 16, 16, 13], "rotation": 270, "texture": "#7", "cullface": "north"}
			}
		},
		{
			"from": [15.97, 0, -3],
			"to": [15.97, 16, 0],
			"rotation": {"angle": 0, "axis": "y", "origin": [8, 8, 8]},
			"faces": {
				"west": {"uv": [0, 13, 16, 16], "rotation": 270, "texture": "#7", "cullface": "north"}
			}
		},
		{
			"from": [15.97, 0, 16],
			"to": [15.97, 16, 19],
			"rotation": {"angle": 0, "axis": "y", "origin": [8, 8, 8]},
			"faces": {
				"west": {"uv": [0, 16, 16, 13], "rotation": 270, "texture": "#7", "cullface": "south"}
			}
		},
		{
			"from": [15.97, 16, 0],
			"to": [15.97, 19, 16],
			"rotation": {"angle": 0, "axis": "y", "origin": [8, 8, 8]},
			"faces": {
				"west": {"uv": [0, 13, 16, 16], "texture": "#7", "cullface": "up"}
			}
		},
		{
			"from": [0.03, 16, 0],
			"to": [0.03, 19, 16],
			"rotation": {"angle": 0, "axis": "y", "origin": [8, 8, 8]},
			"faces": {
				"east": {"uv": [16, 13, 0, 16], "texture": "#7", "cullface": "up"}
			}
		},
		{
			"from": [0, 16, 0.03],
			"to": [16, 19, 0.03],
			"rotation": {"angle": 0, "axis": "y", "origin": [8, 8, 8]},
			"faces": {
				"south": {"uv": [16, 13, 0, 16], "texture": "#7", "cullface": "up"}
			}
		},
		{
			"from": [0, 16, 15.97],
			"to": [16, 19, 15.97],
			"rotation": {"angle": 0, "axis": "y", "origin": [8, 8, 8]},
			"faces": {
				"north": {"uv": [0, 13, 16, 16], "texture": "#7", "cullface": "up"}
			}
		},
		{
			"from": [0, -3, 0.03],
			"to": [16, 0, 0.03],
			"rotation": {"angle": 0, "axis": "y", "origin": [8, 8, 8]},
			"faces": {
				"south": {"uv": [16, 16, 0, 13], "texture": "#7", "cullface": "down"}
			}
		},
		{
			"from": [0, -3, 15.97],
			"to": [16, 0, 15.97],
			"rotation": {"angle": 0, "axis": "y", "origin": [8, 8, 8]},
			"faces": {
				"north": {"uv": [0, 16, 16, 13], "texture": "#7", "cullface": "down"}
			}
		},
		{
			"from": [15.97, -3, 0],
			"to": [15.97, 0, 16],
			"rotation": {"angle": 0, "axis": "y", "origin": [8, 8, 8]},
			"faces": {
				"west": {"uv": [0, 16, 16, 13], "texture": "#7", "cullface": "down"}
			}
		},
		{
			"from": [0.03, -3, 0],
			"to": [0.03, 0, 16],
			"rotation": {"angle": 0, "axis": "y", "origin": [8, 8, 8]},
			"faces": {
				"east": {"uv": [16, 16, 0, 13], "texture": "#7", "cullface": "down"}
			}
		}
	],
	"display": {
		"thirdperson_righthand": {
			"rotation": [75, 45, 0],
			"translation": [0, 2.5, 0],
			"scale": [0.375, 0.375, 0.375]
		},
		"firstperson_righthand": {
			"rotation": [0, 45, 0],
			"scale": [0.4, 0.4, 0.4]
		},
		"firstperson_lefthand": {
			"rotation": [0, -135, 0],
			"scale": [0.4, 0.4, 0.4]
		},
		"ground": {
			"translation": [0, 3, 0],
			"scale": [0.25, 0.25, 0.25]
		},
		"gui": {
			"rotation": [30, -135, 0],
			"scale": [0.625, 0.625, 0.625]
		},
		"fixed": {
			"scale": [0.5, 0.5, 0.5]
		}
	},
	"groups": [
		0,
		{
			"name": "down",
			"origin": [0, 0, 0],
			"color": 0,
			"shade": false,
			"children": [
				{
					"name": "north",
					"origin": [0, 0, 0],
					"color": 0,
					"shade": false,
					"children": [1, 2, 3]
				},
				{
					"name": "south",
					"origin": [0, 0, 32],
					"color": 0,
					"shade": false,
					"children": [4, 5, 6]
				},
				{
					"name": "west",
					"origin": [8, 0.03, 8],
					"color": 0,
					"shade": false,
					"children": [7, 8, 9]
				},
				{
					"name": "east",
					"origin": [8, 0.03, 8],
					"color": 0,
					"shade": false,
					"children": [10, 11, 12]
				}
			]
		},
		{
			"name": "top",
			"origin": [0, 0, 0],
			"color": 0,
			"shade": false,
			"children": [
				{
					"name": "north",
					"origin": [0, 0, 0],
					"color": 0,
					"shade": false,
					"children": [13, 14, 15]
				},
				{
					"name": "south",
					"origin": [0, 0, 32],
					"color": 0,
					"shade": false,
					"children": [16, 17, 18]
				},
				{
					"name": "west",
					"origin": [8, 0.03, 8],
					"color": 0,
					"shade": false,
					"children": [19, 20, 21]
				},
				{
					"name": "east",
					"origin": [8, 0.03, 8],
					"color": 0,
					"shade": false,
					"children": [22, 23, 24]
				}
			]
		},
		{
			"name": "group",
			"origin": [-2, 0, 0],
			"color": 0,
			"children": [25, 26, 27, 28, 29, 30, 31, 32, 33, 34, 35, 36, 37, 38, 39, 40]
		}
	]
}