{
  "parent": "cittofirmgenerated:item/skyblock/item",
  "textures": {
    "layer0": "cittofirmgenerated:item/adaptive_chestplate",
    "layer1": "cittofirmgenerated:item/adaptive_chestplate"
  },
  "overrides": [
    {
      "predicate": {
        "firmament:lore": "Selected class: Berserk"
      },
      "model": "firmskyblock:item/berserk_adaptive_chestplate"
    },
    {
      "predicate": {
        "firmament:lore": "Selected class: Healer"
      },
      "model": "firmskyblock:item/healer_adaptive_chestplate"
    },
    {
      "predicate": {
        "firmament:lore": "Selected class: Mage"
      },
      "model": "firmskyblock:item/mage_adaptive_chestplate"
    },
    {
      "predicate": {
        "firmament:lore": "Selected class: Tank"
      },
      "model": "firmskyblock:item/tank_adaptive_chestplate"
    },
    {
      "predicate": {
        "firmament:lore": "Selected class: Archer"
      },
      "model": "firmskyblock:item/archer_adaptive_chestplate"
    }
  ]
}