{
  "overrides": [
    {
      "predicate": {
        "firmament:display_name": {
          "regex": ".*Gemstone Gauntlet.*"
        }
      },
      "model": "firmskyblock:item/gemstone_gauntlet_hand"
    },
    {
      "predicate": {
        "firmament:all": [
          {
            "firmament:extra_attributes": {
              "path": "gems.AMBER_0",
              "string": {
                "regex": "ROUGH|FLAWED|FINE|FLAWLESS|PERFECT"
              }
            }
          },
          {
            "firmament:extra_attributes": {
              "path": "gems.AMETHYST_0",
              "string": {
                "regex": "ROUGH|FLAWED|FINE|FLAWLESS|PERFECT"
              }
            }
          },
          {
            "firmament:extra_attributes": {
              "path": "gems.JADE_0",
              "string": {
                "regex": "ROUGH|FLAWED|FINE|FLAWLESS|PERFECT"
              }
            }
          },
          {
            "firmament:extra_attributes": {
              "path": "gems.SAPPHIRE_0",
              "string": {
                "regex": "ROUGH|FLAWED|FINE|FLAWLESS|PERFECT"
              }
            }
          },
          {
            "firmament:extra_attributes": {
              "path": "gems.TOPAZ_0",
              "string": {
                "regex": "ROUGH|FLAWED|FINE|FLAWLESS|PERFECT"
              }
            }
          }
        ]
      },
      "model": "firmskyblock:item/gemstone_gauntlet_full_hand"
    }
  ]
}