{
  "events": [
    {
      "year": 466,
      "items": {
        "coins": 77579784,
        "Griffin Feather": 868,
        "Mythos Fragment": 120,
        "Crown of Greed": 7,
        "Washed-up Souvenir": 24,
        "Shimmering Wool": 0,
        "Shimmering Wool Ls": 0,
        "Manti-core": 0,
        "Manti-core Ls": 0,
        "Chimera": 11,
        "ChimeraLs": 3,
        "Brain Food": 3,
        "Brain Food LS": 2,
        "Fateful Stinger": 0,
        "Fateful Stinger Ls": 0,
        "Braided Griffin Feather": 0,
        "Daedalus Stick": 2,
        "CRETAN_URN": 28,
        "DWARF_TURTLE_SHELMET": 28,
        "ANTIQUE_REMEDIES": 24,
        "CROCHET_TIGER_PLUSHIE": 18,
        "ENCHANTED_ANCIENT_CLAW": 0,
        "ANCIENT_CLAW": 44,
        "MINOS_RELIC": 0,
        "ENCHANTED_GOLD": 30,
        "Hilt of Revelations": 115,
        "Total Burrows": 5650,
        "scavengerCoins": 2380804,
        "fishCoins": 44000,
        "time": 62735635,
        "KING_MINOS_SHARD": 0,
        "SPHINX_SHARD": 15,
        "MINOTAUR_SHARD": 12,
        "CRETAN_BULL_SHARD": 30,
        "HARPY_SHARD": 14,
        "MYTHOLOGICAL_DYE": 0,
        "MYTH_THE_FISH": 0
      },
      "mobs": {
        "King Minos": 13,
        "Manticore": 28,
        "Minos Inquisitor": 92,
        "Sphinx": 87,
        "Minos Champion": 252,
        "Minotaur": 227,
        "Gaia Construct": 404,
        "Harpy": 397,
        "Cretan Bull": 470,
        "Stranded Nymph": 481,
        "Siamese Lynxes": 656,
        "Minos Hunter": 650,
        "TotalMobs": 3757,
        "Minos Inquisitor Ls": 79,
        "King Minos Ls": 22,
        "Manticore Ls": 18,
        "Sphinx Ls": 68
      }
    }
  ]
}