{
  "variants": {
    "": [
      { "model": "minecraft:block/dead_bush", "weight": 200 },
      { "model": "minecraft:block/dead_bush", "y": 90 },
      { "model": "minecraft:block/dead_bush", "y": 180 },
      { "model": "minecraft:block/dead_bush", "y": 270 },
      { "model": "minecraft:block/dead_bush/dead_bush1", "weight": 7 },
      { "model": "minecraft:block/dead_bush/dead_bush1", "y": 90, "weight": 4 },
      { "model": "minecraft:block/dead_bush/dead_bush1", "y": 180, "weight": 4 },
      { "model": "minecraft:block/dead_bush/dead_bush1", "y": 270, "weight": 4 },
      { "model": "minecraft:block/dead_bush2", "weight": 10 },
      { "model": "minecraft:block/dead_bush2", "y": 90, "weight": 10 },
      { "model": "minecraft:block/dead_bush2", "y": 180, "weight": 10 },
      { "model": "minecraft:block/dead_bush2", "y": 270, "weight": 10},
      { "model": "minecraft:block/dead_bush3", "weight": 7 },
      { "model": "minecraft:block/dead_bush3", "y": 90, "weight": 10 },
      { "model": "minecraft:block/dead_bush3", "y": 180, "weight": 10 },
      { "model": "minecraft:block/dead_bush3", "y": 270, "weight": 10 },
      { "model": "minecraft:block/dead_bush4", "weight": 10 },
      { "model": "minecraft:block/dead_bush4", "y": 90, "weight": 10 },
      { "model": "minecraft:block/dead_bush4", "y": 180, "weight": 10 },
      { "model": "minecraft:block/dead_bush4", "y": 270, "weight": 10 },
      { "model": "block/dead_bush/dead_bush5", "weight": 1 },
      { "model": "block/dead_bush/dead_bush5", "y": 90, "weight": 1 },
      { "model": "block/dead_bush/dead_bush5", "y": 180, "weight": 1 },
      { "model": "block/dead_bush/dead_bush5", "y": 270, "weight": 1 },
      { "model": "block/dead_bush/dead_bush6", "weight": 1 },
      { "model": "block/dead_bush/dead_bush6", "y": 90, "weight": 1 },
      { "model": "block/dead_bush/dead_bush6", "y": 180, "weight": 1 },
      { "model": "block/dead_bush/dead_bush6", "y": 270, "weight": 1 },
      { "model": "block/dead_bush/dead_bush7", "weight": 1 },
      { "model": "block/dead_bush/dead_bush7", "y": 90, "weight": 1 },
      { "model": "block/dead_bush/dead_bush7", "y": 180, "weight": 1 },
      { "model": "block/dead_bush/dead_bush7", "y": 270, "weight": 1 },
      { "model": "block/dead_bush/dead_bush8", "weight": 1 },
      { "model": "block/dead_bush/dead_bush8", "y": 90, "weight": 1 },
      { "model": "block/dead_bush/dead_bush8", "y": 180, "weight": 1 },
      { "model": "block/dead_bush/dead_bush8", "y": 270, "weight": 1 },
      { "model": "block/dead_bush/dead_bush9", "weight": 1 },
      { "model": "block/dead_bush/dead_bush9", "y": 90, "weight": 1 },
      { "model": "block/dead_bush/dead_bush9", "y": 180, "weight": 1 },
      { "model": "block/dead_bush/dead_bush9", "y": 270, "weight": 1 },
      { "model": "block/dead_bush/dead_bush10", "weight": 1 },
      { "model": "block/dead_bush/dead_bush10", "y": 90, "weight": 1 },
      { "model": "block/dead_bush/dead_bush10", "y": 180, "weight": 1 },
      { "model": "block/dead_bush/dead_bush10", "y": 270, "weight": 1 },
      { "model": "block/dead_bush/dead_bush11", "weight": 1 },
      { "model": "block/dead_bush/dead_bush11", "y": 90, "weight": 1 },
      { "model": "block/dead_bush/dead_bush11", "y": 180, "weight": 1 },
      { "model": "block/dead_bush/dead_bush11", "y": 270, "weight": 1 },
      { "model": "block/dead_bush/dead_bush12", "weight": 1 },
      { "model": "block/dead_bush/dead_bush12", "y": 90, "weight": 1 },
      { "model": "block/dead_bush/dead_bush12", "y": 180, "weight": 1 },
      { "model": "block/dead_bush/dead_bush12", "y": 270, "weight": 1 },
      { "model": "block/dead_bush/dead_bush13", "weight": 1 },
      { "model": "block/dead_bush/dead_bush13", "y": 90, "weight": 1 },
      { "model": "block/dead_bush/dead_bush13", "y": 180, "weight": 1 },
      { "model": "block/dead_bush/dead_bush13", "y": 270, "weight": 1 },
      { "model": "block/dead_bush/dead_bush14", "weight": 2 },
      { "model": "block/dead_bush/dead_bush14", "y": 90, "weight": 2 },
      { "model": "block/dead_bush/dead_bush14", "y": 180, "weight": 2 },
      { "model": "block/dead_bush/dead_bush14", "y": 270, "weight": 2 },
      { "model": "block/dead_bush/dead_bush15", "weight": 4 },
      { "model": "block/dead_bush/dead_bush15", "y": 90, "weight": 4 },
      { "model": "block/dead_bush/dead_bush15", "y": 180, "weight": 4 },
      { "model": "block/dead_bush/dead_bush15", "y": 270, "weight": 4},
      { "model": "block/dead_bush/dead_bush16", "weight": 4 },
      { "model": "block/dead_bush/dead_bush16", "y": 90, "weight": 4 },
      { "model": "block/dead_bush/dead_bush16", "y": 180, "weight": 4 },
      { "model": "block/dead_bush/dead_bush16", "y": 270, "weight": 4 },
      { "model": "block/dead_bush/dead_bush17", "weight": 10 },
      { "model": "block/dead_bush/dead_bush17", "y": 90, "weight": 10 },
      { "model": "block/dead_bush/dead_bush17", "y": 180, "weight": 10 },
      { "model": "block/dead_bush/dead_bush17", "y": 270, "weight": 10 }
    ]
  }
}