{
	"credit": "Made with Blockbench",
	"texture_size": [32, 32],
	"textures": {
		"2": "block/dead_bush",
		"particle": "block/dead_bush"
	},
	"elements": [
		{
			"name": "LogPart",
			"from": [0, -0.6, 7],
			"to": [18, 13.4, 7],
			"shade": false,
			"rotation": {"angle": -45, "axis": "y", "origin": [8, 0.7, 7]},
			"faces": {
				"north": {"uv": [1.5, 8.5, 10.5, 15.5], "texture": "#2"},
				"east": {"uv": [0, 0, 0, 5], "texture": "#2"},
				"south": {"uv": [10.5, 8.5, 1.5, 15.5], "texture": "#2"},
				"west": {"uv": [0, 0, 0, 5], "texture": "#2"},
				"up": {"uv": [6, 0, 0, 0], "texture": "#2"},
				"down": {"uv": [6, 0, 0, 0], "texture": "#2"}
			}
		},
		{
			"name": "LogPart",
			"from": [1, 2.7, 0],
			"to": [14, 2.7, 14],
			"shade": false,
			"rotation": {"angle": 0, "axis": "z", "origin": [8, -0.3, 8]},
			"faces": {
				"north": {"uv": [0, 0, 0, 5], "rotation": 90, "texture": "#2"},
				"east": {"uv": [6, 0, 0, 0], "rotation": 180, "texture": "#2"},
				"south": {"uv": [0, 0, 0, 5], "rotation": 270, "texture": "#2"},
				"west": {"uv": [6, 0, 0, 0], "texture": "#2"},
				"up": {"uv": [3, 8, 10, 14.5], "rotation": 270, "texture": "#2"},
				"down": {"uv": [10.5, 8, 1.5, 15.5], "rotation": 270, "texture": "#2"}
			}
		},
		{
			"name": "LogPart",
			"from": [8, -0.6, -2],
			"to": [8, 13.4, 13],
			"shade": false,
			"rotation": {"angle": -45, "axis": "y", "origin": [8, 0.7, 7]},
			"faces": {
				"north": {"uv": [0, 0, 0, 5], "texture": "#2"},
				"east": {"uv": [3, 8, 10.5, 16], "texture": "#2"},
				"south": {"uv": [0, 0, 0, 5], "texture": "#2"},
				"west": {"uv": [10.5, 8, 3, 15], "texture": "#2"},
				"up": {"uv": [6, 0, 0, 0], "rotation": 90, "texture": "#2"},
				"down": {"uv": [6, 0, 0, 0], "rotation": 270, "texture": "#2"}
			}
		},
		{
			"name": "LogPart",
			"from": [8, 2.7, 1],
			"to": [8, 7.7, 16],
			"shade": false,
			"rotation": {"angle": 0, "axis": "y", "origin": [8, 7.2, 7]},
			"faces": {
				"north": {"uv": [0, 0, 0, 5], "texture": "#2"},
				"east": {"uv": [1.5, 10, 9, 12.5], "texture": "#2"},
				"south": {"uv": [0, 0, 0, 5], "texture": "#2"},
				"west": {"uv": [9.5, 10, 2, 12.5], "texture": "#2"},
				"up": {"uv": [6, 0, 0, 0], "rotation": 270, "texture": "#2"},
				"down": {"uv": [6, 0, 0, 0], "rotation": 90, "texture": "#2"}
			}
		},
		{
			"name": "LogPart",
			"from": [0, 1.7, 7],
			"to": [14, 5.7, 7],
			"shade": false,
			"rotation": {"angle": 0, "axis": "y", "origin": [8, 7.2, 7]},
			"faces": {
				"north": {"uv": [2, 10.5, 9, 12.5], "texture": "#2"},
				"east": {"uv": [0, 0, 0, 5], "texture": "#2"},
				"south": {"uv": [9, 10.5, 2, 12.5], "texture": "#2"},
				"west": {"uv": [0, 0, 0, 5], "texture": "#2"},
				"up": {"uv": [6, 0, 0, 0], "texture": "#2"},
				"down": {"uv": [6, 0, 0, 0], "texture": "#2"}
			}
		},
		{
			"from": [5, 0.4, 4.5],
			"to": [11, 0.4, 9.5],
			"shade": false,
			"rotation": {"angle": 0, "axis": "y", "origin": [8.5, 0.4, 7]},
			"faces": {
				"north": {"uv": [0, 0, 2, 0], "texture": "#2"},
				"east": {"uv": [0, 0, 2, 0], "texture": "#2"},
				"south": {"uv": [0, 0, 2, 0], "texture": "#2"},
				"west": {"uv": [0, 0, 2, 0], "texture": "#2"},
				"up": {"uv": [11.5, 5.5, 14.5, 8], "texture": "#2"},
				"down": {"uv": [0, 0, 2, 2], "texture": "#2"}
			}
		}
	],
	"gui_light": "front",
	"display": {
		"thirdperson_righthand": {
			"rotation": [0, 45, 0],
			"translation": [0, 4.25, 2],
			"scale": [0.55, 0.55, 0.55]
		},
		"thirdperson_lefthand": {
			"rotation": [0, 45, 0],
			"translation": [0, 4.5, 2.25],
			"scale": [0.55, 0.55, 0.55]
		},
		"firstperson_righthand": {
			"rotation": [0, -157, 0],
			"translation": [0, 3.75, 0],
			"scale": [0.45, 0.45, 0.45]
		},
		"firstperson_lefthand": {
			"rotation": [0, -146, 0],
			"translation": [0, 3.75, 0],
			"scale": [0.45, 0.45, 0.45]
		},
		"ground": {
			"translation": [0, 3, 0],
			"scale": [0.35, 0.35, 0.35]
		},
		"gui": {
			"rotation": [30, 90, 0],
			"translation": [0, 1.25, 0],
			"scale": [0.9, 0.9, 0.9]
		},
		"head": {
			"rotation": [0, -90, 0],
			"translation": [0, 14, 0]
		},
		"fixed": {
			"rotation": [-15, -137, 0],
			"translation": [0.5, 1.25, -1.75]
		}
	},
	"groups": [
		{
			"name": "Log",
			"origin": [8, 8, 8],
			"color": 0,
			"children": [0, 1, 2, 3, 4]
		},
		{
			"name": "Leaves",
			"origin": [8, 8, 8],
			"color": 0,
			"children": []
		},
		5
	]
}