{
	"format_version": "1.21.11",
	"credit": "Made with Blockbench",
	"textures": {
		"0": "block/soul_lantern",
		"1": "block/soul_lantern/shine",
		"2": "block/soul_lantern_inner",
		"particle": "block/soul_lantern"
	},
	"elements": [
		{
			"from": [5, 0, 5],
			"to": [11, 1, 11],
			"faces": {
				"north": {"uv": [0, 6, 6, 7], "texture": "#0"},
				"east": {"uv": [0, 6, 6, 7], "texture": "#0"},
				"south": {"uv": [0, 6, 6, 7], "texture": "#0"},
				"west": {"uv": [0, 6, 6, 7], "texture": "#0"},
				"up": {"uv": [0, 7, 6, 13], "texture": "#2"},
				"down": {"uv": [10, 6, 16, 12], "texture": "#0"}
			}
		},
		{
			"name": "side",
			"from": [5, 1, 5],
			"to": [5, 6, 11],
			"faces": {
				"east": {"uv": [0, 1, 6, 6], "texture": "#2"},
				"west": {"uv": [0, 1, 6, 6], "texture": "#0"}
			}
		},
		{
			"name": "side",
			"from": [5, 1, 11],
			"to": [11, 6, 11],
			"faces": {
				"north": {"uv": [0, 1, 6, 6], "texture": "#2"},
				"south": {"uv": [0, 1, 6, 6], "texture": "#0"}
			}
		},
		{
			"name": "side",
			"from": [11, 1, 5],
			"to": [11, 6, 11],
			"rotation": {"angle": 0, "axis": "y", "origin": [8, 0, 8]},
			"faces": {
				"east": {"uv": [0, 1, 6, 6], "texture": "#0"},
				"west": {"uv": [0, 1, 6, 6], "texture": "#2"}
			}
		},
		{
			"name": "side",
			"from": [5, 1, 5],
			"to": [11, 6, 5],
			"rotation": {"angle": 0, "axis": "y", "origin": [8, 0, 8]},
			"faces": {
				"north": {"uv": [0, 1, 6, 6], "texture": "#0"},
				"south": {"uv": [0, 1, 6, 6], "texture": "#2"}
			}
		},
		{
			"from": [5, 6, 5],
			"to": [11, 7, 11],
			"faces": {
				"north": {"uv": [0, 0, 6, 1], "texture": "#0"},
				"east": {"uv": [0, 0, 6, 1], "texture": "#0"},
				"south": {"uv": [0, 0, 6, 1], "texture": "#0"},
				"west": {"uv": [0, 0, 6, 1], "texture": "#0"},
				"up": {"uv": [6, 0, 12, 6], "texture": "#0"},
				"down": {"uv": [6, 0, 12, 6], "texture": "#2"}
			}
		},
		{
			"from": [6, 7, 6],
			"to": [10, 9, 10],
			"faces": {
				"north": {"uv": [16, 0, 12, 2], "texture": "#0"},
				"east": {"uv": [12, 0, 16, 2], "texture": "#0"},
				"south": {"uv": [16, 0, 12, 2], "texture": "#0"},
				"west": {"uv": [12, 0, 16, 2], "texture": "#0"},
				"up": {"uv": [12, 2, 16, 6], "texture": "#0"}
			}
		},
		{
			"from": [6, 9, 8],
			"to": [10, 12, 8],
			"rotation": {"angle": 0, "axis": "y", "origin": [8, 9, 8]},
			"faces": {
				"north": {"uv": [16, 15, 12, 12], "texture": "#0"},
				"south": {"uv": [12, 15, 16, 12], "texture": "#0"}
			}
		},
		{
			"name": "outer_up",
			"from": [10, 8, 7],
			"to": [13, 8, 9],
			"rotation": {"angle": 45, "axis": "z", "origin": [10, 8, 8]},
			"faces": {
				"down": {"uv": [0, 2, 3, 4], "rotation": 180, "texture": "#1"}
			}
		},
		{
			"name": "outer_up",
			"from": [7, 8, 10],
			"to": [9, 8, 13],
			"rotation": {"angle": -45, "axis": "x", "origin": [8, 8, 10]},
			"faces": {
				"down": {"uv": [0, 2, 3, 4], "rotation": 90, "texture": "#1"}
			}
		},
		{
			"name": "outer_up",
			"from": [7, 8, 3],
			"to": [9, 8, 6],
			"rotation": {"angle": 45, "axis": "x", "origin": [8, 8, 6]},
			"faces": {
				"down": {"uv": [0, 2, 3, 4], "rotation": 270, "texture": "#1"}
			}
		},
		{
			"name": "outer_up",
			"from": [3, 8, 7],
			"to": [6, 8, 9],
			"rotation": {"angle": -45, "axis": "z", "origin": [6, 8, 8]},
			"faces": {
				"down": {"uv": [0, 2, 3, 4], "texture": "#1"}
			}
		},
		{
			"name": "side",
			"from": [2, 1, 6],
			"to": [5, 6, 6],
			"rotation": {"angle": -22.5, "axis": "y", "origin": [5, 3.5, 6]},
			"faces": {
				"south": {"uv": [0, 0, 3, 5], "texture": "#1"}
			}
		},
		{
			"name": "side",
			"from": [2, 1, 10],
			"to": [5, 6, 10],
			"rotation": {"angle": 22.5, "axis": "y", "origin": [5, 3.5, 10]},
			"faces": {
				"north": {"uv": [3, 0, 0, 5], "texture": "#1"}
			}
		},
		{
			"name": "down",
			"from": [2, 1, 6],
			"to": [5, 1, 10],
			"rotation": {"angle": 22.5, "axis": "z", "origin": [5, 1, 8]},
			"faces": {
				"up": {"uv": [0, 1, 3, 5], "texture": "#1"}
			}
		},
		{
			"name": "up",
			"from": [2, 6, 6],
			"to": [5, 6, 10],
			"rotation": {"angle": -22.5, "axis": "z", "origin": [5, 6, 8]},
			"faces": {
				"down": {"uv": [0, 1, 3, 5], "texture": "#1"}
			}
		},
		{
			"name": "outer_side",
			"from": [10, 1, 2],
			"to": [10, 6, 5],
			"rotation": {"angle": -22.5, "axis": "y", "origin": [10, 3.5, 5]},
			"faces": {
				"west": {"uv": [0, 0, 3, 5], "texture": "#1"}
			}
		},
		{
			"name": "outer_side",
			"from": [6, 1, 2],
			"to": [10, 1, 5],
			"rotation": {"angle": -22.5, "axis": "x", "origin": [8, 1, 5]},
			"faces": {
				"up": {"uv": [0, 1, 3, 5], "rotation": 90, "texture": "#1"}
			}
		},
		{
			"name": "outer_up",
			"from": [6, 6, 2],
			"to": [10, 6, 5],
			"rotation": {"angle": 22.5, "axis": "x", "origin": [8, 6, 5]},
			"faces": {
				"down": {"uv": [0, 1, 3, 5], "rotation": 270, "texture": "#1"}
			}
		},
		{
			"name": "outer_down",
			"from": [6, 1, 2],
			"to": [6, 6, 5],
			"rotation": {"angle": 22.5, "axis": "y", "origin": [6, 3.5, 5]},
			"faces": {
				"east": {"uv": [3, 0, 0, 5], "texture": "#1"}
			}
		},
		{
			"name": "outer_side",
			"from": [11, 1, 10],
			"to": [14, 6, 10],
			"rotation": {"angle": -22.5, "axis": "y", "origin": [11, 3.5, 10]},
			"faces": {
				"north": {"uv": [0, 0, 3, 5], "texture": "#1"}
			}
		},
		{
			"name": "outer_side",
			"from": [11, 1, 6],
			"to": [14, 1, 10],
			"rotation": {"angle": -22.5, "axis": "z", "origin": [11, 1, 8]},
			"faces": {
				"up": {"uv": [0, 1, 3, 5], "rotation": 180, "texture": "#1"}
			}
		},
		{
			"name": "outer_up",
			"from": [11, 6, 6],
			"to": [14, 6, 10],
			"rotation": {"angle": 22.5, "axis": "z", "origin": [11, 6, 8]},
			"faces": {
				"down": {"uv": [0, 1, 3, 5], "rotation": 180, "texture": "#1"}
			}
		},
		{
			"name": "outer_down",
			"from": [11, 1, 6],
			"to": [14, 6, 6],
			"rotation": {"angle": 22.5, "axis": "y", "origin": [11, 3.5, 6]},
			"faces": {
				"south": {"uv": [3, 0, 0, 5], "texture": "#1"}
			}
		},
		{
			"name": "outer_side",
			"from": [6, 1, 11],
			"to": [6, 6, 14],
			"rotation": {"angle": -22.5, "axis": "y", "origin": [6, 3.5, 11]},
			"faces": {
				"east": {"uv": [0, 0, 3, 5], "texture": "#1"}
			}
		},
		{
			"name": "outer_side",
			"from": [6, 1, 11],
			"to": [10, 1, 14],
			"rotation": {"angle": 22.5, "axis": "x", "origin": [8, 1, 11]},
			"faces": {
				"up": {"uv": [0, 1, 3, 5], "rotation": 270, "texture": "#1"}
			}
		},
		{
			"name": "outer_up",
			"from": [6, 6, 11],
			"to": [10, 6, 14],
			"rotation": {"angle": -22.5, "axis": "x", "origin": [8, 6, 11]},
			"faces": {
				"down": {"uv": [0, 1, 3, 5], "rotation": 90, "texture": "#1"}
			}
		},
		{
			"name": "outer_down",
			"from": [10, 1, 11],
			"to": [10, 6, 14],
			"rotation": {"angle": 22.5, "axis": "y", "origin": [10, 3.5, 11]},
			"faces": {
				"west": {"uv": [3, 0, 0, 5], "texture": "#1"}
			}
		},
		{
			"from": [6.5, 1, 6.5],
			"to": [9.5, 3, 9.5],
			"rotation": {"angle": -22.5, "axis": "y", "origin": [8, 2.6875, 8]},
			"faces": {
				"north": {"uv": [6, 12, 9, 14], "texture": "#0"},
				"east": {"uv": [9, 12, 12, 14], "texture": "#0"},
				"south": {"uv": [6, 14, 9, 16], "texture": "#0"},
				"west": {"uv": [9, 14, 12, 16], "texture": "#0"},
				"up": {"uv": [3, 13, 6, 16], "texture": "#0"}
			}
		},
		{
			"from": [7.25, 3, 8],
			"to": [8.75, 5, 8],
			"rotation": {"angle": 0, "axis": "y", "origin": [8, 4, 8]},
			"faces": {
				"north": {"uv": [6, 8, 9, 12], "texture": "#0"},
				"south": {"uv": [9, 8, 6, 12], "texture": "#0"}
			}
		}
	],
	"display": {
		"thirdperson_righthand": {
			"rotation": [67.5, -22.5, 0],
			"translation": [0, -1.75, -1.75],
			"scale": [0.7, 0.7, 0.7]
		},
		"thirdperson_lefthand": {
			"rotation": [67.5, -22.5, 0],
			"translation": [0, -1.75, -1.75],
			"scale": [0.7, 0.7, 0.7]
		},
		"ground": {
			"translation": [0, 4.25, 0],
			"scale": [0.7, 0.7, 0.7]
		},
		"head": {
			"translation": [0, 14, 0]
		}
	},
	"groups": [
		{
			"name": "frame",
			"origin": [0, 0, 0],
			"color": 0,
			"children": [0, 1, 2, 3, 4, 5, 6, 7]
		},
		{
			"name": "light",
			"origin": [8, 8, 8],
			"color": 0,
			"children": [
				{
					"name": "top_outer",
					"origin": [8, 8, 10],
					"color": 0,
					"children": [8, 9, 10, 11]
				},
				{
					"name": "outer",
					"origin": [0, 0, 0],
					"color": 0,
					"children": [12, 13, 14, 15]
				},
				{
					"name": "outer",
					"origin": [0, 0, 0],
					"color": 0,
					"children": [16, 17, 18, 19]
				},
				{
					"name": "outer",
					"origin": [0, 0, 0],
					"color": 0,
					"children": [20, 21, 22, 23]
				},
				{
					"name": "outer",
					"origin": [0, 0, 0],
					"color": 0,
					"children": [24, 25, 26, 27]
				}
			]
		},
		{
			"name": "candle",
			"origin": [8, 8, 8],
			"color": 0,
			"children": [28, 29]
		}
	]
}