{
  "targets": ["minecraft:lava"],
  "particle_emitters": [
     {
       "particle": "drksc_s_fluids:lava_glow",
       "chance": "0.3",
       "x": "0",
       "y": "0.51",
       "z": "0",
       "dx": "0.2 * (rand() - 0.5)",
       "dy": "0",
       "dz": "0.2 * (rand() - 0.5)",
        "state_predicate": {
          "predicate_type": "blockstate_match",
          "block_state": {
            "Name": "minecraft:lava",
            "Properties": {
              "level": "0"
            }
          }
        }
     },
     {
       "particle": "drksc_s_particles:warm_glow",
       "chance": "0.04",
       "x": "0 + 0.2 * (rand()-0.5)",
       "y": "0 + 0.2 * (rand()-0.5)",
       "z": "0 + 0.2 * (rand()-0.5)",
       "dx": "0 + 0.1 * (rand()-0.5)",
       "dy": "0 + 0.1 * (rand()-0.5)",
       "dz": "0 + 0.1 * (rand()-0.5)"
     }
  ]
}