{
  "parent": "builtin/generated",
  "display": {
    "thirdperson_righthand": {
      "rotation": [
        270,
        270,
        0
      ],
      "translation": [
        2,
        -1.5,
        1
      ],
      "scale": [
        0.55,
        0.55,
        0.55
      ]
    },
    "thirdperson_lefthand": {
      "rotation": [
        270,
        90,
        0
      ],
      "translation": [
        2,
        -1.5,
        1
      ],
      "scale": [
        0.55,
        0.55,
        0.55
      ]
    },
    "firstperson_righthand": {
      "rotation": [
        0,
        -90.0,
        75
      ],
      "translation": [
        0,
        4,
        1
      ],
      "scale": [
        0.68,
        0.68,
        0.68
      ]
    },
    "firstperson_lefthand": {
      "rotation": [
        0,
        90.0,
        -75
      ],
      "translation": [
        0,
        4,
        1
      ],
      "scale": [
        0.68,
        0.68,
        0.68
      ]
    }
  }
}