{
  "variants": {
    "facing=east,lit=false": {
      "model": "drksc_s_functional_blocks:block/blast_furnace",
      "y": 90
    },
    "facing=east,lit=true": {
      "model": "minedrksc_s_functional_blockscraft:block/blast_furnace_on",
      "y": 90
    },
    "facing=north,lit=false": {
      "model": "drksc_s_functional_blocks:block/blast_furnace"
    },
    "facing=north,lit=true": {
      "model": "drksc_s_functional_blocks:block/blast_furnace_on"
    },
    "facing=south,lit=false": {
      "model": "drksc_s_functional_blocks:block/blast_furnace",
      "y": 180
    },
    "facing=south,lit=true": {
      "model": "drksc_s_functional_blocks:block/blast_furnace_on",
      "y": 180
    },
    "facing=west,lit=false": {
      "model": "drksc_s_functional_blocks:block/blast_furnace",
      "y": 270
    },
    "facing=west,lit=true": {
      "model": "drksc_s_functional_blocks:block/blast_furnace_on",
      "y": 270
    }
  }
}