{
  "variants": {
    "facing=east,mode=compare,powered=false": {
      "model": "minecraft:block/comparator/comparator",
      "y": 270
    },
    "facing=east,mode=compare,powered=true": {
      "model": "minecraft:block/comparator/comparator_on",
      "y": 270
    },
    "facing=east,mode=subtract,powered=false": {
      "model": "minecraft:block/comparator/comparator_subtract",
      "y": 270
    },
    "facing=east,mode=subtract,powered=true": {
      "model": "minecraft:block/comparator/comparator_on_subtract",
      "y": 270
    },
    "facing=north,mode=compare,powered=false": {
      "model": "minecraft:block/comparator/comparator",
      "y": 180
    },
    "facing=north,mode=compare,powered=true": {
      "model": "minecraft:block/comparator/comparator_on",
      "y": 180
    },
    "facing=north,mode=subtract,powered=false": {
      "model": "minecraft:block/comparator/comparator_subtract",
      "y": 180
    },
    "facing=north,mode=subtract,powered=true": {
      "model": "minecraft:block/comparator/comparator_on_subtract",
      "y": 180
    },
    "facing=south,mode=compare,powered=false": {
      "model": "minecraft:block/comparator/comparator"
    },
    "facing=south,mode=compare,powered=true": {
      "model": "minecraft:block/comparator/comparator_on"
    },
    "facing=south,mode=subtract,powered=false": {
      "model": "minecraft:block/comparator/comparator_subtract"
    },
    "facing=south,mode=subtract,powered=true": {
      "model": "minecraft:block/comparator/comparator_on_subtract"
    },
    "facing=west,mode=compare,powered=false": {
      "model": "minecraft:block/comparator/comparator",
      "y": 90
    },
    "facing=west,mode=compare,powered=true": {
      "model": "minecraft:block/comparator/comparator_on",
      "y": 90
    },
    "facing=west,mode=subtract,powered=false": {
      "model": "minecraft:block/comparator/comparator_subtract",
      "y": 90
    },
    "facing=west,mode=subtract,powered=true": {
      "model": "minecraft:block/comparator/comparator_on_subtract",
      "y": 90
    }
  }
}