{
  "variants": {
    "facing=east": [
      {
        "model": "minecraft:block/copper_wall_torch",
        "weight": 1
      },
      {
        "model": "minecraft:block/exposed_copper_wall_torch",
        "weight": 1
      },
      {
        "model": "minecraft:block/weathered_copper_wall_torch",
        "weight": 1
      },
      {
        "model": "minecraft:block/oxidized_copper_wall_torch",
        "weight": 1
      }
    ],
    "facing=north": [
      {
        "model": "minecraft:block/copper_wall_torch",
        "y": 270,
        "weight": 1
      },
      {
        "model": "minecraft:block/exposed_copper_wall_torch",
        "y": 270,
        "weight": 1
      },
      {
        "model": "minecraft:block/weathered_copper_wall_torch",
        "y": 270,
        "weight": 1
      },
      {
        "model": "minecraft:block/oxidized_copper_wall_torch",
        "y": 270,
        "weight": 1
      }
    ],
    "facing=south": [
      {
        "model": "minecraft:block/copper_wall_torch",
        "y": 90,
        "weight": 1
      },
      {
        "model": "minecraft:block/exposed_copper_wall_torch",
        "y": 90,
        "weight": 1
      },
      {
        "model": "minecraft:block/weathered_copper_wall_torch",
        "y": 90,
        "weight": 1
      },
      {
        "model": "minecraft:block/oxidized_copper_wall_torch",
        "y": 90,
        "weight": 1
      }
    ],
    "facing=west": [
      {
        "model": "minecraft:block/copper_wall_torch",
        "y": 180,
        "weight": 1
      },
      {
        "model": "minecraft:block/exposed_copper_wall_torch",
        "y": 180,
        "weight": 1
      },
      {
        "model": "minecraft:block/weathered_copper_wall_torch",
        "y": 180,
        "weight": 1
      },
      {
        "model": "minecraft:block/oxidized_copper_wall_torch",
        "y": 180,
        "weight": 1
      }
    ]
  }
}