{
  "variants": {
    "facing=north": [
      {
        "model": "minecraft:block/jack_o_lantern_alt1"
      },
      {
        "model": "minecraft:block/jack_o_lantern_alt0"
      },
      {
        "model": "minecraft:block/jack_o_lantern"
      }
    ],
    "facing=south": [
      {
        "model": "minecraft:block/jack_o_lantern_alt1",
        "y": 180
      },
      {
        "model": "minecraft:block/jack_o_lantern_alt0",
        "y": 180
      },
      {
        "model": "minecraft:block/jack_o_lantern",
        "y": 180
      }
    ],
    "facing=east": [
      {
        "model": "minecraft:block/jack_o_lantern_alt1",
        "y": 90
      },
      {
        "model": "minecraft:block/jack_o_lantern_alt0",
        "y": 90
      },
      {
        "model": "minecraft:block/jack_o_lantern",
        "y": 90
      }
    ],
    "facing=west": [
      {
        "model": "minecraft:block/jack_o_lantern_alt1",
        "y": 270
      },
      {
        "model": "minecraft:block/jack_o_lantern_alt0",
        "y": 270
      },
      {
        "model": "minecraft:block/jack_o_lantern",
        "y": 270
      }
    ]
  }
}