{
	"format_version": "1.21.6",
	"credit": "Made with Blockbench",
	"textures": {
		"0": "block/torch_side",
		"1": "block/torch_fire/torch_fire",
		"2": "block/torch_light/shimmer_torch",
		"particle": "block/torch_side"
	},
	"elements": [
		{
			"name": "bottom",
			"from": [7, 0, 7],
			"to": [9, 8, 9],
			"rotation": {"angle": -45, "axis": "y", "origin": [8, 6.75, 8]},
			"faces": {
				"north": {"uv": [0, 3, 2, 11], "texture": "#0"},
				"east": {"uv": [2, 3, 4, 11], "texture": "#0"},
				"south": {"uv": [4, 3, 6, 11], "texture": "#0"},
				"west": {"uv": [6, 3, 8, 11], "texture": "#0"},
				"up": {"uv": [12, 4, 10, 2], "texture": "#0"},
				"down": {"uv": [10, 2, 8, 4], "texture": "#0", "cullface": "down"}
			}
		},
		{
			"name": "top",
			"from": [7, 8, 7],
			"to": [9, 11, 9],
			"shade": false,
			"light_emission": 15,
			"rotation": {"angle": 0, "axis": "y", "origin": [8, 6.75, 8]},
			"faces": {
				"north": {"uv": [2, 0, 4, 3], "texture": "#0"},
				"east": {"uv": [4, 0, 6, 3], "texture": "#0"},
				"south": {"uv": [6, 0, 8, 3], "texture": "#0"},
				"west": {"uv": [0, 0, 2, 3], "texture": "#0"},
				"up": {"uv": [10, 2, 8, 0], "rotation": 270, "texture": "#0"},
				"down": {"uv": [14, 2, 12, 4], "rotation": 90, "texture": "#0"}
			}
		},
		{
			"from": [5.5, 10.55, 8],
			"to": [10.5, 10.55, 16],
			"shade": false,
			"light_emission": 15,
			"rotation": {"angle": -22.5, "axis": "x", "origin": [8, 10.55, 9.5]},
			"faces": {
				"up": {"uv": [0, 0, 10, 16], "rotation": 180, "texture": "#1"},
				"down": {"uv": [0, 0, 10, 16], "texture": "#1"}
			}
		},
		{
			"from": [8, 3, 0],
			"to": [8, 19, 16],
			"shade": false,
			"rotation": {"angle": 0, "axis": "x", "origin": [8, 11, 8]},
			"faces": {
				"east": {"uv": [0, 0, 16, 16], "rotation": 270, "texture": "#2"},
				"west": {"uv": [0, 0, 16, 16], "rotation": 270, "texture": "#2"}
			}
		}
	],
	"gui_light": "front",
	"display": {
		"thirdperson_righthand": {
			"rotation": [12, 12, 17],
			"translation": [-2, 3.5, 1.5],
			"scale": [0.8, 0.8, 0.8]
		},
		"thirdperson_lefthand": {
			"rotation": [12, 12, 17],
			"translation": [-2, 3.5, 1.5],
			"scale": [0.8, 0.8, 0.8]
		},
		"ground": {
			"rotation": [-67, 0, 0],
			"translation": [0, 0.25, -2.25],
			"scale": [0.7, 0.7, 0.7]
		},
		"head": {
			"rotation": [58, -180, 0],
			"translation": [-6.5, 4.5, 2]
		},
		"fixed": {
			"rotation": [0, -180, 0]
		}
	},
	"groups": [
		{
			"name": "stick",
			"origin": [7, 0, 8],
			"color": 0,
			"children": [0, 1]
		},
		{
			"name": "fire",
			"origin": [6, 7, 7.5],
			"color": 0,
			"shade": false,
			"children": [2]
		},
		3
	]
}