{
    "format_version": "1.21.11",
    "credit": "Made with Blockbench",
    "parent": "minecraft:block/cross",
    "textures": {
        "3": "block/dead_bush",
        "5": "block/dead_bush_overgrowth/red_sand",
        "6": "block/dead_bush_overgrowth/sand",
        "7": "block/dead_bush_overgrowth/black_sand",
        "particle": "block/dead_bush"
    },
    "elements": [
        {
            "from": [2, 0, 2],
            "to": [14, 1, 14],
            "rotation": {"angle": 0, "axis": "y", "origin": [6, 0, 8]},
            "faces": {
                "north": {"uv": [0, 0, 12, 1], "texture": "#6"},
                "east": {"uv": [0, 0, 12, 1], "texture": "#6"},
                "south": {"uv": [0, 0, 12, 1], "texture": "#6"},
                "west": {"uv": [0, 0, 12, 1], "texture": "#6"},
                "up": {"uv": [0, 0, 12, 12], "texture": "#6"},
                "down": {"uv": [0, 0, 12, 12], "texture": "#6"}
            }
        },
        {
            "from": [1, -0.5, 3],
            "to": [2, 0.5, 13],
            "rotation": {"angle": 0, "axis": "y", "origin": [5, -0.5, 9]},
            "faces": {
                "north": {"uv": [0, 0, 1, 1], "texture": "#6"},
                "east": {"uv": [0, 0, 10, 1], "texture": "#6"},
                "south": {"uv": [0, 0, 1, 1], "texture": "#6"},
                "west": {"uv": [0, 0, 10, 1], "texture": "#6"},
                "up": {"uv": [0, 0, 1, 10], "texture": "#6"},
                "down": {"uv": [0, 0, 1, 10], "texture": "#6"}
            }
        },
        {
            "from": [14, -0.5, 3],
            "to": [15, 0.5, 13],
            "rotation": {"angle": 0, "axis": "y", "origin": [18, -0.5, 9]},
            "faces": {
                "north": {"uv": [0, 0, 1, 1], "texture": "#6"},
                "east": {"uv": [0, 0, 10, 1], "texture": "#6"},
                "south": {"uv": [0, 0, 1, 1], "texture": "#6"},
                "west": {"uv": [0, 0, 10, 1], "texture": "#6"},
                "up": {"uv": [0, 0, 1, 10], "texture": "#6"},
                "down": {"uv": [0, 0, 1, 10], "texture": "#6"}
            }
        },
        {
            "from": [3, -0.5, 1],
            "to": [13, 0.5, 2],
            "rotation": {"angle": 0, "axis": "y", "origin": [8, 0, 8]},
            "faces": {
                "north": {"uv": [0, 0, 10, 1], "texture": "#6"},
                "east": {"uv": [0, 0, 1, 1], "texture": "#6"},
                "south": {"uv": [0, 0, 10, 1], "texture": "#6"},
                "west": {"uv": [0, 0, 1, 1], "texture": "#6"},
                "up": {"uv": [0, 0, 1, 10], "rotation": 270, "texture": "#6"},
                "down": {"uv": [0, 0, 1, 10], "rotation": 90, "texture": "#6"}
            }
        },
        {
            "from": [3, -0.5, 14],
            "to": [13, 0.5, 15],
            "rotation": {"angle": 0, "axis": "y", "origin": [8, 0, 8]},
            "faces": {
                "north": {"uv": [0, 0, 10, 1], "texture": "#6"},
                "east": {"uv": [0, 0, 1, 1], "texture": "#6"},
                "south": {"uv": [0, 0, 10, 1], "texture": "#6"},
                "west": {"uv": [0, 0, 1, 1], "texture": "#6"},
                "up": {"uv": [0, 0, 1, 10], "rotation": 270, "texture": "#6"},
                "down": {"uv": [0, 0, 1, 10], "rotation": 90, "texture": "#6"}
            }
        },
        {
            "from": [4, 1, 3],
            "to": [13, 2, 12],
            "rotation": {"angle": 0, "axis": "y", "origin": [6, 1, 8]},
            "faces": {
                "north": {"uv": [0, 0, 9, 1], "texture": "#5"},
                "east": {"uv": [0, 0, 9, 1], "texture": "#5"},
                "south": {"uv": [0, 0, 9, 1], "texture": "#5"},
                "west": {"uv": [0, 0, 9, 1], "texture": "#5"},
                "up": {"uv": [0, 0, 9, 9], "texture": "#5"},
                "down": {"uv": [0, 0, 9, 9], "texture": "#5"}
            }
        },
        {
            "from": [3, 1, 5],
            "to": [4, 2, 11],
            "rotation": {"angle": 0, "axis": "y", "origin": [-3, 1, 7]},
            "faces": {
                "north": {"uv": [0, 0, 1, 1], "texture": "#6"},
                "east": {"uv": [0, 0, 6, 1], "texture": "#6"},
                "south": {"uv": [0, 0, 1, 1], "texture": "#6"},
                "west": {"uv": [0, 0, 6, 1], "texture": "#6"},
                "up": {"uv": [0, 0, 1, 6], "texture": "#6"},
                "down": {"uv": [0, 0, 1, 6], "texture": "#6"}
            }
        },
        {
            "from": [5, 1, 12],
            "to": [10, 2, 13],
            "rotation": {"angle": 0, "axis": "y", "origin": [7, 1, 9]},
            "faces": {
                "north": {"uv": [0, 0, 5, 1], "texture": "#6"},
                "east": {"uv": [0, 0, 1, 1], "texture": "#6"},
                "south": {"uv": [0, 0, 5, 1], "texture": "#6"},
                "west": {"uv": [0, 0, 1, 1], "texture": "#6"},
                "up": {"uv": [0, 0, 5, 1], "texture": "#6"},
                "down": {"uv": [0, 0, 5, 1], "texture": "#6"}
            }
        },
        {
            "from": [5, 2, 5],
            "to": [11, 5, 11],
            "rotation": {"angle": 0, "axis": "y", "origin": [6, 2, 8]},
            "faces": {
                "north": {"uv": [0, 0, 6, 3], "texture": "#6"},
                "east": {"uv": [0, 0, 6, 3], "texture": "#6"},
                "south": {"uv": [0, 0, 6, 3], "texture": "#6"},
                "west": {"uv": [0, 0, 6, 3], "texture": "#6"},
                "up": {"uv": [0, 0, 6, 6], "texture": "#6"},
                "down": {"uv": [0, 0, 6, 6], "texture": "#6"}
            }
        },
        {
            "from": [6, 5, 6],
            "to": [10, 8, 10],
            "rotation": {"angle": 0, "axis": "y", "origin": [6, 5, 8]},
            "faces": {
                "north": {"uv": [0, 0, 4, 3], "texture": "#5"},
                "east": {"uv": [0, 0, 4, 3], "texture": "#5"},
                "south": {"uv": [0, 0, 4, 3], "texture": "#5"},
                "west": {"uv": [0, 0, 4, 3], "texture": "#5"},
                "up": {"uv": [0, 0, 4, 4], "texture": "#5"},
                "down": {"uv": [0, 0, 4, 4], "texture": "#5"}
            }
        },
        {
            "from": [8, 5, 10],
            "to": [10, 8, 11],
            "rotation": {"angle": 0, "axis": "y", "origin": [6, 5, 12]},
            "faces": {
                "north": {"uv": [0, 0, 2, 3], "texture": "#5"},
                "east": {"uv": [0, 0, 1, 3], "texture": "#5"},
                "south": {"uv": [0, 0, 2, 3], "texture": "#5"},
                "west": {"uv": [0, 0, 1, 3], "texture": "#5"},
                "up": {"uv": [0, 0, 2, 1], "texture": "#5"},
                "down": {"uv": [0, 0, 2, 1], "texture": "#5"}
            }
        },
        {
            "from": [7, 2, 11],
            "to": [9, 5, 12],
            "rotation": {"angle": 0, "axis": "y", "origin": [5, 2, 13]},
            "faces": {
                "north": {"uv": [0, 0, 2, 3], "texture": "#5"},
                "east": {"uv": [0, 0, 1, 3], "texture": "#5"},
                "south": {"uv": [0, 0, 2, 3], "texture": "#5"},
                "west": {"uv": [0, 0, 1, 3], "texture": "#5"},
                "up": {"uv": [0, 0, 2, 1], "texture": "#5"},
                "down": {"uv": [0, 0, 2, 1], "texture": "#5"}
            }
        },
        {
            "from": [7, 8, 7],
            "to": [10, 10, 10],
            "rotation": {"angle": 0, "axis": "y", "origin": [6, 7, 8]},
            "faces": {
                "north": {"uv": [0, 0, 3, 2], "texture": "#5"},
                "east": {"uv": [0, 0, 3, 2], "texture": "#5"},
                "south": {"uv": [0, 0, 3, 2], "texture": "#5"},
                "west": {"uv": [0, 0, 3, 2], "texture": "#5"},
                "up": {"uv": [9, 7, 12, 10], "texture": "#7"},
                "down": {"uv": [0, 0, 3, 3], "texture": "#5"}
            }
        },
        {
            "from": [7, 8, 6],
            "to": [10, 10, 7],
            "rotation": {"angle": 0, "axis": "y", "origin": [6, 7, 5]},
            "faces": {
                "north": {"uv": [0, 0, 3, 2], "texture": "#5"},
                "east": {"uv": [0, 0, 1, 2], "texture": "#5"},
                "south": {"uv": [0, 0, 3, 2], "texture": "#5"},
                "west": {"uv": [0, 0, 1, 2], "texture": "#5"},
                "up": {"uv": [0, 0, 3, 1], "texture": "#5"},
                "down": {"uv": [0, 0, 3, 1], "texture": "#5"}
            }
        },
        {
            "from": [6, 8, 7],
            "to": [7, 10, 10],
            "rotation": {"angle": 0, "axis": "y", "origin": [3, 7, 8]},
            "faces": {
                "north": {"uv": [0, 0, 1, 2], "texture": "#5"},
                "east": {"uv": [0, 0, 3, 2], "texture": "#5"},
                "south": {"uv": [0, 0, 1, 2], "texture": "#5"},
                "west": {"uv": [0, 0, 3, 2], "texture": "#5"},
                "up": {"uv": [0, 0, 1, 3], "texture": "#5"},
                "down": {"uv": [0, 0, 1, 3], "texture": "#5"}
            }
        },
        {
            "from": [9, 10, 7],
            "to": [10, 11, 10],
            "rotation": {"angle": 0, "axis": "y", "origin": [6, 8, 8]},
            "faces": {
                "north": {"uv": [0, 0, 1, 1], "texture": "#5"},
                "east": {"uv": [0, 0, 3, 1], "texture": "#5"},
                "south": {"uv": [0, 0, 1, 1], "texture": "#5"},
                "west": {"uv": [0, 0, 3, 1], "texture": "#5"},
                "up": {"uv": [0, 0, 1, 3], "texture": "#5"},
                "down": {"uv": [0, 0, 1, 3], "texture": "#5"}
            }
        },
        {
            "from": [7, 10, 7],
            "to": [8, 11, 10],
            "rotation": {"angle": 0, "axis": "y", "origin": [4, 8, 8]},
            "faces": {
                "north": {"uv": [0, 0, 1, 1], "texture": "#5"},
                "east": {"uv": [0, 0, 3, 1], "texture": "#5"},
                "south": {"uv": [0, 0, 1, 1], "texture": "#5"},
                "west": {"uv": [0, 0, 3, 1], "texture": "#5"},
                "up": {"uv": [0, 0, 1, 3], "texture": "#5"},
                "down": {"uv": [0, 0, 1, 3], "texture": "#5"}
            }
        },
        {
            "from": [8, 10, 7],
            "to": [9, 11, 8],
            "rotation": {"angle": 0, "axis": "y", "origin": [5, 8, 8]},
            "faces": {
                "north": {"uv": [0, 0, 1, 1], "texture": "#5"},
                "east": {"uv": [0, 0, 1, 1], "texture": "#5"},
                "south": {"uv": [0, 0, 1, 1], "texture": "#5"},
                "west": {"uv": [0, 0, 1, 1], "texture": "#5"},
                "up": {"uv": [0, 0, 1, 1], "texture": "#5"},
                "down": {"uv": [0, 0, 1, 1], "texture": "#5"}
            }
        },
        {
            "from": [8, 10, 9],
            "to": [9, 11, 10],
            "rotation": {"angle": 0, "axis": "y", "origin": [5, 8, 10]},
            "faces": {
                "north": {"uv": [0, 0, 1, 1], "texture": "#5"},
                "east": {"uv": [0, 0, 1, 1], "texture": "#5"},
                "south": {"uv": [0, 0, 1, 1], "texture": "#5"},
                "west": {"uv": [0, 0, 1, 1], "texture": "#5"},
                "up": {"uv": [0, 0, 1, 1], "texture": "#5"},
                "down": {"uv": [0, 0, 1, 1], "texture": "#5"}
            }
        },
        {
            "from": [6, 2, 4],
            "to": [10, 4, 5],
            "rotation": {"angle": 0, "axis": "y", "origin": [6, 2, 7]},
            "faces": {
                "north": {"uv": [0, 0, 4, 2], "texture": "#6"},
                "east": {"uv": [0, 0, 1, 2], "texture": "#6"},
                "south": {"uv": [0, 0, 4, 2], "texture": "#6"},
                "west": {"uv": [0, 0, 1, 2], "texture": "#6"},
                "up": {"uv": [0, 0, 4, 1], "texture": "#6"},
                "down": {"uv": [0, 0, 4, 1], "texture": "#6"}
            }
        },
        {
            "from": [4, 2, 6],
            "to": [5, 4, 9],
            "rotation": {"angle": 0, "axis": "y", "origin": [4, 2, 9]},
            "faces": {
                "north": {"uv": [0, 0, 1, 2], "texture": "#5"},
                "east": {"uv": [0, 0, 3, 2], "texture": "#5"},
                "south": {"uv": [0, 0, 1, 2], "texture": "#5"},
                "west": {"uv": [0, 0, 3, 2], "texture": "#5"},
                "up": {"uv": [0, 0, 1, 3], "texture": "#5"},
                "down": {"uv": [0, 0, 1, 3], "texture": "#5"}
            }
        },
        {
            "from": [11, 2, 8],
            "to": [12, 4, 10],
            "rotation": {"angle": 0, "axis": "y", "origin": [8, 2, 11]},
            "faces": {
                "north": {"uv": [0, 0, 1, 2], "texture": "#6"},
                "east": {"uv": [0, 0, 2, 2], "texture": "#6"},
                "south": {"uv": [0, 0, 1, 2], "texture": "#6"},
                "west": {"uv": [0, 0, 2, 2], "texture": "#6"},
                "up": {"uv": [0, 0, 1, 2], "texture": "#6"},
                "down": {"uv": [0, 0, 1, 2], "texture": "#6"}
            }
        },
        {
            "from": [1.75, -2, 2.75],
            "to": [6.75, 5, 2.75],
            "rotation": {"angle": -22.5, "axis": "x", "origin": [4.75, -2, 2.75]},
            "faces": {
                "north": {"uv": [0, 0.5, 6.5, 7.5], "texture": "#3"},
                "east": {"uv": [7, 0, 7, 7], "texture": "#3"},
                "south": {"uv": [6.5, 0.5, 0, 7.5], "texture": "#3"},
                "west": {"uv": [7, 0, 7, 7], "texture": "#3"},
                "up": {"uv": [7, 0, 12, 0], "texture": "#3"},
                "down": {"uv": [7, 0, 12, 0], "texture": "#3"}
            }
        },
        {
            "from": [1.25, -2, 1.25],
            "to": [1.25, 5, 6.25],
            "rotation": {"angle": 25, "axis": "z", "origin": [1.25, 1.5, 3.75]},
            "faces": {
                "north": {"uv": [7, 0, 7, 7], "texture": "#3"},
                "east": {"uv": [0, 0.5, 6.5, 7.5], "texture": "#3"},
                "south": {"uv": [7, 0, 7, 7], "texture": "#3"},
                "west": {"uv": [6.5, 0.5, 0, 7.5], "texture": "#3"},
                "up": {"uv": [7, 0, 12, 0], "rotation": 270, "texture": "#3"},
                "down": {"uv": [7, 0, 12, 0], "rotation": 90, "texture": "#3"}
            }
        },
        {
            "from": [10.75, 0, 10.75],
            "to": [15.75, 7, 10.75],
            "rotation": {"angle": 0, "axis": "y", "origin": [13.75, 0, 10.75]},
            "faces": {
                "north": {"uv": [0, 0.5, 6.5, 7.5], "texture": "#3"},
                "east": {"uv": [3, 0, 3, 7], "texture": "#3"},
                "south": {"uv": [6.5, 0.5, 0, 7.5], "texture": "#3"},
                "west": {"uv": [3, 0, 3, 7], "texture": "#3"},
                "up": {"uv": [7, 0, 12, 0], "texture": "#3"},
                "down": {"uv": [7, 0, 12, 0], "texture": "#3"}
            }
        },
        {
            "from": [11.25, 1, 10.25],
            "to": [11.25, 8, 15.25],
            "rotation": {"angle": 0, "axis": "y", "origin": [11.25, 4.5, 12.75]},
            "faces": {
                "north": {"uv": [3, 0, 3, 7], "texture": "#3"},
                "east": {"uv": [0, 0.5, 6.5, 7.5], "texture": "#3"},
                "south": {"uv": [3, 0, 3, 7], "texture": "#3"},
                "west": {"uv": [6.5, 0.5, 0, 7.5], "texture": "#3"},
                "up": {"uv": [7, 0, 12, 0], "rotation": 270, "texture": "#3"},
                "down": {"uv": [7, 0, 12, 0], "rotation": 90, "texture": "#3"}
            }
        }
    ]
}