{
    "format_version": "1.21.11",
    "credit": "Made with Blockbench",
    "parent": "minecraft:block/cross",
    "textures": {
        "0": "block/tall_dry_grass",
        "particle": "block/tall_dry_grass"
    },
    "elements": [
        {
            "from": [5.1, -3.5, 3.9],
            "to": [13.1, 4.5, 11.9],
            "rotation": {"x": 12.10756, "y": 9.08661, "z": 26.06663, "origin": [5.1, -3.5, 3.9]},
            "faces": {
                "north": {"uv": [1, 0, 15, 16], "texture": "#0"},
                "east": {"uv": [1, 0, 15, 16], "texture": "#0"},
                "south": {"uv": [2, 4, 15, 16], "texture": "#0"},
                "west": {"uv": [1, 0, 15, 16], "texture": "#0"},
                "up": {"uv": [2, 4, 15, 16], "texture": "#0"},
                "down": {"uv": [1, 0, 15, 16], "texture": "#0"}
            }
        },
        {
            "from": [5.5, -3.1, 4.3],
            "to": [12.7, 4.1, 11.5],
            "rotation": {"x": 12.10756, "y": 9.08661, "z": 26.06663, "origin": [5.5, -3.1, 4.3]},
            "faces": {
                "north": {"uv": [14, 14, 2, 2], "texture": "#0"},
                "east": {"uv": [14, 14, 2, 2], "texture": "#0"},
                "south": {"uv": [14, 14, 2, 2], "texture": "#0"},
                "west": {"uv": [14, 14, 2, 2], "texture": "#0"},
                "up": {"uv": [14, 14, 2, 2], "texture": "#0"},
                "down": {"uv": [15, 16, 1, 0], "texture": "#0"}
            }
        },
        {
            "from": [5.5, -3.1, 4.3],
            "to": [12.7, 4.1, 11.5],
            "rotation": {"x": 12.10756, "y": 9.08661, "z": 26.06663, "origin": [5.5, -3.1, 4.3]},
            "faces": {
                "north": {"uv": [14, 14, 2, 2], "texture": "#0"},
                "east": {"uv": [14, 14, 2, 2], "texture": "#0"},
                "south": {"uv": [14, 14, 2, 2], "texture": "#0"},
                "west": {"uv": [14, 14, 2, 2], "texture": "#0"},
                "up": {"uv": [14, 14, 2, 2], "texture": "#0"},
                "down": {"uv": [15, 16, 1, 0], "texture": "#0"}
            }
        },
        {
            "from": [6.5, -2.1, 5.3],
            "to": [11.7, 3.1, 10.5],
            "rotation": {"x": 12.10756, "y": 9.08661, "z": 26.06663, "origin": [5.5, -3.1, 4.3]},
            "faces": {
                "north": {"uv": [14, 14, 2, 2], "texture": "#0"},
                "east": {"uv": [14, 14, 2, 2], "texture": "#0"},
                "south": {"uv": [14, 14, 2, 2], "texture": "#0"},
                "west": {"uv": [14, 14, 2, 2], "texture": "#0"},
                "up": {"uv": [14, 14, 2, 2], "texture": "#0"},
                "down": {"uv": [15, 16, 1, 0], "texture": "#0"}
            }
        },
        {
            "from": [7.5, -1.1, 6.3],
            "to": [10.7, 2.1, 9.5],
            "rotation": {"x": 12.10756, "y": 9.08661, "z": 26.06663, "origin": [5.5, -3.1, 4.3]},
            "faces": {
                "north": {"uv": [14, 14, 2, 2], "texture": "#0"},
                "east": {"uv": [14, 14, 2, 2], "texture": "#0"},
                "south": {"uv": [14, 14, 2, 2], "texture": "#0"},
                "west": {"uv": [14, 14, 2, 2], "texture": "#0"},
                "up": {"uv": [14, 14, 2, 2], "texture": "#0"},
                "down": {"uv": [15, 16, 1, 0], "texture": "#0"}
            }
        },
        {
            "from": [6.1, -2.5, 4.9],
            "to": [12.1, 3.5, 10.9],
            "rotation": {"x": 12.10756, "y": 9.08661, "z": 26.06663, "origin": [5.1, -3.5, 3.9]},
            "faces": {
                "north": {"uv": [1, 0, 15, 16], "texture": "#0"},
                "east": {"uv": [1, 0, 15, 16], "texture": "#0"},
                "south": {"uv": [2, 4, 15, 16], "texture": "#0"},
                "west": {"uv": [1, 0, 15, 16], "texture": "#0"},
                "up": {"uv": [2, 4, 15, 16], "texture": "#0"},
                "down": {"uv": [1, 0, 15, 16], "texture": "#0"}
            }
        },
        {
            "name": "cube_outline",
            "from": [13.4, 4.8, 12.2],
            "to": [4.8, -3.8, 3.6],
            "rotation": {"x": 12.10756, "y": 9.08661, "z": 26.06663, "origin": [5.1, -3.5, 3.9]},
            "faces": {
                "north": {"uv": [2, 4, 15, 16], "rotation": 180, "texture": "#0"},
                "east": {"uv": [1, 0, 15, 16], "rotation": 180, "texture": "#0"},
                "south": {"uv": [1, 0, 15, 16], "rotation": 180, "texture": "#0"},
                "west": {"uv": [1, 0, 15, 16], "rotation": 180, "texture": "#0"},
                "up": {"uv": [1, 0, 15, 16], "rotation": 180, "texture": "#0"},
                "down": {"uv": [2, 4, 15, 16], "rotation": 180, "texture": "#0"}
            }
        },
        {
            "name": "cube_outline",
            "from": [13, 4.4, 11.8],
            "to": [5.2, -3.4, 4],
            "rotation": {"x": 12.10756, "y": 9.08661, "z": 26.06663, "origin": [5.5, -3.1, 4.3]},
            "faces": {
                "north": {"uv": [14, 14, 2, 2], "rotation": 180, "texture": "#0"},
                "east": {"uv": [14, 14, 2, 2], "rotation": 180, "texture": "#0"},
                "south": {"uv": [14, 14, 2, 2], "rotation": 180, "texture": "#0"},
                "west": {"uv": [14, 14, 2, 2], "rotation": 180, "texture": "#0"},
                "up": {"uv": [15, 16, 1, 0], "rotation": 180, "texture": "#0"},
                "down": {"uv": [14, 14, 2, 2], "rotation": 180, "texture": "#0"}
            }
        },
        {
            "name": "cube_outline",
            "from": [13, 4.4, 11.8],
            "to": [5.2, -3.4, 4],
            "rotation": {"x": 12.10756, "y": 9.08661, "z": 26.06663, "origin": [5.5, -3.1, 4.3]},
            "faces": {
                "north": {"uv": [14, 14, 2, 2], "rotation": 180, "texture": "#0"},
                "east": {"uv": [14, 14, 2, 2], "rotation": 180, "texture": "#0"},
                "south": {"uv": [14, 14, 2, 2], "rotation": 180, "texture": "#0"},
                "west": {"uv": [14, 14, 2, 2], "rotation": 180, "texture": "#0"},
                "up": {"uv": [15, 16, 1, 0], "rotation": 180, "texture": "#0"},
                "down": {"uv": [14, 14, 2, 2], "rotation": 180, "texture": "#0"}
            }
        },
        {
            "name": "cube_outline",
            "from": [12, 3.4, 10.8],
            "to": [6.2, -2.4, 5],
            "rotation": {"x": 12.10756, "y": 9.08661, "z": 26.06663, "origin": [5.5, -3.1, 4.3]},
            "faces": {
                "north": {"uv": [14, 14, 2, 2], "rotation": 180, "texture": "#0"},
                "east": {"uv": [14, 14, 2, 2], "rotation": 180, "texture": "#0"},
                "south": {"uv": [14, 14, 2, 2], "rotation": 180, "texture": "#0"},
                "west": {"uv": [14, 14, 2, 2], "rotation": 180, "texture": "#0"},
                "up": {"uv": [15, 16, 1, 0], "rotation": 180, "texture": "#0"},
                "down": {"uv": [14, 14, 2, 2], "rotation": 180, "texture": "#0"}
            }
        },
        {
            "name": "cube_outline",
            "from": [11, 2.4, 9.8],
            "to": [7.2, -1.4, 6],
            "rotation": {"x": 12.10756, "y": 9.08661, "z": 26.06663, "origin": [5.5, -3.1, 4.3]},
            "faces": {
                "north": {"uv": [14, 14, 2, 2], "rotation": 180, "texture": "#0"},
                "east": {"uv": [14, 14, 2, 2], "rotation": 180, "texture": "#0"},
                "south": {"uv": [14, 14, 2, 2], "rotation": 180, "texture": "#0"},
                "west": {"uv": [14, 14, 2, 2], "rotation": 180, "texture": "#0"},
                "up": {"uv": [15, 16, 1, 0], "rotation": 180, "texture": "#0"},
                "down": {"uv": [14, 14, 2, 2], "rotation": 180, "texture": "#0"}
            }
        },
        {
            "name": "cube_outline",
            "from": [12.4, 3.8, 11.2],
            "to": [5.8, -2.8, 4.6],
            "rotation": {"x": 12.10756, "y": 9.08661, "z": 26.06663, "origin": [5.1, -3.5, 3.9]},
            "faces": {
                "north": {"uv": [2, 4, 15, 16], "rotation": 180, "texture": "#0"},
                "east": {"uv": [1, 0, 15, 16], "rotation": 180, "texture": "#0"},
                "south": {"uv": [1, 0, 15, 16], "rotation": 180, "texture": "#0"},
                "west": {"uv": [1, 0, 15, 16], "rotation": 180, "texture": "#0"},
                "up": {"uv": [1, 0, 15, 16], "rotation": 180, "texture": "#0"},
                "down": {"uv": [2, 4, 15, 16], "rotation": 180, "texture": "#0"}
            }
        }
    ]
}