{
    "format_version": "1.21.11",
    "credit": "Made with Blockbench",
    "parent": "minecraft:block/cross",
    "textures": {
        "3": "block/dead_bush",
        "9": "block/bone_block_top",
        "particle": "block/dead_bush"
    },
    "elements": [
        {
            "from": [7, 0, -1],
            "to": [9, 2, 20],
            "rotation": {"angle": 0, "axis": "y", "origin": [7, 0, -3]},
            "faces": {
                "north": {"uv": [0, 0, 2, 2], "texture": "#9"},
                "east": {"uv": [0, 0, 16, 2], "texture": "#9"},
                "south": {"uv": [0, 0, 2, 2], "texture": "#9"},
                "west": {"uv": [0, 0, 16, 2], "texture": "#9"},
                "up": {"uv": [0, 0, 2, 16], "texture": "#9"},
                "down": {"uv": [0, 0, 2, 16], "texture": "#9"}
            }
        },
        {
            "from": [7, 0, -3],
            "to": [9, 1, -1],
            "rotation": {"angle": 0, "axis": "y", "origin": [7, 0, -5]},
            "faces": {
                "north": {"uv": [0, 0, 2, 1], "texture": "#9"},
                "east": {"uv": [0, 0, 2, 1], "texture": "#9"},
                "south": {"uv": [0, 0, 2, 1], "texture": "#9"},
                "west": {"uv": [0, 0, 2, 1], "texture": "#9"},
                "up": {"uv": [0, 0, 2, 2], "texture": "#9"},
                "down": {"uv": [0, 0, 2, 2], "texture": "#9"}
            }
        },
        {
            "from": [6, 0, 19],
            "to": [8, 1, 21],
            "rotation": {"angle": 0, "axis": "y", "origin": [6, 0, 17]},
            "faces": {
                "north": {"uv": [0, 0, 2, 1], "texture": "#9"},
                "east": {"uv": [0, 0, 2, 1], "texture": "#9"},
                "south": {"uv": [0, 0, 2, 1], "texture": "#9"},
                "west": {"uv": [0, 0, 2, 1], "texture": "#9"},
                "up": {"uv": [0, 0, 2, 2], "texture": "#9"},
                "down": {"uv": [0, 0, 2, 2], "texture": "#9"}
            }
        },
        {
            "from": [9, 0, 1],
            "to": [16, 1, 4],
            "rotation": {"angle": 0, "axis": "y", "origin": [9, 0, 1]},
            "faces": {
                "north": {"uv": [0, 0, 7, 1], "texture": "#9"},
                "east": {"uv": [0, 0, 3, 1], "texture": "#9"},
                "south": {"uv": [0, 0, 7, 1], "texture": "#9"},
                "west": {"uv": [0, 0, 3, 1], "texture": "#9"},
                "up": {"uv": [0, 0, 7, 3], "texture": "#9"},
                "down": {"uv": [0, 0, 7, 3], "texture": "#9"}
            }
        },
        {
            "from": [11, 12, 1],
            "to": [16, 13, 4],
            "rotation": {"angle": 0, "axis": "y", "origin": [9, 12, 1]},
            "faces": {
                "north": {"uv": [0, 0, 5, 1], "texture": "#9"},
                "east": {"uv": [0, 0, 3, 1], "texture": "#9"},
                "south": {"uv": [0, 0, 5, 1], "texture": "#9"},
                "west": {"uv": [0, 0, 3, 1], "texture": "#9"},
                "up": {"uv": [0, 0, 5, 3], "texture": "#9"},
                "down": {"uv": [0, 0, 5, 3], "texture": "#9"}
            }
        },
        {
            "from": [15, 1, 1],
            "to": [17, 2, 4],
            "rotation": {"angle": 0, "axis": "y", "origin": [10, 1, 1]},
            "faces": {
                "north": {"uv": [0, 0, 2, 1], "texture": "#9"},
                "east": {"uv": [0, 0, 3, 1], "texture": "#9"},
                "south": {"uv": [0, 0, 2, 1], "texture": "#9"},
                "west": {"uv": [0, 0, 3, 1], "texture": "#9"},
                "up": {"uv": [0, 0, 2, 3], "texture": "#9"},
                "down": {"uv": [0, 0, 2, 3], "texture": "#9"}
            }
        },
        {
            "from": [15, 11, 1],
            "to": [17, 12, 4],
            "rotation": {"angle": 0, "axis": "y", "origin": [10, 11, 1]},
            "faces": {
                "north": {"uv": [0, 0, 2, 1], "texture": "#9"},
                "east": {"uv": [0, 0, 3, 1], "texture": "#9"},
                "south": {"uv": [0, 0, 2, 1], "texture": "#9"},
                "west": {"uv": [0, 0, 3, 1], "texture": "#9"},
                "up": {"uv": [0, 0, 2, 3], "texture": "#9"},
                "down": {"uv": [0, 0, 2, 3], "texture": "#9"}
            }
        },
        {
            "from": [16, 2, 1],
            "to": [17, 11, 4],
            "rotation": {"angle": 0, "axis": "y", "origin": [10, 2, 1]},
            "faces": {
                "north": {"uv": [0, 0, 1, 9], "texture": "#9"},
                "east": {"uv": [0, 0, 3, 9], "texture": "#9"},
                "south": {"uv": [0, 0, 1, 9], "texture": "#9"},
                "west": {"uv": [0, 0, 3, 9], "texture": "#9"},
                "up": {"uv": [0, 0, 1, 3], "texture": "#9"},
                "down": {"uv": [0, 0, 1, 3], "texture": "#9"}
            }
        },
        {
            "from": [-1, 1, 1],
            "to": [1, 2, 4],
            "rotation": {"angle": 0, "axis": "y", "origin": [-6, 1, 1]},
            "faces": {
                "north": {"uv": [0, 0, 2, 1], "texture": "#9"},
                "east": {"uv": [0, 0, 3, 1], "texture": "#9"},
                "south": {"uv": [0, 0, 2, 1], "texture": "#9"},
                "west": {"uv": [0, 0, 3, 1], "texture": "#9"},
                "up": {"uv": [0, 0, 2, 3], "texture": "#9"},
                "down": {"uv": [0, 0, 2, 3], "texture": "#9"}
            }
        },
        {
            "from": [-1, 2, 1],
            "to": [0, 11, 4],
            "rotation": {"angle": 0, "axis": "y", "origin": [-7, 2, 1]},
            "faces": {
                "north": {"uv": [0, 0, 1, 9], "texture": "#9"},
                "east": {"uv": [0, 0, 3, 9], "texture": "#9"},
                "south": {"uv": [0, 0, 1, 9], "texture": "#9"},
                "west": {"uv": [0, 0, 3, 9], "texture": "#9"},
                "up": {"uv": [0, 0, 1, 3], "texture": "#9"},
                "down": {"uv": [0, 0, 1, 3], "texture": "#9"}
            }
        },
        {
            "from": [-1, 11, 1],
            "to": [1, 12, 4],
            "rotation": {"angle": 0, "axis": "y", "origin": [-6, 11, 1]},
            "faces": {
                "north": {"uv": [0, 0, 2, 1], "texture": "#9"},
                "east": {"uv": [0, 0, 3, 1], "texture": "#9"},
                "south": {"uv": [0, 0, 2, 1], "texture": "#9"},
                "west": {"uv": [0, 0, 3, 1], "texture": "#9"},
                "up": {"uv": [0, 0, 2, 3], "texture": "#9"},
                "down": {"uv": [0, 0, 2, 3], "texture": "#9"}
            }
        },
        {
            "from": [0, 12, 1],
            "to": [5, 13, 4],
            "rotation": {"angle": 0, "axis": "y", "origin": [-2, 12, 1]},
            "faces": {
                "north": {"uv": [0, 0, 5, 1], "texture": "#9"},
                "east": {"uv": [0, 0, 3, 1], "texture": "#9"},
                "south": {"uv": [0, 0, 5, 1], "texture": "#9"},
                "west": {"uv": [0, 0, 3, 1], "texture": "#9"},
                "up": {"uv": [0, 0, 5, 3], "texture": "#9"},
                "down": {"uv": [0, 0, 5, 3], "texture": "#9"}
            }
        },
        {
            "from": [0, 0, 1],
            "to": [7, 1, 4],
            "rotation": {"angle": 0, "axis": "y", "origin": [1, 0, 1]},
            "faces": {
                "north": {"uv": [0, 0, 7, 1], "texture": "#9"},
                "east": {"uv": [0, 0, 3, 1], "texture": "#9"},
                "south": {"uv": [0, 0, 7, 1], "texture": "#9"},
                "west": {"uv": [0, 0, 3, 1], "texture": "#9"},
                "up": {"uv": [0, 0, 7, 3], "texture": "#9"},
                "down": {"uv": [0, 0, 7, 3], "texture": "#9"}
            }
        },
        {
            "from": [9, 0, 7],
            "to": [16, 1, 10],
            "rotation": {"angle": 0, "axis": "y", "origin": [9, 0, 7]},
            "faces": {
                "north": {"uv": [0, 0, 7, 1], "texture": "#9"},
                "east": {"uv": [0, 0, 3, 1], "texture": "#9"},
                "south": {"uv": [0, 0, 7, 1], "texture": "#9"},
                "west": {"uv": [0, 0, 3, 1], "texture": "#9"},
                "up": {"uv": [0, 0, 7, 3], "texture": "#9"},
                "down": {"uv": [0, 0, 7, 3], "texture": "#9"}
            }
        },
        {
            "from": [0, 0, 7],
            "to": [7, 1, 10],
            "rotation": {"angle": 0, "axis": "y", "origin": [1, 0, 7]},
            "faces": {
                "north": {"uv": [0, 0, 7, 1], "texture": "#9"},
                "east": {"uv": [0, 0, 3, 1], "texture": "#9"},
                "south": {"uv": [0, 0, 7, 1], "texture": "#9"},
                "west": {"uv": [0, 0, 3, 1], "texture": "#9"},
                "up": {"uv": [0, 0, 7, 3], "texture": "#9"},
                "down": {"uv": [0, 0, 7, 3], "texture": "#9"}
            }
        },
        {
            "from": [15, 1, 7],
            "to": [17, 2, 10],
            "rotation": {"angle": 0, "axis": "y", "origin": [10, 1, 7]},
            "faces": {
                "north": {"uv": [0, 0, 2, 1], "texture": "#9"},
                "east": {"uv": [0, 0, 3, 1], "texture": "#9"},
                "south": {"uv": [0, 0, 2, 1], "texture": "#9"},
                "west": {"uv": [0, 0, 3, 1], "texture": "#9"},
                "up": {"uv": [0, 0, 2, 3], "texture": "#9"},
                "down": {"uv": [0, 0, 2, 3], "texture": "#9"}
            }
        },
        {
            "from": [16, 2, 7],
            "to": [17, 11, 10],
            "rotation": {"angle": 0, "axis": "y", "origin": [10, 2, 7]},
            "faces": {
                "north": {"uv": [0, 0, 1, 9], "texture": "#9"},
                "east": {"uv": [0, 0, 3, 9], "texture": "#9"},
                "south": {"uv": [0, 0, 1, 9], "texture": "#9"},
                "west": {"uv": [0, 0, 3, 9], "texture": "#9"},
                "up": {"uv": [0, 0, 1, 3], "texture": "#9"},
                "down": {"uv": [0, 0, 1, 3], "texture": "#9"}
            }
        },
        {
            "from": [15, 11, 7],
            "to": [17, 12, 10],
            "rotation": {"angle": 0, "axis": "y", "origin": [10, 11, 7]},
            "faces": {
                "north": {"uv": [0, 0, 2, 1], "texture": "#9"},
                "east": {"uv": [0, 0, 3, 1], "texture": "#9"},
                "south": {"uv": [0, 0, 2, 1], "texture": "#9"},
                "west": {"uv": [0, 0, 3, 1], "texture": "#9"},
                "up": {"uv": [0, 0, 2, 3], "texture": "#9"},
                "down": {"uv": [0, 0, 2, 3], "texture": "#9"}
            }
        },
        {
            "from": [11, 12, 7],
            "to": [16, 13, 10],
            "rotation": {"angle": 0, "axis": "y", "origin": [9, 12, 7]},
            "faces": {
                "north": {"uv": [0, 0, 5, 1], "texture": "#9"},
                "east": {"uv": [0, 0, 3, 1], "texture": "#9"},
                "south": {"uv": [0, 0, 5, 1], "texture": "#9"},
                "west": {"uv": [0, 0, 3, 1], "texture": "#9"},
                "up": {"uv": [0, 0, 5, 3], "texture": "#9"},
                "down": {"uv": [0, 0, 5, 3], "texture": "#9"}
            }
        },
        {
            "from": [0, 12, 7],
            "to": [5, 13, 10],
            "rotation": {"angle": 0, "axis": "y", "origin": [-2, 12, 7]},
            "faces": {
                "north": {"uv": [0, 0, 5, 1], "texture": "#9"},
                "east": {"uv": [0, 0, 3, 1], "texture": "#9"},
                "south": {"uv": [0, 0, 5, 1], "texture": "#9"},
                "west": {"uv": [0, 0, 3, 1], "texture": "#9"},
                "up": {"uv": [0, 0, 5, 3], "texture": "#9"},
                "down": {"uv": [0, 0, 5, 3], "texture": "#9"}
            }
        },
        {
            "from": [-1, 11, 7],
            "to": [1, 12, 10],
            "rotation": {"angle": 0, "axis": "y", "origin": [-6, 11, 7]},
            "faces": {
                "north": {"uv": [0, 0, 2, 1], "texture": "#9"},
                "east": {"uv": [0, 0, 3, 1], "texture": "#9"},
                "south": {"uv": [0, 0, 2, 1], "texture": "#9"},
                "west": {"uv": [0, 0, 3, 1], "texture": "#9"},
                "up": {"uv": [0, 0, 2, 3], "texture": "#9"},
                "down": {"uv": [0, 0, 2, 3], "texture": "#9"}
            }
        },
        {
            "from": [-1, 2, 7],
            "to": [0, 11, 10],
            "rotation": {"angle": 0, "axis": "y", "origin": [-7, 2, 7]},
            "faces": {
                "north": {"uv": [0, 0, 1, 9], "texture": "#9"},
                "east": {"uv": [0, 0, 3, 9], "texture": "#9"},
                "south": {"uv": [0, 0, 1, 9], "texture": "#9"},
                "west": {"uv": [0, 0, 3, 9], "texture": "#9"},
                "up": {"uv": [0, 0, 1, 3], "texture": "#9"},
                "down": {"uv": [0, 0, 1, 3], "texture": "#9"}
            }
        },
        {
            "from": [-1, 1, 7],
            "to": [1, 2, 10],
            "rotation": {"angle": 0, "axis": "y", "origin": [-6, 1, 7]},
            "faces": {
                "north": {"uv": [0, 0, 2, 1], "texture": "#9"},
                "east": {"uv": [0, 0, 3, 1], "texture": "#9"},
                "south": {"uv": [0, 0, 2, 1], "texture": "#9"},
                "west": {"uv": [0, 0, 3, 1], "texture": "#9"},
                "up": {"uv": [0, 0, 2, 3], "texture": "#9"},
                "down": {"uv": [0, 0, 2, 3], "texture": "#9"}
            }
        },
        {
            "from": [9, 0, 13],
            "to": [16, 1, 16],
            "rotation": {"angle": 0, "axis": "y", "origin": [9, 0, 13]},
            "faces": {
                "north": {"uv": [0, 0, 7, 1], "texture": "#9"},
                "east": {"uv": [0, 0, 3, 1], "texture": "#9"},
                "south": {"uv": [0, 0, 7, 1], "texture": "#9"},
                "west": {"uv": [0, 0, 3, 1], "texture": "#9"},
                "up": {"uv": [0, 0, 7, 3], "texture": "#9"},
                "down": {"uv": [0, 0, 7, 3], "texture": "#9"}
            }
        },
        {
            "from": [0, 0, 13],
            "to": [7, 1, 16],
            "rotation": {"angle": 0, "axis": "y", "origin": [1, 0, 13]},
            "faces": {
                "north": {"uv": [0, 0, 7, 1], "texture": "#9"},
                "east": {"uv": [0, 0, 3, 1], "texture": "#9"},
                "south": {"uv": [0, 0, 7, 1], "texture": "#9"},
                "west": {"uv": [0, 0, 3, 1], "texture": "#9"},
                "up": {"uv": [0, 0, 7, 3], "texture": "#9"},
                "down": {"uv": [0, 0, 7, 3], "texture": "#9"}
            }
        },
        {
            "from": [15, 1, 13],
            "to": [17, 2, 16],
            "rotation": {"angle": 0, "axis": "y", "origin": [10, 1, 13]},
            "faces": {
                "north": {"uv": [0, 0, 2, 1], "texture": "#9"},
                "east": {"uv": [0, 0, 3, 1], "texture": "#9"},
                "south": {"uv": [0, 0, 2, 1], "texture": "#9"},
                "west": {"uv": [0, 0, 3, 1], "texture": "#9"},
                "up": {"uv": [0, 0, 2, 3], "texture": "#9"},
                "down": {"uv": [0, 0, 2, 3], "texture": "#9"}
            }
        },
        {
            "from": [16, 2, 13],
            "to": [17, 10, 16],
            "rotation": {"angle": 0, "axis": "y", "origin": [10, 2, 13]},
            "faces": {
                "north": {"uv": [0, 0, 1, 8], "texture": "#9"},
                "east": {"uv": [0, 0, 3, 8], "texture": "#9"},
                "south": {"uv": [0, 0, 1, 8], "texture": "#9"},
                "west": {"uv": [0, 0, 3, 8], "texture": "#9"},
                "up": {"uv": [0, 0, 1, 3], "texture": "#9"},
                "down": {"uv": [0, 0, 1, 3], "texture": "#9"}
            }
        },
        {
            "from": [15, 10, 13],
            "to": [17, 11, 16],
            "rotation": {"angle": 0, "axis": "y", "origin": [10, 10, 13]},
            "faces": {
                "north": {"uv": [0, 0, 2, 1], "texture": "#9"},
                "east": {"uv": [0, 0, 3, 1], "texture": "#9"},
                "south": {"uv": [0, 0, 2, 1], "texture": "#9"},
                "west": {"uv": [0, 0, 3, 1], "texture": "#9"},
                "up": {"uv": [0, 0, 2, 3], "texture": "#9"},
                "down": {"uv": [0, 0, 2, 3], "texture": "#9"}
            }
        },
        {
            "from": [11, 11, 13],
            "to": [16, 12, 16],
            "rotation": {"angle": 0, "axis": "y", "origin": [9, 11, 13]},
            "faces": {
                "north": {"uv": [0, 0, 5, 1], "texture": "#9"},
                "east": {"uv": [0, 0, 3, 1], "texture": "#9"},
                "south": {"uv": [0, 0, 5, 1], "texture": "#9"},
                "west": {"uv": [0, 0, 3, 1], "texture": "#9"},
                "up": {"uv": [0, 0, 5, 3], "texture": "#9"},
                "down": {"uv": [0, 0, 5, 3], "texture": "#9"}
            }
        },
        {
            "from": [0, 11, 13],
            "to": [5, 12, 16],
            "rotation": {"angle": 0, "axis": "y", "origin": [-2, 11, 13]},
            "faces": {
                "north": {"uv": [0, 0, 5, 1], "texture": "#9"},
                "east": {"uv": [0, 0, 3, 1], "texture": "#9"},
                "south": {"uv": [0, 0, 5, 1], "texture": "#9"},
                "west": {"uv": [0, 0, 3, 1], "texture": "#9"},
                "up": {"uv": [0, 0, 5, 3], "texture": "#9"},
                "down": {"uv": [0, 0, 5, 3], "texture": "#9"}
            }
        },
        {
            "from": [-1, 10, 13],
            "to": [1, 11, 16],
            "rotation": {"angle": 0, "axis": "y", "origin": [-6, 10, 13]},
            "faces": {
                "north": {"uv": [0, 0, 2, 1], "texture": "#9"},
                "east": {"uv": [0, 0, 3, 1], "texture": "#9"},
                "south": {"uv": [0, 0, 2, 1], "texture": "#9"},
                "west": {"uv": [0, 0, 3, 1], "texture": "#9"},
                "up": {"uv": [0, 0, 2, 3], "texture": "#9"},
                "down": {"uv": [0, 0, 2, 3], "texture": "#9"}
            }
        },
        {
            "from": [-1, 2, 13],
            "to": [0, 10, 16],
            "rotation": {"angle": 0, "axis": "y", "origin": [-7, 2, 13]},
            "faces": {
                "north": {"uv": [0, 0, 1, 8], "texture": "#9"},
                "east": {"uv": [0, 0, 3, 8], "texture": "#9"},
                "south": {"uv": [0, 0, 1, 8], "texture": "#9"},
                "west": {"uv": [0, 0, 3, 8], "texture": "#9"},
                "up": {"uv": [0, 0, 1, 3], "texture": "#9"},
                "down": {"uv": [0, 0, 1, 3], "texture": "#9"}
            }
        },
        {
            "from": [-1, 1, 13],
            "to": [1, 2, 16],
            "rotation": {"angle": 0, "axis": "y", "origin": [-6, 1, 13]},
            "faces": {
                "north": {"uv": [0, 0, 2, 1], "texture": "#9"},
                "east": {"uv": [0, 0, 3, 1], "texture": "#9"},
                "south": {"uv": [0, 0, 2, 1], "texture": "#9"},
                "west": {"uv": [0, 0, 3, 1], "texture": "#9"},
                "up": {"uv": [0, 0, 2, 3], "texture": "#9"},
                "down": {"uv": [0, 0, 2, 3], "texture": "#9"}
            }
        },
        {
            "from": [11.10711, -2.3, 8.70711],
            "to": [11.10711, 5.7, 16.70711],
            "rotation": {"x": 0, "y": 134, "z": 0, "origin": [10.4, 4.2, 12]},
            "faces": {
                "north": {"uv": [5, 0, 5, 8], "texture": "#3"},
                "east": {"uv": [9.5, 8, 1.5, 16], "texture": "#3"},
                "south": {"uv": [5, 0, 5, 8], "texture": "#3"},
                "west": {"uv": [1.5, 8, 9.5, 16], "texture": "#3"},
                "up": {"uv": [0, 0, 8, 0], "rotation": 90, "texture": "#3"},
                "down": {"uv": [0, 0, 8, 0], "rotation": 270, "texture": "#3"}
            }
        },
        {
            "from": [5.80711, -0.5, 2.70711],
            "to": [5.80711, 7.5, 10.70711],
            "rotation": {"x": 0, "y": -127.5, "z": 0, "origin": [5.1, 6, 6]},
            "faces": {
                "north": {"uv": [5, 0, 5, 8], "texture": "#3"},
                "east": {"uv": [9.5, 8, 1.5, 16], "texture": "#3"},
                "south": {"uv": [5, 0, 5, 8], "texture": "#3"},
                "west": {"uv": [1.5, 8, 9.5, 16], "texture": "#3"},
                "up": {"uv": [0, 0, 8, 0], "rotation": 90, "texture": "#3"},
                "down": {"uv": [0, 0, 8, 0], "rotation": 270, "texture": "#3"}
            }
        }
    ]
}