{
    "format_version": "1.21.11",
    "credit": "Made with Blockbench",
    "parent": "minecraft:block/cross",
    "textures": {
        "3": "block/dead_bush",
        "9": "block/dead_bush_overgrowth/bone",
        "particle": "block/dead_bush"
    },
    "elements": [
        {
            "from": [0, 6, 4],
            "to": [8, 7, 12],
            "rotation": {"angle": 0, "axis": "y", "origin": [0, -1, 4]},
            "faces": {
                "north": {"uv": [0, 0, 8, 1], "texture": "#9"},
                "east": {"uv": [0, 0, 8, 1], "texture": "#9"},
                "south": {"uv": [0, 0, 8, 1], "texture": "#9"},
                "west": {"uv": [0, 0, 8, 1], "texture": "#9"},
                "up": {"uv": [0, 0, 8, 8], "texture": "#9"},
                "down": {"uv": [0, 0, 8, 8], "texture": "#9"}
            }
        },
        {
            "from": [1, 4, 12],
            "to": [4, 7, 15],
            "rotation": {"angle": 0, "axis": "y", "origin": [1, -1, 12]},
            "faces": {
                "north": {"uv": [6, 6, 9, 9], "texture": "#9"},
                "east": {"uv": [6, 6, 9, 9], "texture": "#9"},
                "south": {"uv": [6, 6, 9, 9], "texture": "#9"},
                "west": {"uv": [6, 6, 9, 9], "texture": "#9"},
                "up": {"uv": [6, 6, 9, 9], "texture": "#9"},
                "down": {"uv": [6, 6, 9, 9], "texture": "#9"}
            }
        },
        {
            "from": [1, 5, 15],
            "to": [4, 8, 17],
            "rotation": {"angle": 0, "axis": "y", "origin": [1, 0, 15]},
            "faces": {
                "north": {"uv": [6, 6, 9, 9], "texture": "#9"},
                "east": {"uv": [6, 6, 8, 9], "texture": "#9"},
                "south": {"uv": [6, 6, 9, 9], "texture": "#9"},
                "west": {"uv": [6, 6, 8, 9], "texture": "#9"},
                "up": {"uv": [6, 6, 9, 8], "texture": "#9"},
                "down": {"uv": [6, 6, 9, 8], "texture": "#9"}
            }
        },
        {
            "from": [1, 7, 17],
            "to": [3, 11, 18],
            "rotation": {"angle": 0, "axis": "y", "origin": [1, 2, 17]},
            "faces": {
                "north": {"uv": [6, 6, 8, 10], "texture": "#9"},
                "east": {"uv": [6, 6, 7, 10], "texture": "#9"},
                "south": {"uv": [6, 6, 8, 10], "texture": "#9"},
                "west": {"uv": [6, 6, 7, 10], "texture": "#9"},
                "up": {"uv": [6, 6, 8, 7], "texture": "#9"},
                "down": {"uv": [6, 6, 8, 7], "texture": "#9"}
            }
        },
        {
            "from": [1, 4, 1],
            "to": [4, 7, 4],
            "rotation": {"angle": 0, "axis": "y", "origin": [1, -1, 1]},
            "faces": {
                "north": {"uv": [6, 6, 9, 9], "texture": "#9"},
                "east": {"uv": [6, 6, 9, 9], "texture": "#9"},
                "south": {"uv": [6, 6, 9, 9], "texture": "#9"},
                "west": {"uv": [6, 6, 9, 9], "texture": "#9"},
                "up": {"uv": [6, 6, 9, 9], "texture": "#9"},
                "down": {"uv": [6, 6, 9, 9], "texture": "#9"}
            }
        },
        {
            "from": [1, 5, -1],
            "to": [4, 8, 1],
            "rotation": {"angle": 0, "axis": "y", "origin": [1, 0, -1]},
            "faces": {
                "north": {"uv": [6, 6, 9, 9], "texture": "#9"},
                "east": {"uv": [6, 6, 8, 9], "texture": "#9"},
                "south": {"uv": [6, 6, 9, 9], "texture": "#9"},
                "west": {"uv": [6, 6, 8, 9], "texture": "#9"},
                "up": {"uv": [6, 6, 9, 8], "texture": "#9"},
                "down": {"uv": [6, 6, 9, 8], "texture": "#9"}
            }
        },
        {
            "from": [1, 7, -2],
            "to": [3, 11, -1],
            "rotation": {"angle": 0, "axis": "y", "origin": [1, 2, -2]},
            "faces": {
                "north": {"uv": [6, 6, 8, 10], "texture": "#9"},
                "east": {"uv": [6, 6, 7, 10], "texture": "#9"},
                "south": {"uv": [6, 6, 8, 10], "texture": "#9"},
                "west": {"uv": [6, 6, 7, 10], "texture": "#9"},
                "up": {"uv": [6, 6, 8, 7], "texture": "#9"},
                "down": {"uv": [6, 6, 8, 7], "texture": "#9"}
            }
        },
        {
            "from": [0, 7, 5],
            "to": [7, 8, 11],
            "rotation": {"angle": 0, "axis": "y", "origin": [0, 0, 4]},
            "faces": {
                "north": {"uv": [0, 0, 7, 1], "texture": "#9"},
                "east": {"uv": [0, 0, 6, 1], "texture": "#9"},
                "south": {"uv": [0, 0, 7, 1], "texture": "#9"},
                "west": {"uv": [0, 0, 6, 1], "texture": "#9"},
                "up": {"uv": [0, 0, 7, 6], "texture": "#9"},
                "down": {"uv": [0, 0, 7, 6], "texture": "#9"}
            }
        },
        {
            "from": [-1, 1, 5],
            "to": [0, 7, 11],
            "rotation": {"angle": 0, "axis": "y", "origin": [-1, 0, 4]},
            "faces": {
                "north": {"uv": [0, 0, 1, 6], "texture": "#9"},
                "east": {"uv": [0, 0, 6, 6], "texture": "#9"},
                "south": {"uv": [0, 0, 1, 6], "texture": "#9"},
                "west": {"uv": [0, 0, 6, 6], "texture": "#9"},
                "up": {"uv": [0, 0, 1, 6], "texture": "#9"},
                "down": {"uv": [0, 0, 1, 6], "texture": "#9"}
            }
        },
        {
            "from": [0, 5, 4],
            "to": [4, 6, 12],
            "rotation": {"angle": 0, "axis": "y", "origin": [0, -2, 4]},
            "faces": {
                "north": {"uv": [0, 0, 4, 1], "texture": "#9"},
                "east": {"uv": [0, 0, 8, 1], "texture": "#9"},
                "south": {"uv": [0, 0, 4, 1], "texture": "#9"},
                "west": {"uv": [0, 0, 8, 1], "texture": "#9"},
                "up": {"uv": [0, 0, 4, 8], "texture": "#9"},
                "down": {"uv": [0, 0, 4, 8], "texture": "#9"}
            }
        },
        {
            "from": [0, 4, 4],
            "to": [5, 5, 12],
            "rotation": {"angle": 0, "axis": "y", "origin": [0, -3, 4]},
            "faces": {
                "north": {"uv": [0, 0, 5, 1], "texture": "#9"},
                "east": {"uv": [0, 0, 8, 1], "texture": "#9"},
                "south": {"uv": [0, 0, 5, 1], "texture": "#9"},
                "west": {"uv": [0, 0, 8, 1], "texture": "#9"},
                "up": {"uv": [0, 0, 5, 8], "texture": "#9"},
                "down": {"uv": [0, 0, 5, 8], "texture": "#9"}
            }
        },
        {
            "from": [7, 4, 5],
            "to": [8, 5, 11],
            "rotation": {"angle": 0, "axis": "y", "origin": [3, -3, 2]},
            "faces": {
                "north": {"uv": [0, 0, 1, 1], "texture": "#9"},
                "east": {"uv": [0, 0, 6, 1], "texture": "#9"},
                "south": {"uv": [0, 0, 1, 1], "texture": "#9"},
                "west": {"uv": [0, 0, 6, 1], "texture": "#9"},
                "up": {"uv": [0, 0, 1, 6], "texture": "#9"},
                "down": {"uv": [0, 0, 1, 6], "texture": "#9"}
            }
        },
        {
            "from": [7, 5, 5],
            "to": [8, 6, 11],
            "rotation": {"angle": 0, "axis": "y", "origin": [3, -2, 2]},
            "faces": {
                "north": {"uv": [0, 0, 1, 1], "texture": "#9"},
                "east": {"uv": [0, 0, 6, 1], "texture": "#9"},
                "south": {"uv": [0, 0, 1, 1], "texture": "#9"},
                "west": {"uv": [0, 0, 6, 1], "texture": "#9"},
                "up": {"uv": [0, 0, 1, 6], "texture": "#9"},
                "down": {"uv": [0, 0, 1, 6], "texture": "#9"}
            }
        },
        {
            "from": [0, 0, 4],
            "to": [8, 4, 12],
            "rotation": {"angle": 0, "axis": "y", "origin": [0, -4, 4]},
            "faces": {
                "north": {"uv": [8, 0, 0, 4], "texture": "#9"},
                "east": {"uv": [5, 6, 13, 10], "texture": "#9"},
                "south": {"uv": [0, 0, 8, 4], "texture": "#9"},
                "west": {"uv": [0, 0, 8, 4], "texture": "#9"},
                "up": {"uv": [0, 0, 8, 8], "texture": "#9"},
                "down": {"uv": [0, 0, 8, 8], "texture": "#9"}
            }
        },
        {
            "from": [8, 0, 5],
            "to": [10, 5, 11],
            "rotation": {"angle": 0, "axis": "y", "origin": [8, -4, 4]},
            "faces": {
                "north": {"uv": [2, 0, 0, 5], "texture": "#9"},
                "east": {"uv": [5, 6, 11, 11], "texture": "#9"},
                "south": {"uv": [0, 0, 2, 5], "texture": "#9"},
                "west": {"uv": [0, 0, 6, 5], "texture": "#9"},
                "up": {"uv": [0, 0, 2, 6], "texture": "#9"},
                "down": {"uv": [0, 0, 2, 6], "texture": "#9"}
            }
        },
        {
            "from": [10, 0, 6],
            "to": [14, 4, 10],
            "rotation": {"angle": 0, "axis": "y", "origin": [10, -4, 4]},
            "faces": {
                "north": {"uv": [4, 0, 0, 4], "texture": "#9"},
                "east": {"uv": [5, 6, 9, 10], "texture": "#9"},
                "south": {"uv": [0, 0, 4, 4], "texture": "#9"},
                "west": {"uv": [0, 0, 4, 4], "texture": "#9"},
                "up": {"uv": [0, 0, 4, 4], "texture": "#9"},
                "down": {"uv": [0, 0, 4, 4], "texture": "#9"}
            }
        },
        {
            "from": [14, 0, 6],
            "to": [15, 2, 10],
            "rotation": {"angle": 0, "axis": "y", "origin": [12, -4, 4]},
            "faces": {
                "north": {"uv": [1, 0, 0, 2], "texture": "#9"},
                "east": {"uv": [5, 6, 9, 8], "texture": "#9"},
                "south": {"uv": [0, 0, 1, 2], "texture": "#9"},
                "west": {"uv": [0, 0, 4, 2], "texture": "#9"},
                "up": {"uv": [0, 0, 1, 4], "texture": "#9"},
                "down": {"uv": [0, 0, 1, 4], "texture": "#9"}
            }
        },
        {
            "from": [15, 0, 6],
            "to": [16, 2, 10],
            "rotation": {"angle": 0, "axis": "y", "origin": [13, -4, 4]},
            "faces": {
                "north": {"uv": [1, 0, 0, 2], "texture": "#9"},
                "east": {"uv": [5, 6, 9, 8], "texture": "#9"},
                "south": {"uv": [0, 0, 1, 2], "texture": "#9"},
                "west": {"uv": [0, 0, 4, 2], "texture": "#9"},
                "up": {"uv": [0, 0, 1, 4], "texture": "#9"},
                "down": {"uv": [0, 0, 1, 4], "texture": "#9"}
            }
        },
        {
            "from": [14, 3, 6],
            "to": [15, 4, 10],
            "rotation": {"angle": 0, "axis": "y", "origin": [12, -2, 4]},
            "faces": {
                "north": {"uv": [1, 0, 0, 1], "texture": "#9"},
                "east": {"uv": [5, 6, 9, 7], "texture": "#9"},
                "south": {"uv": [0, 0, 1, 1], "texture": "#9"},
                "west": {"uv": [0, 0, 4, 1], "texture": "#9"},
                "up": {"uv": [0, 0, 1, 4], "texture": "#9"},
                "down": {"uv": [0, 0, 1, 4], "texture": "#9"}
            }
        },
        {
            "from": [14, 2, 7],
            "to": [15, 3, 9],
            "rotation": {"angle": 0, "axis": "y", "origin": [12, -3, 4]},
            "faces": {
                "north": {"uv": [1, 0, 0, 1], "texture": "#9"},
                "east": {"uv": [5, 6, 7, 7], "texture": "#9"},
                "south": {"uv": [0, 0, 1, 1], "texture": "#9"},
                "west": {"uv": [0, 0, 2, 1], "texture": "#9"},
                "up": {"uv": [0, 0, 1, 2], "texture": "#9"},
                "down": {"uv": [0, 0, 1, 2], "texture": "#9"}
            }
        },
        {
            "from": [15, 2, 7],
            "to": [16, 3, 9],
            "rotation": {"angle": 0, "axis": "y", "origin": [13, -3, 4]},
            "faces": {
                "north": {"uv": [1, 0, 0, 1], "texture": "#9"},
                "east": {"uv": [5, 6, 7, 7], "texture": "#9"},
                "south": {"uv": [0, 0, 1, 1], "texture": "#9"},
                "west": {"uv": [0, 0, 2, 1], "texture": "#9"},
                "up": {"uv": [0, 0, 1, 2], "texture": "#9"},
                "down": {"uv": [0, 0, 1, 2], "texture": "#9"}
            }
        },
        {
            "from": [9.70711, -1, 13.70711],
            "to": [17.70711, 7, 13.70711],
            "rotation": {"angle": 45, "axis": "y", "origin": [13, 5.5, 13]},
            "faces": {
                "north": {"uv": [1.5, 8, 9.5, 16], "texture": "#3"},
                "east": {"uv": [5, 0, 5, 8], "texture": "#3"},
                "south": {"uv": [9.5, 8, 1.5, 16], "texture": "#3"},
                "west": {"uv": [5, 0, 5, 8], "texture": "#3"},
                "up": {"uv": [0, 0, 8, 0], "texture": "#3"},
                "down": {"uv": [0, 0, 8, 0], "texture": "#3"}
            }
        },
        {
            "from": [13.70711, -1, 10.70711],
            "to": [13.70711, 7, 18.70711],
            "rotation": {"angle": 45, "axis": "y", "origin": [13, 5.5, 14]},
            "faces": {
                "north": {"uv": [2, 0, 2, 8], "texture": "#3"},
                "east": {"uv": [1.5, 8, 9.5, 16], "texture": "#3"},
                "south": {"uv": [5, 0, 5, 8], "texture": "#3"},
                "west": {"uv": [9.5, 8, 1.5, 16], "texture": "#3"},
                "up": {"uv": [0, 0, 8, 0], "rotation": 90, "texture": "#3"},
                "down": {"uv": [0, 0, 8, 0], "rotation": 270, "texture": "#3"}
            }
        }
    ]
}