{
    "format_version": "1.21.11",
    "credit": "Made with Blockbench",
    "parent": "minecraft:block/cross",
    "texture_size": [64, 64],
    "textures": {
        "1": "block/dead_bush_overgrowth/fake_chest",
        "2": "block/dead_bush_overgrowth/coin",
        "3": "block/dead_bush",
        "particle": "block/dead_bush"
    },
    "elements": [
        {
            "name": "base",
            "from": [11.5, -2.8, 3.85],
            "to": [12.9, 4.2, 13.65],
            "rotation": {"angle": 22.5, "axis": "x", "origin": [8, 0.7, 8.75]},
            "faces": {
                "north": {"uv": [11, 8.25, 10.5, 10.75], "rotation": 180, "texture": "#1"},
                "east": {"uv": [0, 8.25, 3.5, 10.75], "rotation": 180, "texture": "#1"},
                "south": {"uv": [3.5, 8.25, 4, 10.75], "rotation": 180, "texture": "#1"},
                "west": {"uv": [3.5, 0.5, 7, 3], "rotation": 180, "texture": "#1"},
                "up": {"uv": [7.5, 4.75, 7, 8.25], "texture": "#1"},
                "down": {"uv": [4, 8.25, 3.5, 4.75], "texture": "#1"}
            }
        },
        {
            "name": "base",
            "from": [3.1, -2.8, 3.85],
            "to": [4.5, 4.2, 13.65],
            "rotation": {"angle": 22.5, "axis": "x", "origin": [3.8, 0.7, 8.75]},
            "faces": {
                "north": {"uv": [3.5, 8.25, 4, 10.75], "rotation": 180, "texture": "#1"},
                "east": {"uv": [3.5, 0.5, 7, 3], "rotation": 180, "texture": "#1"},
                "south": {"uv": [11, 8.25, 10.5, 10.75], "rotation": 180, "texture": "#1"},
                "west": {"uv": [0, 8.25, 3.5, 10.75], "rotation": 180, "texture": "#1"},
                "up": {"uv": [7.5, 4.75, 7, 8.25], "rotation": 180, "texture": "#1"},
                "down": {"uv": [4, 8.25, 3.5, 4.75], "rotation": 180, "texture": "#1"}
            }
        },
        {
            "name": "knob",
            "from": [7.3, 1.35, 25.05],
            "to": [8.7, 4.15, 25.75],
            "rotation": {"angle": 0, "axis": "x", "origin": [8, 2.575, 15.775]},
            "faces": {
                "north": {"uv": [1, 0.25, 1.5, 1.25], "rotation": 180, "texture": "#1"},
                "east": {"uv": [0, 0.25, 0.25, 1.25], "rotation": 180, "texture": "#1"},
                "south": {"uv": [0.25, 0.25, 0.75, 1.25], "rotation": 180, "texture": "#1"},
                "west": {"uv": [0.75, 0.25, 1, 1.25], "rotation": 180, "texture": "#1"},
                "up": {"uv": [1.25, 0, 0.75, 0.25], "texture": "#1"},
                "down": {"uv": [0.75, 0.25, 0.25, 0], "texture": "#1"}
            }
        },
        {
            "name": "base",
            "from": [3.1, -0.45, 15.25],
            "to": [4.5, 3.05, 25.05],
            "rotation": {"angle": 0, "axis": "x", "origin": [8, 2.875, 15.775]},
            "faces": {
                "north": {"uv": [11, 3.5, 10.5, 4.75], "texture": "#1"},
                "east": {"uv": [3.5, 0.5, 7, 1.75], "texture": "#1"},
                "south": {"uv": [3.5, 3.5, 4, 4.75], "texture": "#1"},
                "west": {"uv": [0, 3.5, 3.5, 4.75], "texture": "#1"},
                "up": {"uv": [4, 8.25, 3.5, 4.75], "rotation": 180, "texture": "#1"},
                "down": {"uv": [7.5, 4.75, 7, 8.25], "rotation": 180, "texture": "#1"}
            }
        },
        {
            "name": "base",
            "from": [11.5, -0.45, 15.25],
            "to": [12.9, 3.05, 25.05],
            "rotation": {"angle": 0, "axis": "x", "origin": [8, 2.875, 15.775]},
            "faces": {
                "north": {"uv": [3.5, 3.5, 4, 4.75], "texture": "#1"},
                "east": {"uv": [0, 3.5, 3.5, 4.75], "texture": "#1"},
                "south": {"uv": [11, 3.5, 10.5, 4.75], "texture": "#1"},
                "west": {"uv": [3.5, 0.5, 7, 1.75], "texture": "#1"},
                "up": {"uv": [4, 8.25, 3.5, 4.75], "texture": "#1"},
                "down": {"uv": [7.5, 4.75, 7, 8.25], "texture": "#1"}
            }
        },
        {
            "name": "base",
            "from": [4.5, -0.45, 23.65],
            "to": [11.5, 3.05, 25.05],
            "rotation": {"angle": 0, "axis": "x", "origin": [8, 2.875, 15.775]},
            "faces": {
                "north": {"uv": [4, 0.75, 6.5, 2], "texture": "#1"},
                "east": {"uv": [0, 3.5, 0.5, 4.75], "texture": "#1"},
                "south": {"uv": [11, 3.5, 13.5, 4.75], "texture": "#1"},
                "west": {"uv": [7, 3.5, 7.5, 4.75], "texture": "#1"},
                "up": {"uv": [6.5, 5.25, 4, 4.75], "texture": "#1"},
                "down": {"uv": [10, 4.75, 7.5, 5.25], "texture": "#1"}
            }
        },
        {
            "name": "base",
            "from": [4.5, -0.45, 16.65],
            "to": [11.5, 0.25, 23.65],
            "rotation": {"angle": 0, "axis": "x", "origin": [8, 2.875, 15.775]},
            "faces": {
                "north": {"uv": [4, 0.5, 6.5, 0.75], "texture": "#1"},
                "east": {"uv": [0, 8.25, 2.5, 8.5], "texture": "#1"},
                "south": {"uv": [11, 8.25, 13.5, 8.5], "texture": "#1"},
                "west": {"uv": [7, 8.25, 9.5, 8.5], "texture": "#1"},
                "up": {"uv": [6.5, 3, 4, 0.5], "texture": "#1"},
                "down": {"uv": [10, 0.5, 7.5, 3], "texture": "#1"}
            }
        },
        {
            "name": "base",
            "from": [4.5, -0.45, 15.25],
            "to": [11.5, 3.05, 16.65],
            "rotation": {"angle": 0, "axis": "x", "origin": [8, 2.875, 15.775]},
            "faces": {
                "north": {"uv": [7.5, 3.5, 10, 4.75], "texture": "#1"},
                "east": {"uv": [7, 8.5, 7.5, 9.75], "texture": "#1"},
                "south": {"uv": [4, 0.75, 6.5, 2], "texture": "#1"},
                "west": {"uv": [0, 8.5, 0.5, 9.75], "texture": "#1"},
                "up": {"uv": [6.5, 5.25, 4, 4.75], "rotation": 180, "texture": "#1"},
                "down": {"uv": [10, 4.75, 7.5, 5.25], "rotation": 180, "texture": "#1"}
            }
        },
        {
            "name": "base",
            "from": [4.5, -2.8, 3.85],
            "to": [11.5, 4.2, 5.25],
            "rotation": {"angle": 22.5, "axis": "x", "origin": [8, 0.7, 8.75]},
            "faces": {
                "north": {"uv": [11, 8.25, 13.5, 10.75], "rotation": 180, "texture": "#1"},
                "east": {"uv": [0, 8.25, 0.5, 10.75], "rotation": 180, "texture": "#1"},
                "south": {"uv": [4, 0.5, 6.5, 3], "rotation": 180, "texture": "#1"},
                "west": {"uv": [7, 8.25, 7.5, 10.75], "rotation": 180, "texture": "#1"},
                "up": {"uv": [10, 4.75, 7.5, 5.25], "texture": "#1"},
                "down": {"uv": [6.5, 5.25, 4, 4.75], "texture": "#1"}
            }
        },
        {
            "from": [1.5, 0, 1.7],
            "to": [2.9, 0.7, 3.1],
            "rotation": {"x": 0, "y": -55, "z": 0, "origin": [1.5, 0, 1.7]},
            "faces": {
                "north": {"uv": [16, 0, 11, 1], "texture": "#2"},
                "east": {"uv": [11, 0, 16, 1], "texture": "#2"},
                "south": {"uv": [16, 0, 11, 1], "texture": "#2"},
                "west": {"uv": [11, 0, 16, 1], "texture": "#2"},
                "up": {"uv": [0, 0, 16, 16], "texture": "#2"},
                "down": {"uv": [0, 0, 16, 16], "texture": "#2"}
            }
        },
        {
            "from": [14.1, 0, 11.3],
            "to": [15.5, 0.7, 12.7],
            "rotation": {"angle": 22.5, "axis": "y", "origin": [14.1, 0, 11.3]},
            "faces": {
                "north": {"uv": [11.5, 7.75, 6.5, 8.75], "texture": "#2"},
                "east": {"uv": [6.5, 7.75, 11.5, 8.75], "texture": "#2"},
                "south": {"uv": [11.5, 7.75, 6.5, 8.75], "texture": "#2"},
                "west": {"uv": [6.5, 7.75, 11.5, 8.75], "texture": "#2"},
                "up": {"uv": [0, 0, 16, 16], "texture": "#2"},
                "down": {"uv": [0, 0, 16, 16], "texture": "#2"}
            }
        },
        {
            "from": [5.2, 0, 5.2],
            "to": [6.6, 0.7, 6.6],
            "rotation": {"angle": -15, "axis": "y", "origin": [5.2, 0, 5.2]},
            "faces": {
                "north": {"uv": [16, 0, 11, 1], "texture": "#2"},
                "east": {"uv": [11, 0, 16, 1], "texture": "#2"},
                "south": {"uv": [16, 0, 11, 1], "texture": "#2"},
                "west": {"uv": [11, 0, 16, 1], "texture": "#2"},
                "up": {"uv": [0, 0, 16, 16], "texture": "#2"},
                "down": {"uv": [0, 0, 16, 16], "texture": "#2"}
            }
        },
        {
            "from": [6.2, 0, 9],
            "to": [7.6, 0.7, 10.4],
            "rotation": {"angle": -27.5, "axis": "y", "origin": [6.2, 0, 9]},
            "faces": {
                "north": {"uv": [16, 0, 11, 1], "texture": "#2"},
                "east": {"uv": [11, 0, 16, 1], "texture": "#2"},
                "south": {"uv": [16, 0, 11, 1], "texture": "#2"},
                "west": {"uv": [11, 0, 16, 1], "texture": "#2"},
                "up": {"uv": [0, 0, 16, 16], "texture": "#2"},
                "down": {"uv": [0, 0, 16, 16], "texture": "#2"}
            }
        },
        {
            "from": [9.4, 0, 8],
            "to": [10.8, 0.7, 9.4],
            "rotation": {"angle": 35, "axis": "y", "origin": [9.4, 0, 8]},
            "faces": {
                "north": {"uv": [16, 0, 11, 1], "texture": "#2"},
                "east": {"uv": [11, 0, 16, 1], "texture": "#2"},
                "south": {"uv": [16, 0, 11, 1], "texture": "#2"},
                "west": {"uv": [11, 0, 16, 1], "texture": "#2"},
                "up": {"uv": [0, 0, 16, 16], "texture": "#2"},
                "down": {"uv": [0, 0, 16, 16], "texture": "#2"}
            }
        },
        {
            "from": [7.3, 0, 12.4],
            "to": [8.7, 0.7, 13.8],
            "rotation": {"x": 0, "y": 47.5, "z": 0, "origin": [7.3, 0, 12.4]},
            "faces": {
                "north": {"uv": [16, 0, 11, 1], "texture": "#2"},
                "east": {"uv": [11, 0, 16, 1], "texture": "#2"},
                "south": {"uv": [16, 0, 11, 1], "texture": "#2"},
                "west": {"uv": [11, 0, 16, 1], "texture": "#2"},
                "up": {"uv": [0, 0, 16, 15.75], "texture": "#2"},
                "down": {"uv": [0, 0, 16, 16], "texture": "#2"}
            }
        },
        {
            "from": [3.29957, -0.87443, 1.98715],
            "to": [12.29957, 6.12557, 1.98715],
            "rotation": {"x": -26.94093, "y": 5.73576, "z": 11.12501, "origin": [7.79957, 2.12557, 1.98715]},
            "faces": {
                "north": {"uv": [1.5, 8, 9.5, 16], "texture": "#3"},
                "east": {"uv": [0, 2.25, 0, 0], "texture": "#3"},
                "south": {"uv": [9.5, 8, 1.5, 16], "texture": "#3"},
                "west": {"uv": [0, 2.25, 0, 0], "texture": "#3"},
                "up": {"uv": [0, 2, 0, 0], "rotation": 270, "texture": "#3"},
                "down": {"uv": [0, 2, 0, 0], "rotation": 90, "texture": "#3"}
            }
        }
    ],
    "groups": [
        {
            "name": "base",
            "origin": [8, 0, 8],
            "color": 0,
            "children": [
                {
                    "name": "group",
                    "origin": [8, 1, 8],
                    "color": 0,
                    "children": [
                        0,
                        1,
                        {
                            "name": "group",
                            "origin": [8, 5.25, 14.25],
                            "color": 0,
                            "children": [2, 3, 4, 5, 6, 7]
                        },
                        8
                    ]
                },
                {
                    "name": "group",
                    "origin": [25, 19, 10],
                    "color": 0,
                    "children": []
                }
            ]
        },
        {
            "name": "lid",
            "origin": [8, 9, 7],
            "color": 0,
            "children": []
        },
        {
            "name": "knob",
            "origin": [8, 8, 8],
            "color": 0,
            "children": []
        },
        9,
        10,
        11,
        12,
        13,
        14,
        15
    ]
}