{
    "format_version": "1.21.11",
    "credit": "Made with Blockbench",
    "parent": "minecraft:block/cross",
    "textures": {
        "0": "block/dead_bush",
        "particle": "block/dead_bush"
    },
    "elements": [
        {
            "from": [4, -0.7, 5],
            "to": [12, 9.3, 5],
            "rotation": {"angle": -22.5, "axis": "x", "origin": [4, -0.7, 5]},
            "faces": {
                "north": {"uv": [6.5, 0.5, 0, 7.5], "texture": "#0"},
                "east": {"uv": [4, 0, 4, 8], "texture": "#0"},
                "south": {"uv": [6.5, 0.5, 0, 7.5], "texture": "#0"},
                "west": {"uv": [4, 0, 4, 8], "texture": "#0"},
                "up": {"uv": [0, 0, 8, 0], "texture": "#0"},
                "down": {"uv": [0, 0, 8, 0], "texture": "#0"}
            }
        },
        {
            "from": [3.24264, 0.3, 7.74264],
            "to": [15.24264, 12.3, 7.74264],
            "rotation": {"angle": 45, "axis": "y", "origin": [9.24264, 5.8, 7.74264]},
            "faces": {
                "north": {"uv": [1.5, 8, 9.5, 16], "texture": "#0"},
                "east": {"uv": [2, 0, 2, 11], "texture": "#0"},
                "south": {"uv": [1.5, 8, 9.5, 16], "texture": "#0"},
                "west": {"uv": [2, 0, 2, 11], "texture": "#0"},
                "up": {"uv": [0, 0, 0, 12], "rotation": 270, "texture": "#0"},
                "down": {"uv": [0, 0, 0, 12], "rotation": 90, "texture": "#0"}
            }
        },
        {
            "from": [6.84264, -0.7, 1.54264],
            "to": [6.84264, 12.3, 13.54264],
            "rotation": {"angle": 45, "axis": "y", "origin": [6.84264, 4.8, 7.54264]},
            "faces": {
                "north": {"uv": [2, 0, 2, 11], "texture": "#0"},
                "east": {"uv": [0, 0.5, 6.5, 7.5], "texture": "#0"},
                "south": {"uv": [2, 0, 2, 11], "texture": "#0"},
                "west": {"uv": [1.5, 8, 9.5, 16], "texture": "#0"},
                "up": {"uv": [0, 0, 0, 12], "texture": "#0"},
                "down": {"uv": [0, 0, 0, 12], "texture": "#0"}
            }
        },
        {
            "from": [8.5, -0.7, 2],
            "to": [8.5, 7.3, 10],
            "rotation": {"angle": 22.5, "axis": "z", "origin": [8.5, -0.7, 12]},
            "faces": {
                "north": {"uv": [4, 0, 4, 8], "texture": "#0"},
                "east": {"uv": [0, 0.5, 6.5, 7.5], "texture": "#0"},
                "south": {"uv": [4, 0, 4, 8], "texture": "#0"},
                "west": {"uv": [0, 0.5, 6.5, 7.5], "texture": "#0"},
                "up": {"uv": [0, 0, 10, 0], "rotation": 270, "texture": "#0"},
                "down": {"uv": [0, 0, 10, 0], "rotation": 90, "texture": "#0"}
            }
        },
        {
            "from": [8, -0.7, 4],
            "to": [8, 7.3, 12],
            "rotation": {"angle": -22.5, "axis": "z", "origin": [8, -0.7, 12]},
            "faces": {
                "north": {"uv": [4, 0, 4, 8], "texture": "#0"},
                "east": {"uv": [0, 0.5, 6.5, 7.5], "texture": "#0"},
                "south": {"uv": [4, 0, 4, 8], "texture": "#0"},
                "west": {"uv": [0, 0.5, 6.5, 7.5], "texture": "#0"},
                "up": {"uv": [0, 0, 10, 0], "rotation": 270, "texture": "#0"},
                "down": {"uv": [0, 0, 10, 0], "rotation": 90, "texture": "#0"}
            }
        },
        {
            "from": [4, -0.7, 7.4],
            "to": [12, 7.3, 7.4],
            "rotation": {"angle": 22.5, "axis": "x", "origin": [4, -0.7, 7.4]},
            "faces": {
                "north": {"uv": [6.5, 0.5, 0, 7.5], "texture": "#0"},
                "east": {"uv": [4, 0, 4, 8], "texture": "#0"},
                "south": {"uv": [6.5, 0.5, 0, 7.5], "texture": "#0"},
                "west": {"uv": [4, 0, 4, 8], "texture": "#0"},
                "up": {"uv": [0, 0, 8, 0], "texture": "#0"},
                "down": {"uv": [0, 0, 8, 0], "texture": "#0"}
            }
        },
        {
            "from": [4, -0.7, 6.8],
            "to": [12, 7.3, 6.8],
            "rotation": {"angle": -22.5, "axis": "x", "origin": [4, -0.7, 6.8]},
            "faces": {
                "north": {"uv": [6.5, 0.5, 0, 7.5], "texture": "#0"},
                "east": {"uv": [4, 0, 4, 8], "texture": "#0"},
                "south": {"uv": [6.5, 0.5, 0, 7.5], "texture": "#0"},
                "west": {"uv": [4, 0, 4, 8], "texture": "#0"},
                "up": {"uv": [0, 0, 8, 0], "texture": "#0"},
                "down": {"uv": [0, 0, 8, 0], "texture": "#0"}
            }
        },
        {
            "from": [4, -0.7, 9],
            "to": [12, 8.3, 9],
            "rotation": {"angle": 22.5, "axis": "x", "origin": [4, -0.7, 9]},
            "faces": {
                "north": {"uv": [6.5, 0.5, 0, 7.5], "texture": "#0"},
                "east": {"uv": [4, 0, 4, 8], "texture": "#0"},
                "south": {"uv": [6.5, 0.5, 0, 7.5], "texture": "#0"},
                "west": {"uv": [4, 0, 4, 8], "texture": "#0"},
                "up": {"uv": [0, 0, 8, 0], "texture": "#0"},
                "down": {"uv": [0, 0, 8, 0], "texture": "#0"}
            }
        },
        {
            "from": [10, -0.7, 4],
            "to": [10, 9.3, 12],
            "rotation": {"angle": -22.5, "axis": "z", "origin": [10, -0.7, 12]},
            "faces": {
                "north": {"uv": [4, 0, 4, 8], "texture": "#0"},
                "east": {"uv": [0, 0.5, 6.5, 7.5], "texture": "#0"},
                "south": {"uv": [4, 0, 4, 8], "texture": "#0"},
                "west": {"uv": [0, 0.5, 6.5, 7.5], "texture": "#0"},
                "up": {"uv": [0, 0, 10, 0], "rotation": 270, "texture": "#0"},
                "down": {"uv": [0, 0, 10, 0], "rotation": 90, "texture": "#0"}
            }
        },
        {
            "from": [6, -0.7, 2],
            "to": [6, 8.3, 10],
            "rotation": {"angle": 22.5, "axis": "z", "origin": [6, -0.7, 12]},
            "faces": {
                "north": {"uv": [4, 0, 4, 8], "texture": "#0"},
                "east": {"uv": [0, 0.5, 6.5, 7.5], "texture": "#0"},
                "south": {"uv": [4, 0, 4, 8], "texture": "#0"},
                "west": {"uv": [0, 0.5, 6.5, 7.5], "texture": "#0"},
                "up": {"uv": [0, 0, 10, 0], "rotation": 270, "texture": "#0"},
                "down": {"uv": [0, 0, 10, 0], "rotation": 90, "texture": "#0"}
            }
        },
        {
            "from": [9.24264, -0.7, 0.14264],
            "to": [9.24264, 10.3, 12.14264],
            "rotation": {"angle": 45, "axis": "y", "origin": [9.24264, 4.8, 6.14264]},
            "faces": {
                "north": {"uv": [2, 0, 2, 11], "texture": "#0"},
                "east": {"uv": [0, 0.5, 6.5, 7.5], "texture": "#0"},
                "south": {"uv": [2, 0, 2, 11], "texture": "#0"},
                "west": {"uv": [1.5, 8, 9.5, 16], "texture": "#0"},
                "up": {"uv": [0, 0, 0, 12], "texture": "#0"},
                "down": {"uv": [0, 0, 0, 12], "texture": "#0"}
            }
        },
        {
            "from": [2.24264, 0.3, 7.24264],
            "to": [14.24264, 11.3, 7.24264],
            "rotation": {"angle": 45, "axis": "y", "origin": [8.24264, 5.8, 7.24264]},
            "faces": {
                "north": {"uv": [1.5, 8, 9.5, 16], "texture": "#0"},
                "east": {"uv": [2, 0, 2, 11], "texture": "#0"},
                "south": {"uv": [1.5, 8, 9.5, 16], "texture": "#0"},
                "west": {"uv": [2, 0, 2, 11], "texture": "#0"},
                "up": {"uv": [0, 0, 0, 12], "rotation": 270, "texture": "#0"},
                "down": {"uv": [0, 0, 0, 12], "rotation": 90, "texture": "#0"}
            }
        }
    ]
}