{
    "format_version": "1.21.11",
    "credit": "Made with Blockbench",
    "parent": "minecraft:block/cross",
    "textures": {
        "3": "block/dead_bush",
        "9": "block/dead_bush_overgrowth/bone",
        "particle": "block/dead_bush"
    },
    "elements": [
        {
            "from": [1.70711, 0, 3.70711],
            "to": [1.70711, 8, 11.70711],
            "rotation": {"angle": 45, "axis": "y", "origin": [1, 6.5, 7]},
            "faces": {
                "north": {"uv": [5, 0, 5, 8], "texture": "#3"},
                "east": {"uv": [9.5, 8, 1.5, 16], "texture": "#3"},
                "south": {"uv": [5, 0, 5, 8], "texture": "#3"},
                "west": {"uv": [9.5, 8, 1.5, 16], "texture": "#3"},
                "up": {"uv": [0, 0, 8, 0], "rotation": 90, "texture": "#3"},
                "down": {"uv": [0, 0, 8, 0], "rotation": 270, "texture": "#3"}
            }
        },
        {
            "from": [-2.29289, 0, 7.70711],
            "to": [5.70711, 8, 7.70711],
            "rotation": {"angle": 45, "axis": "y", "origin": [1, 6.5, 7]},
            "faces": {
                "north": {"uv": [1.5, 8, 9.5, 16], "texture": "#3"},
                "east": {"uv": [5, 0, 5, 8], "texture": "#3"},
                "south": {"uv": [1.5, 8, 9.5, 16], "texture": "#3"},
                "west": {"uv": [5, 0, 5, 8], "texture": "#3"},
                "up": {"uv": [0, 0, 8, 0], "texture": "#3"},
                "down": {"uv": [0, 0, 8, 0], "texture": "#3"}
            }
        },
        {
            "from": [4.5, 3, -0.5],
            "to": [12.5, 4, 7.5],
            "rotation": {"angle": -22.5, "axis": "x", "origin": [8.5, 2, 7]},
            "faces": {
                "north": {"uv": [0, 0, 8, 1], "texture": "#9"},
                "east": {"uv": [0, 0, 8, 1], "texture": "#9"},
                "south": {"uv": [0, 0, 8, 1], "texture": "#9"},
                "west": {"uv": [0, 0, 8, 1], "texture": "#9"},
                "up": {"uv": [0, 0, 8, 8], "rotation": 90, "texture": "#9"},
                "down": {"uv": [0, 0, 8, 8], "rotation": 270, "texture": "#9"}
            }
        },
        {
            "from": [1.5, 1, 0.5],
            "to": [4.5, 4, 3.5],
            "rotation": {"angle": -22.5, "axis": "x", "origin": [8.5, 2, 7]},
            "faces": {
                "north": {"uv": [6, 6, 9, 9], "texture": "#9"},
                "east": {"uv": [6, 6, 9, 9], "texture": "#9"},
                "south": {"uv": [6, 6, 9, 9], "texture": "#9"},
                "west": {"uv": [6, 6, 9, 9], "texture": "#9"},
                "up": {"uv": [6, 6, 9, 9], "rotation": 90, "texture": "#9"},
                "down": {"uv": [6, 6, 9, 9], "rotation": 270, "texture": "#9"}
            }
        },
        {
            "from": [12.5, 1, 0.5],
            "to": [15.5, 4, 3.5],
            "rotation": {"angle": -22.5, "axis": "x", "origin": [8.5, 2, 7]},
            "faces": {
                "north": {"uv": [6, 6, 9, 9], "texture": "#9"},
                "east": {"uv": [6, 6, 9, 9], "texture": "#9"},
                "south": {"uv": [6, 6, 9, 9], "texture": "#9"},
                "west": {"uv": [6, 6, 9, 9], "texture": "#9"},
                "up": {"uv": [6, 6, 9, 9], "rotation": 90, "texture": "#9"},
                "down": {"uv": [6, 6, 9, 9], "rotation": 270, "texture": "#9"}
            }
        },
        {
            "from": [15.5, 2, 0.5],
            "to": [17.5, 5, 3.5],
            "rotation": {"angle": -22.5, "axis": "x", "origin": [8.5, 2, 7]},
            "faces": {
                "north": {"uv": [6, 6, 8, 9], "texture": "#9"},
                "east": {"uv": [6, 6, 9, 9], "texture": "#9"},
                "south": {"uv": [6, 6, 8, 9], "texture": "#9"},
                "west": {"uv": [6, 6, 9, 9], "texture": "#9"},
                "up": {"uv": [6, 6, 9, 8], "rotation": 90, "texture": "#9"},
                "down": {"uv": [6, 6, 9, 8], "rotation": 270, "texture": "#9"}
            }
        },
        {
            "from": [17.5, 4, 0.5],
            "to": [18.5, 8, 2.5],
            "rotation": {"angle": -22.5, "axis": "x", "origin": [8.5, 2, 7]},
            "faces": {
                "north": {"uv": [6, 6, 7, 10], "texture": "#9"},
                "east": {"uv": [6, 6, 8, 10], "texture": "#9"},
                "south": {"uv": [6, 6, 7, 10], "texture": "#9"},
                "west": {"uv": [6, 6, 8, 10], "texture": "#9"},
                "up": {"uv": [6, 6, 8, 7], "rotation": 90, "texture": "#9"},
                "down": {"uv": [6, 6, 8, 7], "rotation": 270, "texture": "#9"}
            }
        },
        {
            "from": [5.5, 4, -0.5],
            "to": [11.5, 5, 6.5],
            "rotation": {"angle": -22.5, "axis": "x", "origin": [8.5, 2, 7]},
            "faces": {
                "north": {"uv": [0, 0, 6, 1], "texture": "#9"},
                "east": {"uv": [0, 0, 7, 1], "texture": "#9"},
                "south": {"uv": [0, 0, 6, 1], "texture": "#9"},
                "west": {"uv": [0, 0, 7, 1], "texture": "#9"},
                "up": {"uv": [0, 0, 7, 6], "rotation": 90, "texture": "#9"},
                "down": {"uv": [0, 0, 7, 6], "rotation": 270, "texture": "#9"}
            }
        },
        {
            "from": [5.5, -2, -1.5],
            "to": [11.5, 4, -0.5],
            "rotation": {"angle": -22.5, "axis": "x", "origin": [8.5, 2, 7]},
            "faces": {
                "north": {"uv": [0, 0, 6, 6], "texture": "#9"},
                "east": {"uv": [0, 0, 1, 6], "texture": "#9"},
                "south": {"uv": [0, 0, 6, 6], "texture": "#9"},
                "west": {"uv": [0, 0, 1, 6], "texture": "#9"},
                "up": {"uv": [0, 0, 1, 6], "rotation": 90, "texture": "#9"},
                "down": {"uv": [0, 0, 1, 6], "rotation": 270, "texture": "#9"}
            }
        },
        {
            "from": [4.5, 2, -0.5],
            "to": [12.5, 3, 3.5],
            "rotation": {"angle": -22.5, "axis": "x", "origin": [8.5, 2, 7]},
            "faces": {
                "north": {"uv": [0, 0, 8, 1], "texture": "#9"},
                "east": {"uv": [0, 0, 4, 1], "texture": "#9"},
                "south": {"uv": [0, 0, 8, 1], "texture": "#9"},
                "west": {"uv": [0, 0, 4, 1], "texture": "#9"},
                "up": {"uv": [0, 0, 4, 8], "rotation": 90, "texture": "#9"},
                "down": {"uv": [0, 0, 4, 8], "rotation": 270, "texture": "#9"}
            }
        },
        {
            "from": [4.5, 1, -0.5],
            "to": [12.5, 2, 4.5],
            "rotation": {"angle": -22.5, "axis": "x", "origin": [8.5, 2, 7]},
            "faces": {
                "north": {"uv": [0, 0, 8, 1], "texture": "#9"},
                "east": {"uv": [0, 0, 5, 1], "texture": "#9"},
                "south": {"uv": [0, 0, 8, 1], "texture": "#9"},
                "west": {"uv": [0, 0, 5, 1], "texture": "#9"},
                "up": {"uv": [0, 0, 5, 8], "rotation": 90, "texture": "#9"},
                "down": {"uv": [0, 0, 5, 8], "rotation": 270, "texture": "#9"}
            }
        },
        {
            "from": [5.5, 1, 6.5],
            "to": [11.5, 2, 7.5],
            "rotation": {"angle": -22.5, "axis": "x", "origin": [8.5, 2, 7]},
            "faces": {
                "north": {"uv": [0, 0, 6, 1], "texture": "#9"},
                "east": {"uv": [0, 0, 1, 1], "texture": "#9"},
                "south": {"uv": [0, 0, 6, 1], "texture": "#9"},
                "west": {"uv": [0, 0, 1, 1], "texture": "#9"},
                "up": {"uv": [0, 0, 1, 6], "rotation": 90, "texture": "#9"},
                "down": {"uv": [0, 0, 1, 6], "rotation": 270, "texture": "#9"}
            }
        },
        {
            "from": [5.5, 2, 6.5],
            "to": [11.5, 3, 7.5],
            "rotation": {"angle": -22.5, "axis": "x", "origin": [8.5, 2, 7]},
            "faces": {
                "north": {"uv": [0, 0, 6, 1], "texture": "#9"},
                "east": {"uv": [0, 0, 1, 1], "texture": "#9"},
                "south": {"uv": [0, 0, 6, 1], "texture": "#9"},
                "west": {"uv": [0, 0, 1, 1], "texture": "#9"},
                "up": {"uv": [0, 0, 1, 6], "rotation": 90, "texture": "#9"},
                "down": {"uv": [0, 0, 1, 6], "rotation": 270, "texture": "#9"}
            }
        },
        {
            "from": [4.5, -3, -0.5],
            "to": [12.5, 1, 7.5],
            "rotation": {"angle": -22.5, "axis": "x", "origin": [8.5, 2, 7]},
            "faces": {
                "north": {"uv": [0, 0, 8, 4], "texture": "#9"},
                "east": {"uv": [8, 0, 0, 4], "texture": "#9"},
                "south": {"uv": [5, 6, 13, 10], "texture": "#9"},
                "west": {"uv": [0, 0, 8, 4], "texture": "#9"},
                "up": {"uv": [0, 0, 8, 8], "rotation": 90, "texture": "#9"},
                "down": {"uv": [0, 0, 8, 8], "rotation": 270, "texture": "#9"}
            }
        },
        {
            "from": [5.5, -3, 7.5],
            "to": [11.5, 2, 9.5],
            "rotation": {"angle": -22.5, "axis": "x", "origin": [8.5, 2, 7]},
            "faces": {
                "north": {"uv": [0, 0, 6, 5], "texture": "#9"},
                "east": {"uv": [2, 0, 0, 5], "texture": "#9"},
                "south": {"uv": [5, 6, 11, 11], "texture": "#9"},
                "west": {"uv": [0, 0, 2, 5], "texture": "#9"},
                "up": {"uv": [0, 0, 2, 6], "rotation": 90, "texture": "#9"},
                "down": {"uv": [0, 0, 2, 6], "rotation": 270, "texture": "#9"}
            }
        },
        {
            "from": [6.5, -3, 9.5],
            "to": [10.5, 1, 13.5],
            "rotation": {"angle": -22.5, "axis": "x", "origin": [8.5, 2, 7]},
            "faces": {
                "north": {"uv": [0, 0, 4, 4], "texture": "#9"},
                "east": {"uv": [4, 0, 0, 4], "texture": "#9"},
                "south": {"uv": [5, 6, 9, 10], "texture": "#9"},
                "west": {"uv": [0, 0, 4, 4], "texture": "#9"},
                "up": {"uv": [0, 0, 4, 4], "rotation": 90, "texture": "#9"},
                "down": {"uv": [0, 0, 4, 4], "rotation": 270, "texture": "#9"}
            }
        },
        {
            "from": [6.5, -3, 13.5],
            "to": [10.5, -1, 14.5],
            "rotation": {"angle": -22.5, "axis": "x", "origin": [8.5, 2, 7]},
            "faces": {
                "north": {"uv": [0, 0, 4, 2], "texture": "#9"},
                "east": {"uv": [1, 0, 0, 2], "texture": "#9"},
                "south": {"uv": [5, 6, 9, 8], "texture": "#9"},
                "west": {"uv": [0, 0, 1, 2], "texture": "#9"},
                "up": {"uv": [0, 0, 1, 4], "rotation": 90, "texture": "#9"},
                "down": {"uv": [0, 0, 1, 4], "rotation": 270, "texture": "#9"}
            }
        },
        {
            "from": [6.5, -3, 14.5],
            "to": [10.5, -1, 15.5],
            "rotation": {"angle": -22.5, "axis": "x", "origin": [8.5, 2, 7]},
            "faces": {
                "north": {"uv": [0, 0, 4, 2], "texture": "#9"},
                "east": {"uv": [1, 0, 0, 2], "texture": "#9"},
                "south": {"uv": [5, 6, 9, 8], "texture": "#9"},
                "west": {"uv": [0, 0, 1, 2], "texture": "#9"},
                "up": {"uv": [0, 0, 1, 4], "rotation": 90, "texture": "#9"},
                "down": {"uv": [0, 0, 1, 4], "rotation": 270, "texture": "#9"}
            }
        },
        {
            "from": [6.5, 0, 13.5],
            "to": [10.5, 1, 14.5],
            "rotation": {"angle": -22.5, "axis": "x", "origin": [8.5, 2, 7]},
            "faces": {
                "north": {"uv": [0, 0, 4, 1], "texture": "#9"},
                "east": {"uv": [1, 0, 0, 1], "texture": "#9"},
                "south": {"uv": [5, 6, 9, 7], "texture": "#9"},
                "west": {"uv": [0, 0, 1, 1], "texture": "#9"},
                "up": {"uv": [0, 0, 1, 4], "rotation": 90, "texture": "#9"},
                "down": {"uv": [0, 0, 1, 4], "rotation": 270, "texture": "#9"}
            }
        },
        {
            "from": [7.5, -1, 13.5],
            "to": [9.5, 0, 14.5],
            "rotation": {"angle": -22.5, "axis": "x", "origin": [8.5, 2, 7]},
            "faces": {
                "north": {"uv": [0, 0, 2, 1], "texture": "#9"},
                "east": {"uv": [1, 0, 0, 1], "texture": "#9"},
                "south": {"uv": [5, 6, 7, 7], "texture": "#9"},
                "west": {"uv": [0, 0, 1, 1], "texture": "#9"},
                "up": {"uv": [0, 0, 1, 2], "rotation": 90, "texture": "#9"},
                "down": {"uv": [0, 0, 1, 2], "rotation": 270, "texture": "#9"}
            }
        },
        {
            "from": [7.5, -1, 14.5],
            "to": [9.5, 0, 15.5],
            "rotation": {"angle": -22.5, "axis": "x", "origin": [8.5, 2, 7]},
            "faces": {
                "north": {"uv": [0, 0, 2, 1], "texture": "#9"},
                "east": {"uv": [1, 0, 0, 1], "texture": "#9"},
                "south": {"uv": [5, 6, 7, 7], "texture": "#9"},
                "west": {"uv": [0, 0, 1, 1], "texture": "#9"},
                "up": {"uv": [0, 0, 1, 2], "rotation": 90, "texture": "#9"},
                "down": {"uv": [0, 0, 1, 2], "rotation": 270, "texture": "#9"}
            }
        }
    ]
}