{
    "format_version": "1.21.11",
    "credit": "Made with Blockbench",
    "parent": "minecraft:block/cross",
    "textures": {
        "3": "block/dead_bush",
        "9": "block/bone_block_top",
        "particle": "block/dead_bush"
    },
    "elements": [
        {
            "from": [-3, 0, 8],
            "to": [18, 2, 10],
            "rotation": {"angle": 0, "axis": "y", "origin": [8, 6.5, 9]},
            "faces": {
                "north": {"uv": [0, 0, 16, 2], "texture": "#9"},
                "east": {"uv": [0, 0, 2, 2], "texture": "#9"},
                "south": {"uv": [0, 0, 16, 2], "texture": "#9"},
                "west": {"uv": [0, 0, 2, 2], "texture": "#9"},
                "up": {"uv": [0, 0, 2, 16], "rotation": 90, "texture": "#9"},
                "down": {"uv": [0, 0, 2, 16], "rotation": 270, "texture": "#9"}
            }
        },
        {
            "from": [13, 0, 10],
            "to": [16, 1, 17],
            "rotation": {"angle": 0, "axis": "y", "origin": [8, 6.5, 9]},
            "faces": {
                "north": {"uv": [0, 0, 3, 1], "texture": "#9"},
                "east": {"uv": [0, 0, 7, 1], "texture": "#9"},
                "south": {"uv": [0, 0, 3, 1], "texture": "#9"},
                "west": {"uv": [0, 0, 7, 1], "texture": "#9"},
                "up": {"uv": [0, 0, 7, 3], "rotation": 90, "texture": "#9"},
                "down": {"uv": [0, 0, 7, 3], "rotation": 270, "texture": "#9"}
            }
        },
        {
            "from": [13, 0, 1],
            "to": [16, 1, 8],
            "rotation": {"angle": 0, "axis": "y", "origin": [8, 6.5, 9]},
            "faces": {
                "north": {"uv": [0, 0, 3, 1], "texture": "#9"},
                "east": {"uv": [0, 0, 7, 1], "texture": "#9"},
                "south": {"uv": [0, 0, 3, 1], "texture": "#9"},
                "west": {"uv": [0, 0, 7, 1], "texture": "#9"},
                "up": {"uv": [0, 0, 7, 3], "rotation": 90, "texture": "#9"},
                "down": {"uv": [0, 0, 7, 3], "rotation": 270, "texture": "#9"}
            }
        },
        {
            "from": [13, 1, 16],
            "to": [16, 2, 18],
            "rotation": {"angle": 0, "axis": "y", "origin": [8, 6.5, 9]},
            "faces": {
                "north": {"uv": [0, 0, 3, 1], "texture": "#9"},
                "east": {"uv": [0, 0, 2, 1], "texture": "#9"},
                "south": {"uv": [0, 0, 3, 1], "texture": "#9"},
                "west": {"uv": [0, 0, 2, 1], "texture": "#9"},
                "up": {"uv": [0, 0, 2, 3], "rotation": 90, "texture": "#9"},
                "down": {"uv": [0, 0, 2, 3], "rotation": 270, "texture": "#9"}
            }
        },
        {
            "from": [13, 2, 17],
            "to": [16, 11, 18],
            "rotation": {"angle": 0, "axis": "y", "origin": [8, 6.5, 9]},
            "faces": {
                "north": {"uv": [0, 0, 3, 9], "texture": "#9"},
                "east": {"uv": [0, 0, 1, 9], "texture": "#9"},
                "south": {"uv": [0, 0, 3, 9], "texture": "#9"},
                "west": {"uv": [0, 0, 1, 9], "texture": "#9"},
                "up": {"uv": [0, 0, 1, 3], "rotation": 90, "texture": "#9"},
                "down": {"uv": [0, 0, 1, 3], "rotation": 270, "texture": "#9"}
            }
        },
        {
            "from": [13, 11, 16],
            "to": [16, 12, 18],
            "rotation": {"angle": 0, "axis": "y", "origin": [8, 6.5, 9]},
            "faces": {
                "north": {"uv": [0, 0, 3, 1], "texture": "#9"},
                "east": {"uv": [0, 0, 2, 1], "texture": "#9"},
                "south": {"uv": [0, 0, 3, 1], "texture": "#9"},
                "west": {"uv": [0, 0, 2, 1], "texture": "#9"},
                "up": {"uv": [0, 0, 2, 3], "rotation": 90, "texture": "#9"},
                "down": {"uv": [0, 0, 2, 3], "rotation": 270, "texture": "#9"}
            }
        },
        {
            "from": [13, 12, 12],
            "to": [16, 13, 17],
            "rotation": {"angle": 0, "axis": "y", "origin": [8, 6.5, 9]},
            "faces": {
                "north": {"uv": [0, 0, 3, 1], "texture": "#9"},
                "east": {"uv": [0, 0, 5, 1], "texture": "#9"},
                "south": {"uv": [0, 0, 3, 1], "texture": "#9"},
                "west": {"uv": [0, 0, 5, 1], "texture": "#9"},
                "up": {"uv": [0, 0, 5, 3], "rotation": 90, "texture": "#9"},
                "down": {"uv": [0, 0, 5, 3], "rotation": 270, "texture": "#9"}
            }
        },
        {
            "from": [13, 11, 0],
            "to": [16, 12, 2],
            "rotation": {"angle": 0, "axis": "y", "origin": [8, 6.5, 9]},
            "faces": {
                "north": {"uv": [0, 0, 3, 1], "texture": "#9"},
                "east": {"uv": [0, 0, 2, 1], "texture": "#9"},
                "south": {"uv": [0, 0, 3, 1], "texture": "#9"},
                "west": {"uv": [0, 0, 2, 1], "texture": "#9"},
                "up": {"uv": [0, 0, 2, 3], "rotation": 90, "texture": "#9"},
                "down": {"uv": [0, 0, 2, 3], "rotation": 270, "texture": "#9"}
            }
        },
        {
            "from": [13, 2, 0],
            "to": [16, 11, 1],
            "rotation": {"angle": 0, "axis": "y", "origin": [8, 6.5, 9]},
            "faces": {
                "north": {"uv": [0, 0, 3, 9], "texture": "#9"},
                "east": {"uv": [0, 0, 1, 9], "texture": "#9"},
                "south": {"uv": [0, 0, 3, 9], "texture": "#9"},
                "west": {"uv": [0, 0, 1, 9], "texture": "#9"},
                "up": {"uv": [0, 0, 1, 3], "rotation": 90, "texture": "#9"},
                "down": {"uv": [0, 0, 1, 3], "rotation": 270, "texture": "#9"}
            }
        },
        {
            "from": [13, 1, 0],
            "to": [16, 2, 2],
            "rotation": {"angle": 0, "axis": "y", "origin": [8, 6.5, 9]},
            "faces": {
                "north": {"uv": [0, 0, 3, 1], "texture": "#9"},
                "east": {"uv": [0, 0, 2, 1], "texture": "#9"},
                "south": {"uv": [0, 0, 3, 1], "texture": "#9"},
                "west": {"uv": [0, 0, 2, 1], "texture": "#9"},
                "up": {"uv": [0, 0, 2, 3], "rotation": 90, "texture": "#9"},
                "down": {"uv": [0, 0, 2, 3], "rotation": 270, "texture": "#9"}
            }
        },
        {
            "from": [7, 1, 0],
            "to": [10, 2, 2],
            "rotation": {"angle": 0, "axis": "y", "origin": [8, 6.5, 9]},
            "faces": {
                "north": {"uv": [0, 0, 3, 1], "texture": "#9"},
                "east": {"uv": [0, 0, 2, 1], "texture": "#9"},
                "south": {"uv": [0, 0, 3, 1], "texture": "#9"},
                "west": {"uv": [0, 0, 2, 1], "texture": "#9"},
                "up": {"uv": [0, 0, 2, 3], "rotation": 90, "texture": "#9"},
                "down": {"uv": [0, 0, 2, 3], "rotation": 270, "texture": "#9"}
            }
        },
        {
            "from": [7, 2, 0],
            "to": [10, 11, 1],
            "rotation": {"angle": 0, "axis": "y", "origin": [8, 6.5, 9]},
            "faces": {
                "north": {"uv": [0, 0, 3, 9], "texture": "#9"},
                "east": {"uv": [0, 0, 1, 9], "texture": "#9"},
                "south": {"uv": [0, 0, 3, 9], "texture": "#9"},
                "west": {"uv": [0, 0, 1, 9], "texture": "#9"},
                "up": {"uv": [0, 0, 1, 3], "rotation": 90, "texture": "#9"},
                "down": {"uv": [0, 0, 1, 3], "rotation": 270, "texture": "#9"}
            }
        },
        {
            "from": [7, 11, 0],
            "to": [10, 12, 2],
            "rotation": {"angle": 0, "axis": "y", "origin": [8, 6.5, 9]},
            "faces": {
                "north": {"uv": [0, 0, 3, 1], "texture": "#9"},
                "east": {"uv": [0, 0, 2, 1], "texture": "#9"},
                "south": {"uv": [0, 0, 3, 1], "texture": "#9"},
                "west": {"uv": [0, 0, 2, 1], "texture": "#9"},
                "up": {"uv": [0, 0, 2, 3], "rotation": 90, "texture": "#9"},
                "down": {"uv": [0, 0, 2, 3], "rotation": 270, "texture": "#9"}
            }
        },
        {
            "from": [7, 12, 1],
            "to": [10, 13, 6],
            "rotation": {"angle": 0, "axis": "y", "origin": [8, 6.5, 9]},
            "faces": {
                "north": {"uv": [0, 0, 3, 1], "texture": "#9"},
                "east": {"uv": [0, 0, 5, 1], "texture": "#9"},
                "south": {"uv": [0, 0, 3, 1], "texture": "#9"},
                "west": {"uv": [0, 0, 5, 1], "texture": "#9"},
                "up": {"uv": [0, 0, 5, 3], "rotation": 90, "texture": "#9"},
                "down": {"uv": [0, 0, 5, 3], "rotation": 270, "texture": "#9"}
            }
        },
        {
            "from": [7, 2, 17],
            "to": [10, 7, 18],
            "rotation": {"angle": 0, "axis": "y", "origin": [8, 6.5, 9]},
            "faces": {
                "north": {"uv": [0, 0, 3, 5], "texture": "#9"},
                "east": {"uv": [0, 0, 1, 5], "texture": "#9"},
                "south": {"uv": [0, 0, 3, 5], "texture": "#9"},
                "west": {"uv": [0, 0, 1, 5], "texture": "#9"},
                "up": {"uv": [0, 0, 1, 3], "rotation": 90, "texture": "#9"},
                "down": {"uv": [0, 0, 1, 3], "rotation": 270, "texture": "#9"}
            }
        },
        {
            "from": [7, 1, 16],
            "to": [10, 2, 18],
            "rotation": {"angle": 0, "axis": "y", "origin": [8, 6.5, 9]},
            "faces": {
                "north": {"uv": [0, 0, 3, 1], "texture": "#9"},
                "east": {"uv": [0, 0, 2, 1], "texture": "#9"},
                "south": {"uv": [0, 0, 3, 1], "texture": "#9"},
                "west": {"uv": [0, 0, 2, 1], "texture": "#9"},
                "up": {"uv": [0, 0, 2, 3], "rotation": 90, "texture": "#9"},
                "down": {"uv": [0, 0, 2, 3], "rotation": 270, "texture": "#9"}
            }
        },
        {
            "from": [7, 0, 1],
            "to": [10, 1, 8],
            "rotation": {"angle": 0, "axis": "y", "origin": [8, 6.5, 9]},
            "faces": {
                "north": {"uv": [0, 0, 3, 1], "texture": "#9"},
                "east": {"uv": [0, 0, 7, 1], "texture": "#9"},
                "south": {"uv": [0, 0, 3, 1], "texture": "#9"},
                "west": {"uv": [0, 0, 7, 1], "texture": "#9"},
                "up": {"uv": [0, 0, 7, 3], "rotation": 90, "texture": "#9"},
                "down": {"uv": [0, 0, 7, 3], "rotation": 270, "texture": "#9"}
            }
        },
        {
            "from": [7, 0, 10],
            "to": [10, 1, 17],
            "rotation": {"angle": 0, "axis": "y", "origin": [8, 6.5, 9]},
            "faces": {
                "north": {"uv": [0, 0, 3, 1], "texture": "#9"},
                "east": {"uv": [0, 0, 7, 1], "texture": "#9"},
                "south": {"uv": [0, 0, 3, 1], "texture": "#9"},
                "west": {"uv": [0, 0, 7, 1], "texture": "#9"},
                "up": {"uv": [0, 0, 7, 3], "rotation": 90, "texture": "#9"},
                "down": {"uv": [0, 0, 7, 3], "rotation": 270, "texture": "#9"}
            }
        },
        {
            "from": [1, 1, 0],
            "to": [4, 2, 2],
            "rotation": {"angle": 0, "axis": "y", "origin": [8, 6.5, 9]},
            "faces": {
                "north": {"uv": [0, 0, 3, 1], "texture": "#9"},
                "east": {"uv": [0, 0, 2, 1], "texture": "#9"},
                "south": {"uv": [0, 0, 3, 1], "texture": "#9"},
                "west": {"uv": [0, 0, 2, 1], "texture": "#9"},
                "up": {"uv": [0, 0, 2, 3], "rotation": 90, "texture": "#9"},
                "down": {"uv": [0, 0, 2, 3], "rotation": 270, "texture": "#9"}
            }
        },
        {
            "from": [1, 2, 0],
            "to": [4, 5, 1],
            "rotation": {"angle": 0, "axis": "y", "origin": [8, 6.5, 9]},
            "faces": {
                "north": {"uv": [0, 0, 3, 3], "texture": "#9"},
                "east": {"uv": [0, 0, 1, 3], "texture": "#9"},
                "south": {"uv": [0, 0, 3, 3], "texture": "#9"},
                "west": {"uv": [0, 0, 1, 3], "texture": "#9"},
                "up": {"uv": [0, 0, 1, 3], "rotation": 90, "texture": "#9"},
                "down": {"uv": [0, 0, 1, 3], "rotation": 270, "texture": "#9"}
            }
        },
        {
            "from": [1, 10, 16],
            "to": [4, 11, 18],
            "rotation": {"angle": 0, "axis": "y", "origin": [8, 6.5, 9]},
            "faces": {
                "north": {"uv": [0, 0, 3, 1], "texture": "#9"},
                "east": {"uv": [0, 0, 2, 1], "texture": "#9"},
                "south": {"uv": [0, 0, 3, 1], "texture": "#9"},
                "west": {"uv": [0, 0, 2, 1], "texture": "#9"},
                "up": {"uv": [0, 0, 2, 3], "rotation": 90, "texture": "#9"},
                "down": {"uv": [0, 0, 2, 3], "rotation": 270, "texture": "#9"}
            }
        },
        {
            "from": [1, 2, 17],
            "to": [4, 10, 18],
            "rotation": {"angle": 0, "axis": "y", "origin": [8, 6.5, 9]},
            "faces": {
                "north": {"uv": [0, 0, 3, 8], "texture": "#9"},
                "east": {"uv": [0, 0, 1, 8], "texture": "#9"},
                "south": {"uv": [0, 0, 3, 8], "texture": "#9"},
                "west": {"uv": [0, 0, 1, 8], "texture": "#9"},
                "up": {"uv": [0, 0, 1, 3], "rotation": 90, "texture": "#9"},
                "down": {"uv": [0, 0, 1, 3], "rotation": 270, "texture": "#9"}
            }
        },
        {
            "from": [1, 1, 16],
            "to": [4, 2, 18],
            "rotation": {"angle": 0, "axis": "y", "origin": [8, 6.5, 9]},
            "faces": {
                "north": {"uv": [0, 0, 3, 1], "texture": "#9"},
                "east": {"uv": [0, 0, 2, 1], "texture": "#9"},
                "south": {"uv": [0, 0, 3, 1], "texture": "#9"},
                "west": {"uv": [0, 0, 2, 1], "texture": "#9"},
                "up": {"uv": [0, 0, 2, 3], "rotation": 90, "texture": "#9"},
                "down": {"uv": [0, 0, 2, 3], "rotation": 270, "texture": "#9"}
            }
        },
        {
            "from": [1, 0, 1],
            "to": [4, 1, 8],
            "rotation": {"angle": 0, "axis": "y", "origin": [8, 6.5, 9]},
            "faces": {
                "north": {"uv": [0, 0, 3, 1], "texture": "#9"},
                "east": {"uv": [0, 0, 7, 1], "texture": "#9"},
                "south": {"uv": [0, 0, 3, 1], "texture": "#9"},
                "west": {"uv": [0, 0, 7, 1], "texture": "#9"},
                "up": {"uv": [0, 0, 7, 3], "rotation": 90, "texture": "#9"},
                "down": {"uv": [0, 0, 7, 3], "rotation": 270, "texture": "#9"}
            }
        },
        {
            "from": [1, 0, 10],
            "to": [4, 1, 17],
            "rotation": {"angle": 0, "axis": "y", "origin": [8, 6.5, 9]},
            "faces": {
                "north": {"uv": [0, 0, 3, 1], "texture": "#9"},
                "east": {"uv": [0, 0, 7, 1], "texture": "#9"},
                "south": {"uv": [0, 0, 3, 1], "texture": "#9"},
                "west": {"uv": [0, 0, 7, 1], "texture": "#9"},
                "up": {"uv": [0, 0, 7, 3], "rotation": 90, "texture": "#9"},
                "down": {"uv": [0, 0, 7, 3], "rotation": 270, "texture": "#9"}
            }
        },
        {
            "from": [18, 0, 8],
            "to": [20, 1, 10],
            "rotation": {"angle": 0, "axis": "y", "origin": [8, 6.5, 9]},
            "faces": {
                "north": {"uv": [0, 0, 2, 1], "texture": "#9"},
                "east": {"uv": [0, 0, 2, 1], "texture": "#9"},
                "south": {"uv": [0, 0, 2, 1], "texture": "#9"},
                "west": {"uv": [0, 0, 2, 1], "texture": "#9"},
                "up": {"uv": [0, 0, 2, 2], "rotation": 90, "texture": "#9"},
                "down": {"uv": [0, 0, 2, 2], "rotation": 270, "texture": "#9"}
            }
        },
        {
            "from": [-4, 0, 7],
            "to": [-2, 1, 9],
            "rotation": {"angle": 0, "axis": "y", "origin": [8, 6.5, 9]},
            "faces": {
                "north": {"uv": [0, 0, 2, 1], "texture": "#9"},
                "east": {"uv": [0, 0, 2, 1], "texture": "#9"},
                "south": {"uv": [0, 0, 2, 1], "texture": "#9"},
                "west": {"uv": [0, 0, 2, 1], "texture": "#9"},
                "up": {"uv": [0, 0, 2, 2], "rotation": 90, "texture": "#9"},
                "down": {"uv": [0, 0, 2, 2], "rotation": 270, "texture": "#9"}
            }
        },
        {
            "from": [5.50711, 0, 2.70711],
            "to": [5.50711, 8, 10.70711],
            "rotation": {"angle": 45, "axis": "y", "origin": [4.8, 6.5, 6]},
            "faces": {
                "north": {"uv": [5, 0, 5, 8], "texture": "#3"},
                "east": {"uv": [9.5, 8, 1.5, 16], "texture": "#3"},
                "south": {"uv": [5, 0, 5, 8], "texture": "#3"},
                "west": {"uv": [9.5, 8, 1.5, 16], "texture": "#3"},
                "up": {"uv": [0, 0, 8, 0], "rotation": 90, "texture": "#3"},
                "down": {"uv": [0, 0, 8, 0], "rotation": 270, "texture": "#3"}
            }
        },
        {
            "from": [8.10711, -3.3, 13.60711],
            "to": [16.10711, 4.7, 13.60711],
            "rotation": {"angle": 45, "axis": "y", "origin": [11.4, 3.2, 12.9]},
            "faces": {
                "north": {"uv": [1.5, 8, 9.5, 16], "texture": "#3"},
                "east": {"uv": [5, 0, 5, 8], "texture": "#3"},
                "south": {"uv": [9.5, 8, 1.5, 16], "texture": "#3"},
                "west": {"uv": [5, 0, 5, 8], "texture": "#3"},
                "up": {"uv": [0, 0, 8, 0], "texture": "#3"},
                "down": {"uv": [0, 0, 8, 0], "texture": "#3"}
            }
        },
        {
            "from": [5.10711, -0.5, 3.70711],
            "to": [5.10711, 7.5, 11.70711],
            "rotation": {"x": 0, "y": 120, "z": 0, "origin": [4.4, 6, 7]},
            "faces": {
                "north": {"uv": [5, 0, 5, 8], "texture": "#3"},
                "east": {"uv": [9.5, 8, 1.5, 16], "texture": "#3"},
                "south": {"uv": [5, 0, 5, 8], "texture": "#3"},
                "west": {"uv": [1.5, 8, 9.5, 16], "texture": "#3"},
                "up": {"uv": [0, 0, 8, 0], "rotation": 90, "texture": "#3"},
                "down": {"uv": [0, 0, 8, 0], "rotation": 270, "texture": "#3"}
            }
        }
    ],
    "groups": [
        {
            "name": "group",
            "origin": [8, 6.5, 9],
            "color": 0,
            "children": [0, 1, 2, 3, 4, 5, 6, 7, 8, 9, 10, 11, 12, 13, 14, 15, 16, 17, 18, 19, 20, 21, 22, 23, 24, 25, 26]
        },
        27,
        28,
        29
    ]
}