{
    "format_version": "1.21.11",
    "credit": "Made with Blockbench",
    "parent": "minecraft:block/cross",
    "textures": {
        "3": "block/dead_bush",
        "9": "block/bone_block_top",
        "particle": "block/dead_bush"
    },
    "elements": [
        {
            "from": [-3, 0, 8],
            "to": [18, 2, 10],
            "rotation": {"angle": 0, "axis": "y", "origin": [8, 6.5, 9]},
            "faces": {
                "north": {"uv": [0, 0, 16, 2], "texture": "#9"},
                "east": {"uv": [0, 0, 2, 2], "texture": "#9"},
                "south": {"uv": [0, 0, 16, 2], "texture": "#9"},
                "west": {"uv": [0, 0, 2, 2], "texture": "#9"},
                "up": {"uv": [0, 0, 2, 16], "rotation": 90, "texture": "#9"},
                "down": {"uv": [0, 0, 2, 16], "rotation": 270, "texture": "#9"}
            }
        },
        {
            "from": [13, 0, 10],
            "to": [16, 1, 17],
            "rotation": {"angle": 0, "axis": "y", "origin": [8, 6.5, 9]},
            "faces": {
                "north": {"uv": [0, 0, 3, 1], "texture": "#9"},
                "east": {"uv": [0, 0, 7, 1], "texture": "#9"},
                "south": {"uv": [0, 0, 3, 1], "texture": "#9"},
                "west": {"uv": [0, 0, 7, 1], "texture": "#9"},
                "up": {"uv": [0, 0, 7, 3], "rotation": 90, "texture": "#9"},
                "down": {"uv": [0, 0, 7, 3], "rotation": 270, "texture": "#9"}
            }
        },
        {
            "from": [13, 0, 1],
            "to": [16, 1, 8],
            "rotation": {"angle": 0, "axis": "y", "origin": [8, 6.5, 9]},
            "faces": {
                "north": {"uv": [0, 0, 3, 1], "texture": "#9"},
                "east": {"uv": [0, 0, 7, 1], "texture": "#9"},
                "south": {"uv": [0, 0, 3, 1], "texture": "#9"},
                "west": {"uv": [0, 0, 7, 1], "texture": "#9"},
                "up": {"uv": [0, 0, 7, 3], "rotation": 90, "texture": "#9"},
                "down": {"uv": [0, 0, 7, 3], "rotation": 270, "texture": "#9"}
            }
        },
        {
            "from": [13, 1, 0],
            "to": [16, 2, 2],
            "rotation": {"angle": 0, "axis": "y", "origin": [8, 6.5, 9]},
            "faces": {
                "north": {"uv": [0, 0, 3, 1], "texture": "#9"},
                "east": {"uv": [0, 0, 2, 1], "texture": "#9"},
                "south": {"uv": [0, 0, 3, 1], "texture": "#9"},
                "west": {"uv": [0, 0, 2, 1], "texture": "#9"},
                "up": {"uv": [0, 0, 2, 3], "rotation": 90, "texture": "#9"},
                "down": {"uv": [0, 0, 2, 3], "rotation": 270, "texture": "#9"}
            }
        },
        {
            "from": [7, 1, 0],
            "to": [10, 2, 2],
            "rotation": {"angle": 0, "axis": "y", "origin": [8, 6.5, 9]},
            "faces": {
                "north": {"uv": [0, 0, 3, 1], "texture": "#9"},
                "east": {"uv": [0, 0, 2, 1], "texture": "#9"},
                "south": {"uv": [0, 0, 3, 1], "texture": "#9"},
                "west": {"uv": [0, 0, 2, 1], "texture": "#9"},
                "up": {"uv": [0, 0, 2, 3], "rotation": 90, "texture": "#9"},
                "down": {"uv": [0, 0, 2, 3], "rotation": 270, "texture": "#9"}
            }
        },
        {
            "from": [7, 2, 17],
            "to": [10, 7, 18],
            "rotation": {"angle": 0, "axis": "y", "origin": [8, 6.5, 9]},
            "faces": {
                "north": {"uv": [0, 0, 3, 5], "texture": "#9"},
                "east": {"uv": [0, 0, 1, 5], "texture": "#9"},
                "south": {"uv": [0, 0, 3, 5], "texture": "#9"},
                "west": {"uv": [0, 0, 1, 5], "texture": "#9"},
                "up": {"uv": [0, 0, 1, 3], "rotation": 90, "texture": "#9"},
                "down": {"uv": [0, 0, 1, 3], "rotation": 270, "texture": "#9"}
            }
        },
        {
            "from": [7, 1, 16],
            "to": [10, 2, 18],
            "rotation": {"angle": 0, "axis": "y", "origin": [8, 6.5, 9]},
            "faces": {
                "north": {"uv": [0, 0, 3, 1], "texture": "#9"},
                "east": {"uv": [0, 0, 2, 1], "texture": "#9"},
                "south": {"uv": [0, 0, 3, 1], "texture": "#9"},
                "west": {"uv": [0, 0, 2, 1], "texture": "#9"},
                "up": {"uv": [0, 0, 2, 3], "rotation": 90, "texture": "#9"},
                "down": {"uv": [0, 0, 2, 3], "rotation": 270, "texture": "#9"}
            }
        },
        {
            "from": [7, 0, 1],
            "to": [10, 1, 8],
            "rotation": {"angle": 0, "axis": "y", "origin": [8, 6.5, 9]},
            "faces": {
                "north": {"uv": [0, 0, 3, 1], "texture": "#9"},
                "east": {"uv": [0, 0, 7, 1], "texture": "#9"},
                "south": {"uv": [0, 0, 3, 1], "texture": "#9"},
                "west": {"uv": [0, 0, 7, 1], "texture": "#9"},
                "up": {"uv": [0, 0, 7, 3], "rotation": 90, "texture": "#9"},
                "down": {"uv": [0, 0, 7, 3], "rotation": 270, "texture": "#9"}
            }
        },
        {
            "from": [7, 0, 10],
            "to": [10, 1, 17],
            "rotation": {"angle": 0, "axis": "y", "origin": [8, 6.5, 9]},
            "faces": {
                "north": {"uv": [0, 0, 3, 1], "texture": "#9"},
                "east": {"uv": [0, 0, 7, 1], "texture": "#9"},
                "south": {"uv": [0, 0, 3, 1], "texture": "#9"},
                "west": {"uv": [0, 0, 7, 1], "texture": "#9"},
                "up": {"uv": [0, 0, 7, 3], "rotation": 90, "texture": "#9"},
                "down": {"uv": [0, 0, 7, 3], "rotation": 270, "texture": "#9"}
            }
        },
        {
            "from": [1, 1, 0],
            "to": [4, 2, 2],
            "rotation": {"angle": 0, "axis": "y", "origin": [8, 6.5, 9]},
            "faces": {
                "north": {"uv": [0, 0, 3, 1], "texture": "#9"},
                "east": {"uv": [0, 0, 2, 1], "texture": "#9"},
                "south": {"uv": [0, 0, 3, 1], "texture": "#9"},
                "west": {"uv": [0, 0, 2, 1], "texture": "#9"},
                "up": {"uv": [0, 0, 2, 3], "rotation": 90, "texture": "#9"},
                "down": {"uv": [0, 0, 2, 3], "rotation": 270, "texture": "#9"}
            }
        },
        {
            "from": [1, 2, 0],
            "to": [4, 5, 1],
            "rotation": {"angle": 0, "axis": "y", "origin": [8, 6.5, 9]},
            "faces": {
                "north": {"uv": [0, 0, 3, 3], "texture": "#9"},
                "east": {"uv": [0, 0, 1, 3], "texture": "#9"},
                "south": {"uv": [0, 0, 3, 3], "texture": "#9"},
                "west": {"uv": [0, 0, 1, 3], "texture": "#9"},
                "up": {"uv": [0, 0, 1, 3], "rotation": 90, "texture": "#9"},
                "down": {"uv": [0, 0, 1, 3], "rotation": 270, "texture": "#9"}
            }
        },
        {
            "from": [1, 10, 16],
            "to": [4, 11, 18],
            "rotation": {"angle": 0, "axis": "y", "origin": [8, 6.5, 9]},
            "faces": {
                "north": {"uv": [0, 0, 3, 1], "texture": "#9"},
                "east": {"uv": [0, 0, 2, 1], "texture": "#9"},
                "south": {"uv": [0, 0, 3, 1], "texture": "#9"},
                "west": {"uv": [0, 0, 2, 1], "texture": "#9"},
                "up": {"uv": [0, 0, 2, 3], "rotation": 90, "texture": "#9"},
                "down": {"uv": [0, 0, 2, 3], "rotation": 270, "texture": "#9"}
            }
        },
        {
            "from": [1, 2, 17],
            "to": [4, 10, 18],
            "rotation": {"angle": 0, "axis": "y", "origin": [8, 6.5, 9]},
            "faces": {
                "north": {"uv": [0, 0, 3, 8], "texture": "#9"},
                "east": {"uv": [0, 0, 1, 8], "texture": "#9"},
                "south": {"uv": [0, 0, 3, 8], "texture": "#9"},
                "west": {"uv": [0, 0, 1, 8], "texture": "#9"},
                "up": {"uv": [0, 0, 1, 3], "rotation": 90, "texture": "#9"},
                "down": {"uv": [0, 0, 1, 3], "rotation": 270, "texture": "#9"}
            }
        },
        {
            "from": [1, 1, 16],
            "to": [4, 2, 18],
            "rotation": {"angle": 0, "axis": "y", "origin": [8, 6.5, 9]},
            "faces": {
                "north": {"uv": [0, 0, 3, 1], "texture": "#9"},
                "east": {"uv": [0, 0, 2, 1], "texture": "#9"},
                "south": {"uv": [0, 0, 3, 1], "texture": "#9"},
                "west": {"uv": [0, 0, 2, 1], "texture": "#9"},
                "up": {"uv": [0, 0, 2, 3], "rotation": 90, "texture": "#9"},
                "down": {"uv": [0, 0, 2, 3], "rotation": 270, "texture": "#9"}
            }
        },
        {
            "from": [1, 0, 1],
            "to": [4, 1, 8],
            "rotation": {"angle": 0, "axis": "y", "origin": [8, 6.5, 9]},
            "faces": {
                "north": {"uv": [0, 0, 3, 1], "texture": "#9"},
                "east": {"uv": [0, 0, 7, 1], "texture": "#9"},
                "south": {"uv": [0, 0, 3, 1], "texture": "#9"},
                "west": {"uv": [0, 0, 7, 1], "texture": "#9"},
                "up": {"uv": [0, 0, 7, 3], "rotation": 90, "texture": "#9"},
                "down": {"uv": [0, 0, 7, 3], "rotation": 270, "texture": "#9"}
            }
        },
        {
            "from": [1, 0, 10],
            "to": [4, 1, 17],
            "rotation": {"angle": 0, "axis": "y", "origin": [8, 6.5, 9]},
            "faces": {
                "north": {"uv": [0, 0, 3, 1], "texture": "#9"},
                "east": {"uv": [0, 0, 7, 1], "texture": "#9"},
                "south": {"uv": [0, 0, 3, 1], "texture": "#9"},
                "west": {"uv": [0, 0, 7, 1], "texture": "#9"},
                "up": {"uv": [0, 0, 7, 3], "rotation": 90, "texture": "#9"},
                "down": {"uv": [0, 0, 7, 3], "rotation": 270, "texture": "#9"}
            }
        },
        {
            "from": [18, 0, 8],
            "to": [20, 1, 10],
            "rotation": {"angle": 0, "axis": "y", "origin": [8, 6.5, 9]},
            "faces": {
                "north": {"uv": [0, 0, 2, 1], "texture": "#9"},
                "east": {"uv": [0, 0, 2, 1], "texture": "#9"},
                "south": {"uv": [0, 0, 2, 1], "texture": "#9"},
                "west": {"uv": [0, 0, 2, 1], "texture": "#9"},
                "up": {"uv": [0, 0, 2, 2], "rotation": 90, "texture": "#9"},
                "down": {"uv": [0, 0, 2, 2], "rotation": 270, "texture": "#9"}
            }
        },
        {
            "from": [-4, 0, 7],
            "to": [-2, 1, 9],
            "rotation": {"angle": 0, "axis": "y", "origin": [8, 6.5, 9]},
            "faces": {
                "north": {"uv": [0, 0, 2, 1], "texture": "#9"},
                "east": {"uv": [0, 0, 2, 1], "texture": "#9"},
                "south": {"uv": [0, 0, 2, 1], "texture": "#9"},
                "west": {"uv": [0, 0, 2, 1], "texture": "#9"},
                "up": {"uv": [0, 0, 2, 2], "rotation": 90, "texture": "#9"},
                "down": {"uv": [0, 0, 2, 2], "rotation": 270, "texture": "#9"}
            }
        },
        {
            "from": [7.00711, 0, 4.70711],
            "to": [7.00711, 8, 12.70711],
            "rotation": {"angle": 45, "axis": "y", "origin": [6.3, 6.5, 8]},
            "faces": {
                "north": {"uv": [5, 0, 5, 8], "texture": "#3"},
                "east": {"uv": [0, 0, 6.5, 7.5], "texture": "#3"},
                "south": {"uv": [5, 0, 5, 8], "texture": "#3"},
                "west": {"uv": [6.5, 0, 0, 7.5], "texture": "#3"},
                "up": {"uv": [0, 0, 8, 0], "rotation": 90, "texture": "#3"},
                "down": {"uv": [0, 0, 8, 0], "rotation": 270, "texture": "#3"}
            }
        }
    ],
    "groups": [
        {
            "name": "group",
            "origin": [8, 6.5, 9],
            "color": 0,
            "children": [0, 1, 2, 3, 4, 5, 6, 7, 8, 9, 10, 11, 12, 13, 14, 15, 16, 17, 18]
        }
    ]
}