{
    "format_version": "1.21.11",
    "credit": "Made with Blockbench",
    "parent": "minecraft:block/cross",
    "texture_size": [64, 64],
    "textures": {
        "3": "block/dead_bush",
        "4": "block/dead_bush_overgrowth/fake_chest",
        "5": "block/dead_bush_overgrowth/coin",
        "particle": "block/dead_bush"
    },
    "elements": [
        {
            "name": "base",
            "from": [11.5, -2.8, 3.1],
            "to": [12.9, 4.2, 12.9],
            "rotation": {"angle": 0, "axis": "x", "origin": [8, 0.7, 8]},
            "faces": {
                "north": {"uv": [11, 8.25, 10.5, 10.75], "rotation": 180, "texture": "#4"},
                "east": {"uv": [0, 8.25, 3.5, 10.75], "rotation": 180, "texture": "#4"},
                "south": {"uv": [3.5, 8.25, 4, 10.75], "rotation": 180, "texture": "#4"},
                "west": {"uv": [3.5, 0.5, 7, 3], "rotation": 180, "texture": "#4"},
                "up": {"uv": [7.5, 4.75, 7, 8.25], "texture": "#4"},
                "down": {"uv": [4, 8.25, 3.5, 4.75], "texture": "#4"}
            }
        },
        {
            "name": "base",
            "from": [3.1, -2.8, 3.1],
            "to": [4.5, 4.2, 12.9],
            "rotation": {"angle": 0, "axis": "x", "origin": [3.8, 0.7, 8]},
            "faces": {
                "north": {"uv": [3.5, 8.25, 4, 10.75], "rotation": 180, "texture": "#4"},
                "east": {"uv": [3.5, 0.5, 7, 3], "rotation": 180, "texture": "#4"},
                "south": {"uv": [11, 8.25, 10.5, 10.75], "rotation": 180, "texture": "#4"},
                "west": {"uv": [0, 8.25, 3.5, 10.75], "rotation": 180, "texture": "#4"},
                "up": {"uv": [7.5, 4.75, 7, 8.25], "rotation": 180, "texture": "#4"},
                "down": {"uv": [4, 8.25, 3.5, 4.75], "rotation": 180, "texture": "#4"}
            }
        },
        {
            "name": "base",
            "from": [4.5, -2.8, 11.5],
            "to": [11.5, 4.2, 12.9],
            "rotation": {"angle": 0, "axis": "x", "origin": [8, 0.7, 12.2]},
            "faces": {
                "north": {"uv": [4, 0.5, 6.5, 3], "rotation": 180, "texture": "#4"},
                "east": {"uv": [7, 8.25, 7.5, 10.75], "rotation": 180, "texture": "#4"},
                "south": {"uv": [7.5, 8.25, 10, 10.75], "rotation": 180, "texture": "#4"},
                "west": {"uv": [0, 8.25, 0.5, 10.75], "rotation": 180, "texture": "#4"},
                "up": {"uv": [10, 4.75, 7.5, 5.25], "rotation": 180, "texture": "#4"},
                "down": {"uv": [6.5, 5.25, 4, 4.75], "rotation": 180, "texture": "#4"}
            }
        },
        {
            "name": "base",
            "from": [4.5, -2.8, 4.5],
            "to": [11.5, -2.1, 11.5],
            "rotation": {"angle": 0, "axis": "x", "origin": [8, 0.7, 9.4]},
            "faces": {
                "north": {"uv": [11, 8.25, 13.5, 8.5], "rotation": 180, "texture": "#4"},
                "east": {"uv": [0, 8.25, 2.5, 8.5], "rotation": 180, "texture": "#4"},
                "south": {"uv": [4, 0.5, 6.5, 0.75], "rotation": 180, "texture": "#4"},
                "west": {"uv": [7, 8.25, 9.5, 8.5], "rotation": 180, "texture": "#4"},
                "up": {"uv": [6.5, 0.5, 4, 3], "texture": "#4"},
                "down": {"uv": [6.5, 7.75, 4, 5.25], "texture": "#4"}
            }
        },
        {
            "name": "knob",
            "from": [7.3, 7.35, 23.05],
            "to": [8.7, 10.15, 23.75],
            "rotation": {"angle": 45, "axis": "x", "origin": [8, 8.575, 13.775]},
            "faces": {
                "north": {"uv": [1, 0.25, 1.5, 1.25], "rotation": 180, "texture": "#4"},
                "east": {"uv": [0, 0.25, 0.25, 1.25], "rotation": 180, "texture": "#4"},
                "south": {"uv": [0.25, 0.25, 0.75, 1.25], "rotation": 180, "texture": "#4"},
                "west": {"uv": [0.75, 0.25, 1, 1.25], "rotation": 180, "texture": "#4"},
                "up": {"uv": [1.25, 0, 0.75, 0.25], "texture": "#4"},
                "down": {"uv": [0.75, 0.25, 0.25, 0], "texture": "#4"}
            }
        },
        {
            "name": "base",
            "from": [3.1, 4.55, 13.25],
            "to": [4.5, 8.05, 23.05],
            "rotation": {"angle": 45, "axis": "x", "origin": [8, 7.875, 13.775]},
            "faces": {
                "north": {"uv": [11, 3.5, 10.5, 4.75], "texture": "#4"},
                "east": {"uv": [3.5, 0.5, 7, 1.75], "texture": "#4"},
                "south": {"uv": [3.5, 3.5, 4, 4.75], "texture": "#4"},
                "west": {"uv": [0, 3.5, 3.5, 4.75], "texture": "#4"},
                "up": {"uv": [4, 8.25, 3.5, 4.75], "rotation": 180, "texture": "#4"},
                "down": {"uv": [7.5, 4.75, 7, 8.25], "rotation": 180, "texture": "#4"}
            }
        },
        {
            "name": "base",
            "from": [11.5, 4.55, 13.25],
            "to": [12.9, 8.05, 23.05],
            "rotation": {"angle": 45, "axis": "x", "origin": [8, 7.875, 13.775]},
            "faces": {
                "north": {"uv": [3.5, 3.5, 4, 4.75], "texture": "#4"},
                "east": {"uv": [0, 3.5, 3.5, 4.75], "texture": "#4"},
                "south": {"uv": [11, 3.5, 10.5, 4.75], "texture": "#4"},
                "west": {"uv": [3.5, 0.5, 7, 1.75], "texture": "#4"},
                "up": {"uv": [4, 8.25, 3.5, 4.75], "texture": "#4"},
                "down": {"uv": [7.5, 4.75, 7, 8.25], "texture": "#4"}
            }
        },
        {
            "name": "base",
            "from": [4.5, 4.55, 21.65],
            "to": [11.5, 8.05, 23.05],
            "rotation": {"angle": 45, "axis": "x", "origin": [8, 7.875, 13.775]},
            "faces": {
                "north": {"uv": [4, 0.75, 6.5, 2], "texture": "#4"},
                "east": {"uv": [0, 3.5, 0.5, 4.75], "texture": "#4"},
                "south": {"uv": [11, 3.5, 13.5, 4.75], "texture": "#4"},
                "west": {"uv": [7, 3.5, 7.5, 4.75], "texture": "#4"},
                "up": {"uv": [6.5, 5.25, 4, 4.75], "texture": "#4"},
                "down": {"uv": [10, 4.75, 7.5, 5.25], "texture": "#4"}
            }
        },
        {
            "name": "base",
            "from": [4.5, 4.55, 14.65],
            "to": [11.5, 5.25, 21.65],
            "rotation": {"angle": 45, "axis": "x", "origin": [8, 7.875, 13.775]},
            "faces": {
                "north": {"uv": [4, 0.5, 6.5, 0.75], "texture": "#4"},
                "east": {"uv": [0, 8.25, 2.5, 8.5], "texture": "#4"},
                "south": {"uv": [11, 8.25, 13.5, 8.5], "texture": "#4"},
                "west": {"uv": [7, 8.25, 9.5, 8.5], "texture": "#4"},
                "up": {"uv": [6.5, 3, 4, 0.5], "texture": "#4"},
                "down": {"uv": [10, 0.5, 7.5, 3], "texture": "#4"}
            }
        },
        {
            "name": "base",
            "from": [4.5, 4.55, 13.25],
            "to": [11.5, 8.05, 14.65],
            "rotation": {"angle": 45, "axis": "x", "origin": [8, 7.875, 13.775]},
            "faces": {
                "north": {"uv": [7.5, 3.5, 10, 4.75], "texture": "#4"},
                "east": {"uv": [7, 8.5, 7.5, 9.75], "texture": "#4"},
                "south": {"uv": [4, 0.75, 6.5, 2], "texture": "#4"},
                "west": {"uv": [0, 8.5, 0.5, 9.75], "texture": "#4"},
                "up": {"uv": [6.5, 5.25, 4, 4.75], "rotation": 180, "texture": "#4"},
                "down": {"uv": [10, 4.75, 7.5, 5.25], "rotation": 180, "texture": "#4"}
            }
        },
        {
            "name": "base",
            "from": [4.5, -2.8, 3.1],
            "to": [11.5, 4.2, 4.5],
            "rotation": {"angle": 0, "axis": "x", "origin": [8, 0.7, 8]},
            "faces": {
                "north": {"uv": [11, 8.25, 13.5, 10.75], "rotation": 180, "texture": "#4"},
                "east": {"uv": [0, 8.25, 0.5, 10.75], "rotation": 180, "texture": "#4"},
                "south": {"uv": [4, 0.5, 6.5, 3], "rotation": 180, "texture": "#4"},
                "west": {"uv": [7, 8.25, 7.5, 10.75], "rotation": 180, "texture": "#4"},
                "up": {"uv": [10, 4.75, 7.5, 5.25], "texture": "#4"},
                "down": {"uv": [6.5, 5.25, 4, 4.75], "texture": "#4"}
            }
        },
        {
            "from": [2.4, 0, 0.9],
            "to": [3.8, 0.7, 2.3],
            "rotation": {"angle": 17.5, "axis": "y", "origin": [2.4, 0, 0.9]},
            "faces": {
                "north": {"uv": [16, 0, 11, 1], "texture": "#5"},
                "east": {"uv": [11, 0, 16, 1], "texture": "#5"},
                "south": {"uv": [16, 0, 11, 1], "texture": "#5"},
                "west": {"uv": [11, 0, 16, 1], "texture": "#5"},
                "up": {"uv": [0, 0, 16, 16], "texture": "#5"},
                "down": {"uv": [0, 0, 16, 16], "texture": "#5"}
            }
        },
        {
            "from": [13.4, 0, 13.3],
            "to": [14.8, 0.7, 14.7],
            "rotation": {"angle": 25, "axis": "y", "origin": [13.4, 0, 13.3]},
            "faces": {
                "north": {"uv": [11.5, 7.75, 6.5, 8.75], "texture": "#5"},
                "east": {"uv": [6.5, 7.75, 11.5, 8.75], "texture": "#5"},
                "south": {"uv": [11.5, 7.75, 6.5, 8.75], "texture": "#5"},
                "west": {"uv": [6.5, 7.75, 11.5, 8.75], "texture": "#5"},
                "up": {"uv": [0, 0, 16, 16], "texture": "#5"},
                "down": {"uv": [5.25, 5.25, 10.25, 10.5], "texture": "#5"}
            }
        },
        {
            "from": [5.2, 0, 5.2],
            "to": [6.6, 0.7, 6.6],
            "rotation": {"angle": 15, "axis": "y", "origin": [5.2, 0, 5.2]},
            "faces": {
                "north": {"uv": [16, 0, 11, 1], "texture": "#5"},
                "east": {"uv": [11, 0, 16, 1], "texture": "#5"},
                "south": {"uv": [16, 0, 11, 1], "texture": "#5"},
                "west": {"uv": [11, 0, 16, 1], "texture": "#5"},
                "up": {"uv": [0, 0, 16, 16], "texture": "#5"},
                "down": {"uv": [0, 0, 16, 16], "texture": "#5"}
            }
        },
        {
            "from": [5.2, 0, 8],
            "to": [6.6, 0.7, 9.4],
            "rotation": {"angle": 22.5, "axis": "y", "origin": [5.2, 0, 8]},
            "faces": {
                "north": {"uv": [16, 0, 11, 1], "texture": "#5"},
                "east": {"uv": [11, 0, 16, 1], "texture": "#5"},
                "south": {"uv": [16, 0, 11, 1], "texture": "#5"},
                "west": {"uv": [11, 0, 16, 1], "texture": "#5"},
                "up": {"uv": [0, 0, 16, 16], "texture": "#5"},
                "down": {"uv": [0, 0, 16, 16], "texture": "#5"}
            }
        },
        {
            "from": [9.4, 0, 8],
            "to": [10.8, 0.7, 9.4],
            "rotation": {"angle": -15, "axis": "y", "origin": [9.4, 0, 8]},
            "faces": {
                "north": {"uv": [16, 0, 11, 1], "texture": "#5"},
                "east": {"uv": [11, 0, 16, 1], "texture": "#5"},
                "south": {"uv": [16, 0, 11, 1], "texture": "#5"},
                "west": {"uv": [11, 0, 16, 1], "texture": "#5"},
                "up": {"uv": [0, 0, 16, 16], "texture": "#5"},
                "down": {"uv": [0, 0, 16, 16], "texture": "#5"}
            }
        },
        {
            "from": [7.3, 0, 9.4],
            "to": [8.7, 0.7, 10.8],
            "rotation": {"angle": -17.5, "axis": "y", "origin": [7.3, 0, 9.4]},
            "faces": {
                "north": {"uv": [16, 0, 11, 1], "texture": "#5"},
                "east": {"uv": [11, 0, 16, 1], "texture": "#5"},
                "south": {"uv": [16, 0, 11, 1], "texture": "#5"},
                "west": {"uv": [11, 0, 16, 1], "texture": "#5"},
                "up": {"uv": [0, 0, 16, 16], "texture": "#5"},
                "down": {"uv": [0, 0, 16, 16], "texture": "#5"}
            }
        },
        {
            "from": [4, -2, 4],
            "to": [4, 7, 13],
            "rotation": {"angle": 22.5, "axis": "z", "origin": [4, -2.5, 9]},
            "faces": {
                "north": {"uv": [0, 0, 0, 2.25], "texture": "#3"},
                "east": {"uv": [1.5, 8, 9.5, 16], "texture": "#3"},
                "south": {"uv": [0, 0, 0, 2.25], "texture": "#3"},
                "west": {"uv": [9.5, 8, 1.5, 16], "texture": "#3"},
                "up": {"uv": [0, 0, 0, 2], "texture": "#3"},
                "down": {"uv": [0, 0, 0, 2], "texture": "#3"}
            }
        },
        {
            "from": [16, -2, 4],
            "to": [16, 4, 13],
            "rotation": {"angle": -22.5, "axis": "z", "origin": [16, 7.5, 9]},
            "faces": {
                "north": {"uv": [0, 2.25, 0, 0], "texture": "#3"},
                "east": {"uv": [0, 0, 6.5, 7.5], "texture": "#3"},
                "south": {"uv": [0, 2.25, 0, 0], "texture": "#3"},
                "west": {"uv": [6.5, 0, 0, 7.5], "texture": "#3"},
                "up": {"uv": [0, 2, 0, 0], "texture": "#3"},
                "down": {"uv": [0, 2, 0, 0], "texture": "#3"}
            }
        }
    ],
    "groups": [
        {
            "name": "base",
            "origin": [8, 0, 8],
            "color": 0,
            "children": [
                {
                    "name": "group",
                    "origin": [8, 1, 8],
                    "color": 0,
                    "children": [
                        0,
                        1,
                        2,
                        3,
                        {
                            "name": "group",
                            "origin": [8, 5.25, 14.25],
                            "color": 0,
                            "children": [4, 5, 6, 7, 8, 9]
                        },
                        10
                    ]
                },
                {
                    "name": "group",
                    "origin": [25, 19, 10],
                    "color": 0,
                    "children": []
                }
            ]
        },
        {
            "name": "lid",
            "origin": [8, 9, 7],
            "color": 0,
            "children": []
        },
        {
            "name": "knob",
            "origin": [8, 8, 8],
            "color": 0,
            "children": []
        },
        11,
        12,
        13,
        14,
        15,
        16,
        17,
        18
    ]
}