{
    "format_version": "1.21.11",
    "credit": "Made with Blockbench",
    "parent": "minecraft:block/cross",
    "textures": {
        "3": "block/dead_bush",
        "5": "block/dead_bush_overgrowth/red_sand",
        "6": "block/dead_bush_overgrowth/sand",
        "7": "block/dead_bush_overgrowth/black_sand",
        "particle": "block/dead_bush"
    },
    "elements": [
        {
            "from": [2, 0, 2],
            "to": [14, 1, 14],
            "rotation": {"angle": 0, "axis": "y", "origin": [8, 0, 6]},
            "faces": {
                "north": {"uv": [0, 0, 12, 1], "texture": "#6"},
                "east": {"uv": [0, 0, 12, 1], "texture": "#6"},
                "south": {"uv": [0, 0, 12, 1], "texture": "#6"},
                "west": {"uv": [0, 0, 12, 1], "texture": "#6"},
                "up": {"uv": [0, 0, 12, 12], "rotation": 90, "texture": "#6"},
                "down": {"uv": [0, 0, 12, 12], "rotation": 270, "texture": "#6"}
            }
        },
        {
            "from": [3, -0.5, 1],
            "to": [13, 0.5, 2],
            "rotation": {"angle": 0, "axis": "y", "origin": [7, -0.5, 5]},
            "faces": {
                "north": {"uv": [0, 0, 10, 1], "texture": "#6"},
                "east": {"uv": [0, 0, 1, 1], "texture": "#6"},
                "south": {"uv": [0, 0, 10, 1], "texture": "#6"},
                "west": {"uv": [0, 0, 1, 1], "texture": "#6"},
                "up": {"uv": [0, 0, 1, 10], "rotation": 90, "texture": "#6"},
                "down": {"uv": [0, 0, 1, 10], "rotation": 270, "texture": "#6"}
            }
        },
        {
            "from": [3, -0.5, 14],
            "to": [13, 0.5, 15],
            "rotation": {"angle": 0, "axis": "y", "origin": [7, -0.5, 18]},
            "faces": {
                "north": {"uv": [0, 0, 10, 1], "texture": "#6"},
                "east": {"uv": [0, 0, 1, 1], "texture": "#6"},
                "south": {"uv": [0, 0, 10, 1], "texture": "#6"},
                "west": {"uv": [0, 0, 1, 1], "texture": "#6"},
                "up": {"uv": [0, 0, 1, 10], "rotation": 90, "texture": "#6"},
                "down": {"uv": [0, 0, 1, 10], "rotation": 270, "texture": "#6"}
            }
        },
        {
            "from": [14, -0.5, 3],
            "to": [15, 0.5, 13],
            "rotation": {"angle": 0, "axis": "y", "origin": [8, 0, 8]},
            "faces": {
                "north": {"uv": [0, 0, 1, 1], "texture": "#6"},
                "east": {"uv": [0, 0, 10, 1], "texture": "#6"},
                "south": {"uv": [0, 0, 1, 1], "texture": "#6"},
                "west": {"uv": [0, 0, 10, 1], "texture": "#6"},
                "up": {"uv": [0, 0, 1, 10], "texture": "#6"},
                "down": {"uv": [0, 0, 1, 10], "texture": "#6"}
            }
        },
        {
            "from": [1, -0.5, 3],
            "to": [2, 0.5, 13],
            "rotation": {"angle": 0, "axis": "y", "origin": [8, 0, 8]},
            "faces": {
                "north": {"uv": [0, 0, 1, 1], "texture": "#6"},
                "east": {"uv": [0, 0, 10, 1], "texture": "#6"},
                "south": {"uv": [0, 0, 1, 1], "texture": "#6"},
                "west": {"uv": [0, 0, 10, 1], "texture": "#6"},
                "up": {"uv": [0, 0, 1, 10], "texture": "#6"},
                "down": {"uv": [0, 0, 1, 10], "texture": "#6"}
            }
        },
        {
            "from": [4, 1, 4],
            "to": [13, 2, 13],
            "rotation": {"angle": 0, "axis": "y", "origin": [8, 1, 6]},
            "faces": {
                "north": {"uv": [0, 0, 9, 1], "texture": "#5"},
                "east": {"uv": [0, 0, 9, 1], "texture": "#5"},
                "south": {"uv": [0, 0, 9, 1], "texture": "#5"},
                "west": {"uv": [0, 0, 9, 1], "texture": "#5"},
                "up": {"uv": [0, 0, 9, 9], "rotation": 90, "texture": "#5"},
                "down": {"uv": [0, 0, 9, 9], "rotation": 270, "texture": "#5"}
            }
        },
        {
            "from": [5, 1, 3],
            "to": [11, 2, 4],
            "rotation": {"angle": 0, "axis": "y", "origin": [9, 1, -3]},
            "faces": {
                "north": {"uv": [0, 0, 6, 1], "texture": "#6"},
                "east": {"uv": [0, 0, 1, 1], "texture": "#6"},
                "south": {"uv": [0, 0, 6, 1], "texture": "#6"},
                "west": {"uv": [0, 0, 1, 1], "texture": "#6"},
                "up": {"uv": [0, 0, 1, 6], "rotation": 90, "texture": "#6"},
                "down": {"uv": [0, 0, 1, 6], "rotation": 270, "texture": "#6"}
            }
        },
        {
            "from": [3, 1, 5],
            "to": [4, 2, 10],
            "rotation": {"angle": 0, "axis": "y", "origin": [7, 1, 7]},
            "faces": {
                "north": {"uv": [0, 0, 1, 1], "texture": "#6"},
                "east": {"uv": [0, 0, 5, 1], "texture": "#6"},
                "south": {"uv": [0, 0, 1, 1], "texture": "#6"},
                "west": {"uv": [0, 0, 5, 1], "texture": "#6"},
                "up": {"uv": [0, 0, 5, 1], "rotation": 90, "texture": "#6"},
                "down": {"uv": [0, 0, 5, 1], "rotation": 270, "texture": "#6"}
            }
        },
        {
            "from": [6, 2, 6],
            "to": [10, 5, 10],
            "rotation": {"angle": 0, "axis": "y", "origin": [8, 2, 6]},
            "faces": {
                "north": {"uv": [0, 0, 4, 3], "texture": "#5"},
                "east": {"uv": [0, 0, 4, 3], "texture": "#5"},
                "south": {"uv": [0, 4, 4, 7], "texture": "#5"},
                "west": {"uv": [0, 0, 4, 3], "texture": "#5"},
                "up": {"uv": [0, 0, 4, 4], "rotation": 90, "texture": "#5"},
                "down": {"uv": [0, 0, 4, 4], "rotation": 270, "texture": "#5"}
            }
        },
        {
            "from": [5, 2, 8],
            "to": [6, 5, 10],
            "rotation": {"angle": 0, "axis": "y", "origin": [4, 2, 6]},
            "faces": {
                "north": {"uv": [0, 0, 1, 3], "texture": "#5"},
                "east": {"uv": [0, 0, 2, 3], "texture": "#5"},
                "south": {"uv": [0, 0, 1, 3], "texture": "#5"},
                "west": {"uv": [0, 0, 2, 3], "texture": "#5"},
                "up": {"uv": [0, 0, 2, 1], "rotation": 90, "texture": "#5"},
                "down": {"uv": [0, 0, 2, 1], "rotation": 270, "texture": "#5"}
            }
        },
        {
            "from": [5, 2, 5],
            "to": [6, 5, 7],
            "rotation": {"angle": 0, "axis": "y", "origin": [4, 2, 3]},
            "faces": {
                "north": {"uv": [0, 0, 1, 3], "texture": "#5"},
                "east": {"uv": [0, 0, 2, 3], "texture": "#5"},
                "south": {"uv": [0, 0, 1, 3], "texture": "#5"},
                "west": {"uv": [0, 0, 2, 3], "texture": "#5"},
                "up": {"uv": [0, 0, 2, 1], "rotation": 90, "texture": "#5"},
                "down": {"uv": [0, 0, 2, 1], "rotation": 270, "texture": "#5"}
            }
        },
        {
            "from": [6, 5, 7],
            "to": [9, 7, 10],
            "rotation": {"angle": 0, "axis": "y", "origin": [8, 4, 6]},
            "faces": {
                "north": {"uv": [0, 0, 3, 2], "texture": "#5"},
                "east": {"uv": [0, 0, 3, 2], "texture": "#5"},
                "south": {"uv": [0, 0, 3, 2], "texture": "#5"},
                "west": {"uv": [0, 2, 3, 4], "texture": "#5"},
                "up": {"uv": [9, 7, 12, 10], "rotation": 90, "texture": "#7"},
                "down": {"uv": [0, 0, 3, 3], "rotation": 270, "texture": "#5"}
            }
        },
        {
            "from": [9, 5, 7],
            "to": [10, 7, 10],
            "rotation": {"angle": 0, "axis": "y", "origin": [11, 4, 6]},
            "faces": {
                "north": {"uv": [0, 0, 1, 2], "texture": "#5"},
                "east": {"uv": [0, 0, 3, 2], "texture": "#5"},
                "south": {"uv": [0, 0, 1, 2], "texture": "#5"},
                "west": {"uv": [0, 0, 3, 2], "texture": "#5"},
                "up": {"uv": [0, 0, 3, 1], "rotation": 90, "texture": "#5"},
                "down": {"uv": [0, 0, 3, 1], "rotation": 270, "texture": "#5"}
            }
        },
        {
            "from": [6, 5, 6],
            "to": [9, 7, 7],
            "rotation": {"angle": 0, "axis": "y", "origin": [8, 4, 3]},
            "faces": {
                "north": {"uv": [0, 0, 3, 2], "texture": "#5"},
                "east": {"uv": [0, 0, 1, 2], "texture": "#5"},
                "south": {"uv": [0, 0, 3, 2], "texture": "#5"},
                "west": {"uv": [0, 0, 1, 2], "texture": "#5"},
                "up": {"uv": [0, 0, 1, 3], "rotation": 90, "texture": "#5"},
                "down": {"uv": [0, 0, 1, 3], "rotation": 270, "texture": "#5"}
            }
        },
        {
            "from": [6, 7, 9],
            "to": [9, 8, 10],
            "rotation": {"angle": 0, "axis": "y", "origin": [8, 5, 6]},
            "faces": {
                "north": {"uv": [0, 0, 3, 1], "texture": "#5"},
                "east": {"uv": [0, 0, 1, 1], "texture": "#5"},
                "south": {"uv": [0, 0, 3, 1], "texture": "#5"},
                "west": {"uv": [0, 0, 1, 1], "texture": "#5"},
                "up": {"uv": [0, 0, 1, 3], "rotation": 90, "texture": "#5"},
                "down": {"uv": [0, 0, 1, 3], "rotation": 270, "texture": "#5"}
            }
        },
        {
            "from": [6, 7, 7],
            "to": [9, 8, 8],
            "rotation": {"angle": 0, "axis": "y", "origin": [8, 5, 4]},
            "faces": {
                "north": {"uv": [0, 0, 3, 1], "texture": "#5"},
                "east": {"uv": [0, 0, 1, 1], "texture": "#5"},
                "south": {"uv": [0, 0, 3, 1], "texture": "#5"},
                "west": {"uv": [0, 0, 1, 1], "texture": "#5"},
                "up": {"uv": [0, 0, 1, 3], "rotation": 90, "texture": "#5"},
                "down": {"uv": [0, 0, 1, 3], "rotation": 270, "texture": "#5"}
            }
        },
        {
            "from": [8, 7, 8],
            "to": [9, 8, 9],
            "rotation": {"angle": 0, "axis": "y", "origin": [8, 5, 5]},
            "faces": {
                "north": {"uv": [0, 0, 1, 1], "texture": "#5"},
                "east": {"uv": [0, 0, 1, 1], "texture": "#5"},
                "south": {"uv": [0, 0, 1, 1], "texture": "#5"},
                "west": {"uv": [0, 0, 1, 1], "texture": "#5"},
                "up": {"uv": [0, 0, 1, 1], "rotation": 90, "texture": "#5"},
                "down": {"uv": [0, 0, 1, 1], "rotation": 270, "texture": "#5"}
            }
        },
        {
            "from": [6, 7, 8],
            "to": [7, 8, 9],
            "rotation": {"angle": 0, "axis": "y", "origin": [6, 5, 5]},
            "faces": {
                "north": {"uv": [0, 0, 1, 1], "texture": "#5"},
                "east": {"uv": [0, 0, 1, 1], "texture": "#5"},
                "south": {"uv": [0, 0, 1, 1], "texture": "#5"},
                "west": {"uv": [0, 0, 1, 1], "texture": "#5"},
                "up": {"uv": [0, 0, 1, 1], "rotation": 90, "texture": "#5"},
                "down": {"uv": [0, 0, 1, 1], "rotation": 270, "texture": "#5"}
            }
        },
        {
            "from": [10, 2, 6],
            "to": [11, 4, 10],
            "rotation": {"angle": 0, "axis": "y", "origin": [8, 2, 6]},
            "faces": {
                "north": {"uv": [0, 0, 1, 2], "texture": "#6"},
                "east": {"uv": [0, 0, 4, 2], "texture": "#6"},
                "south": {"uv": [0, 0, 1, 2], "texture": "#6"},
                "west": {"uv": [0, 0, 4, 2], "texture": "#6"},
                "up": {"uv": [0, 0, 4, 1], "rotation": 90, "texture": "#6"},
                "down": {"uv": [0, 0, 4, 1], "rotation": 270, "texture": "#6"}
            }
        },
        {
            "from": [7, 2, 5],
            "to": [10, 4, 6],
            "rotation": {"angle": 0, "axis": "y", "origin": [7, 2, 5]},
            "faces": {
                "north": {"uv": [0, 0, 3, 2], "texture": "#5"},
                "east": {"uv": [0, 0, 1, 2], "texture": "#5"},
                "south": {"uv": [0, 0, 3, 2], "texture": "#5"},
                "west": {"uv": [0, 0, 1, 2], "texture": "#5"},
                "up": {"uv": [0, 0, 1, 3], "rotation": 90, "texture": "#5"},
                "down": {"uv": [0, 0, 1, 3], "rotation": 270, "texture": "#5"}
            }
        },
        {
            "from": [7, 2, 10],
            "to": [9, 4, 11],
            "rotation": {"angle": 0, "axis": "y", "origin": [6, 2, 7]},
            "faces": {
                "north": {"uv": [0, 0, 2, 2], "texture": "#6"},
                "east": {"uv": [0, 0, 1, 2], "texture": "#6"},
                "south": {"uv": [0, 0, 2, 2], "texture": "#6"},
                "west": {"uv": [0, 0, 1, 2], "texture": "#6"},
                "up": {"uv": [0, 0, 1, 2], "rotation": 90, "texture": "#6"},
                "down": {"uv": [0, 0, 1, 2], "rotation": 270, "texture": "#6"}
            }
        },
        {
            "from": [4.25, 1, 6.75],
            "to": [4.25, 8, 11.75],
            "rotation": {"angle": 22.5, "axis": "z", "origin": [4.25, 1, 9.75]},
            "faces": {
                "north": {"uv": [3, 0, 3, 7], "texture": "#3"},
                "east": {"uv": [6.5, 0.5, 0, 7.5], "texture": "#3"},
                "south": {"uv": [3, 0, 3, 7], "texture": "#3"},
                "west": {"uv": [0, 0.5, 6.5, 7.5], "texture": "#3"},
                "up": {"uv": [7, 0, 12, 0], "rotation": 90, "texture": "#3"},
                "down": {"uv": [7, 0, 12, 0], "rotation": 270, "texture": "#3"}
            }
        },
        {
            "from": [-0.25, 1, 12.25],
            "to": [4.75, 8, 12.25],
            "rotation": {"angle": 0, "axis": "y", "origin": [2.25, 4.5, 12.25]},
            "faces": {
                "north": {"uv": [6.5, 0.5, 0, 7.5], "texture": "#3"},
                "east": {"uv": [3, 0, 3, 7], "texture": "#3"},
                "south": {"uv": [0, 0.5, 6.5, 7.5], "texture": "#3"},
                "west": {"uv": [4, 0, 4, 7], "texture": "#3"},
                "up": {"uv": [7, 0, 12, 0], "texture": "#3"},
                "down": {"uv": [7, 0, 12, 0], "texture": "#3"}
            }
        }
    ]
}