{
    "format_version": "1.21.11",
    "credit": "Made with Blockbench",
    "parent": "minecraft:block/cross",
    "textures": {
        "0": "block/tall_dry_grass",
        "particle": "block/tall_dry_grass"
    },
    "elements": [
        {
            "from": [6, -4.9, 6],
            "to": [14, 3.1, 14],
            "rotation": {"x": -17.89244, "y": 9.08661, "z": 26.06663, "origin": [6, -4.9, 6]},
            "faces": {
                "north": {"uv": [1, 0, 15, 16], "texture": "#0"},
                "east": {"uv": [1, 0, 15, 16], "texture": "#0"},
                "south": {"uv": [2, 4, 15, 16], "texture": "#0"},
                "west": {"uv": [1, 0, 15, 16], "texture": "#0"},
                "up": {"uv": [2, 4, 15, 16], "texture": "#0"},
                "down": {"uv": [1, 0, 15, 16], "texture": "#0"}
            }
        },
        {
            "from": [6.4, -4.5, 6.4],
            "to": [13.6, 2.7, 13.6],
            "rotation": {"x": -17.89244, "y": 9.08661, "z": 26.06663, "origin": [6.4, -4.5, 6.4]},
            "faces": {
                "north": {"uv": [14, 14, 2, 2], "texture": "#0"},
                "east": {"uv": [14, 14, 2, 2], "texture": "#0"},
                "south": {"uv": [14, 14, 2, 2], "texture": "#0"},
                "west": {"uv": [14, 14, 2, 2], "texture": "#0"},
                "up": {"uv": [14, 14, 2, 2], "texture": "#0"},
                "down": {"uv": [15, 16, 1, 0], "texture": "#0"}
            }
        },
        {
            "from": [6.4, -4.5, 6.4],
            "to": [13.6, 2.7, 13.6],
            "rotation": {"x": -17.89244, "y": 9.08661, "z": 26.06663, "origin": [6.4, -4.5, 6.4]},
            "faces": {
                "north": {"uv": [14, 14, 2, 2], "texture": "#0"},
                "east": {"uv": [14, 14, 2, 2], "texture": "#0"},
                "south": {"uv": [14, 14, 2, 2], "texture": "#0"},
                "west": {"uv": [14, 14, 2, 2], "texture": "#0"},
                "up": {"uv": [14, 14, 2, 2], "texture": "#0"},
                "down": {"uv": [15, 16, 1, 0], "texture": "#0"}
            }
        },
        {
            "from": [7.4, -3.5, 7.4],
            "to": [12.6, 1.7, 12.6],
            "rotation": {"x": -17.89244, "y": 9.08661, "z": 26.06663, "origin": [6.4, -4.5, 6.4]},
            "faces": {
                "north": {"uv": [14, 14, 2, 2], "texture": "#0"},
                "east": {"uv": [14, 14, 2, 2], "texture": "#0"},
                "south": {"uv": [14, 14, 2, 2], "texture": "#0"},
                "west": {"uv": [14, 14, 2, 2], "texture": "#0"},
                "up": {"uv": [14, 14, 2, 2], "texture": "#0"},
                "down": {"uv": [15, 16, 1, 0], "texture": "#0"}
            }
        },
        {
            "from": [8.4, -2.5, 8.4],
            "to": [11.6, 0.7, 11.6],
            "rotation": {"x": -17.89244, "y": 9.08661, "z": 26.06663, "origin": [6.4, -4.5, 6.4]},
            "faces": {
                "north": {"uv": [14, 14, 2, 2], "texture": "#0"},
                "east": {"uv": [14, 14, 2, 2], "texture": "#0"},
                "south": {"uv": [14, 14, 2, 2], "texture": "#0"},
                "west": {"uv": [14, 14, 2, 2], "texture": "#0"},
                "up": {"uv": [14, 14, 2, 2], "texture": "#0"},
                "down": {"uv": [15, 16, 1, 0], "texture": "#0"}
            }
        },
        {
            "from": [7, -3.9, 7],
            "to": [13, 2.1, 13],
            "rotation": {"x": -17.89244, "y": 9.08661, "z": 26.06663, "origin": [6, -4.9, 6]},
            "faces": {
                "north": {"uv": [1, 0, 15, 16], "texture": "#0"},
                "east": {"uv": [1, 0, 15, 16], "texture": "#0"},
                "south": {"uv": [2, 4, 15, 16], "texture": "#0"},
                "west": {"uv": [1, 0, 15, 16], "texture": "#0"},
                "up": {"uv": [2, 4, 15, 16], "texture": "#0"},
                "down": {"uv": [1, 0, 15, 16], "texture": "#0"}
            }
        },
        {
            "name": "cube_outline",
            "from": [14.3, 3.4, 14.3],
            "to": [5.7, -5.2, 5.7],
            "rotation": {"x": -17.89244, "y": 9.08661, "z": 26.06663, "origin": [6, -4.9, 6]},
            "faces": {
                "north": {"uv": [2, 4, 15, 16], "rotation": 180, "texture": "#0"},
                "east": {"uv": [1, 0, 15, 16], "rotation": 180, "texture": "#0"},
                "south": {"uv": [1, 0, 15, 16], "rotation": 180, "texture": "#0"},
                "west": {"uv": [1, 0, 15, 16], "rotation": 180, "texture": "#0"},
                "up": {"uv": [1, 0, 15, 16], "rotation": 180, "texture": "#0"},
                "down": {"uv": [2, 4, 15, 16], "rotation": 180, "texture": "#0"}
            }
        },
        {
            "name": "cube_outline",
            "from": [13.9, 3, 13.9],
            "to": [6.1, -4.8, 6.1],
            "rotation": {"x": -17.89244, "y": 9.08661, "z": 26.06663, "origin": [6.4, -4.5, 6.4]},
            "faces": {
                "north": {"uv": [14, 14, 2, 2], "rotation": 180, "texture": "#0"},
                "east": {"uv": [14, 14, 2, 2], "rotation": 180, "texture": "#0"},
                "south": {"uv": [14, 14, 2, 2], "rotation": 180, "texture": "#0"},
                "west": {"uv": [14, 14, 2, 2], "rotation": 180, "texture": "#0"},
                "up": {"uv": [15, 16, 1, 0], "rotation": 180, "texture": "#0"},
                "down": {"uv": [14, 14, 2, 2], "rotation": 180, "texture": "#0"}
            }
        },
        {
            "name": "cube_outline",
            "from": [13.9, 3, 13.9],
            "to": [6.1, -4.8, 6.1],
            "rotation": {"x": -17.89244, "y": 9.08661, "z": 26.06663, "origin": [6.4, -4.5, 6.4]},
            "faces": {
                "north": {"uv": [14, 14, 2, 2], "rotation": 180, "texture": "#0"},
                "east": {"uv": [14, 14, 2, 2], "rotation": 180, "texture": "#0"},
                "south": {"uv": [14, 14, 2, 2], "rotation": 180, "texture": "#0"},
                "west": {"uv": [14, 14, 2, 2], "rotation": 180, "texture": "#0"},
                "up": {"uv": [15, 16, 1, 0], "rotation": 180, "texture": "#0"},
                "down": {"uv": [14, 14, 2, 2], "rotation": 180, "texture": "#0"}
            }
        },
        {
            "name": "cube_outline",
            "from": [12.9, 2, 12.9],
            "to": [7.1, -3.8, 7.1],
            "rotation": {"x": -17.89244, "y": 9.08661, "z": 26.06663, "origin": [6.4, -4.5, 6.4]},
            "faces": {
                "north": {"uv": [14, 14, 2, 2], "rotation": 180, "texture": "#0"},
                "east": {"uv": [14, 14, 2, 2], "rotation": 180, "texture": "#0"},
                "south": {"uv": [14, 14, 2, 2], "rotation": 180, "texture": "#0"},
                "west": {"uv": [14, 14, 2, 2], "rotation": 180, "texture": "#0"},
                "up": {"uv": [15, 16, 1, 0], "rotation": 180, "texture": "#0"},
                "down": {"uv": [14, 14, 2, 2], "rotation": 180, "texture": "#0"}
            }
        },
        {
            "name": "cube_outline",
            "from": [11.9, 1, 11.9],
            "to": [8.1, -2.8, 8.1],
            "rotation": {"x": -17.89244, "y": 9.08661, "z": 26.06663, "origin": [6.4, -4.5, 6.4]},
            "faces": {
                "north": {"uv": [14, 14, 2, 2], "rotation": 180, "texture": "#0"},
                "east": {"uv": [14, 14, 2, 2], "rotation": 180, "texture": "#0"},
                "south": {"uv": [14, 14, 2, 2], "rotation": 180, "texture": "#0"},
                "west": {"uv": [14, 14, 2, 2], "rotation": 180, "texture": "#0"},
                "up": {"uv": [15, 16, 1, 0], "rotation": 180, "texture": "#0"},
                "down": {"uv": [14, 14, 2, 2], "rotation": 180, "texture": "#0"}
            }
        },
        {
            "name": "cube_outline",
            "from": [13.3, 2.4, 13.3],
            "to": [6.7, -4.2, 6.7],
            "rotation": {"x": -17.89244, "y": 9.08661, "z": 26.06663, "origin": [6, -4.9, 6]},
            "faces": {
                "north": {"uv": [2, 4, 15, 16], "rotation": 180, "texture": "#0"},
                "east": {"uv": [1, 0, 15, 16], "rotation": 180, "texture": "#0"},
                "south": {"uv": [1, 0, 15, 16], "rotation": 180, "texture": "#0"},
                "west": {"uv": [1, 0, 15, 16], "rotation": 180, "texture": "#0"},
                "up": {"uv": [1, 0, 15, 16], "rotation": 180, "texture": "#0"},
                "down": {"uv": [2, 4, 15, 16], "rotation": 180, "texture": "#0"}
            }
        }
    ]
}