{
  "model": {
    "type": "minecraft:select",
    "property": "minecraft:display_context",
    "cases": [
      {
        "when": "gui",
        "model": {
          "type": "minecraft:model",
          "model": "minecraft:item/redstone_torch/redstone_torch_gui"
        }
      },
      {
        "when": "fixed",
        "model": {
          "type": "minecraft:model",
          "model": "minecraft:item/redstone_torch/redstone_torch_gui"
        }
      },
      {
        "when": "firstperson_righthand",
        "model": {
          "type": "minecraft:model",
          "model": "minecraft:item/redstone_torch/firstperson"
        }
      },
      {
        "when": "firstperson_lefthand",
        "model": {
          "type": "minecraft:model",
          "model": "minecraft:item/redstone_torch/firstperson"
        }
      }
    ],
    "fallback": {
      "type": "minecraft:model",
      "model": "minecraft:item/redstone_torch/fallback"
    }
  },
  "hand_animation_on_swap": true
}