{
  "targets": ["minecraft:copper_wall_torch"],
  "particle_emitters": [
    {
      "particle": "drksc_s_particles:shimmer_copper_torch",
      "spawn_location": "lower_corner",
      "chance": "0.25",
      "x": "0.25",
      "y": "0.75",
      "z": "0.5",
      "state_predicate": {
        "predicate_type": "blockstate_match",
        "block_state": {
          "Name": "minecraft:copper_wall_torch",
          "Properties": {
            "facing": "east"
          }
        }
      }
    },
    {
      "particle": "drksc_s_particles:shimmer_copper_torch",
      "spawn_location": "lower_corner",
      "chance": "0.25",
      "x": "0.75",
      "y": "0.75",
      "z": "0.5",
      "state_predicate": {
        "predicate_type": "blockstate_match",
        "block_state": {
          "Name": "minecraft:copper_wall_torch",
          "Properties": {
            "facing": "west"
          }
        }
      }
    },
    {
      "particle": "drksc_s_particles:shimmer_copper_torch",
      "spawn_location": "lower_corner",
      "chance": "0.25",
      "x": "0.5",
      "y": "0.75",
      "z": "0.75",
      "state_predicate": {
        "predicate_type": "blockstate_match",
        "block_state": {
          "Name": "minecraft:copper_wall_torch",
          "Properties": {
            "facing": "north"
          }
        }
      }
    },
    {
      "particle": "drksc_s_particles:shimmer_copper_torch",
      "spawn_location": "lower_corner",
      "chance": "0.25",
      "x": "0.5",
      "y": "0.75",
      "z": "0.25",
      "state_predicate": {
        "predicate_type": "blockstate_match",
        "block_state": {
          "Name": "minecraft:copper_wall_torch",
          "Properties": {
            "facing": "south"
          }
        }
      }
    },
    {
      "particle": "drksc_s_particles:small_green_glow_cut",
      "chance": "0.32",
      "x": "0.25",
      "y": "0.0",
      "z": "0.0",
      "dx": "0",
      "dy": "0",
      "dz": "0",
      "state_predicate": {
        "predicate_type": "blockstate_match",
        "block_state": {
          "Name": "minecraft:copper_wall_torch",
          "Properties": {
            "facing": "west"
          }
        }
      }
    },
    {
      "particle": "drksc_s_particles:small_green_glow_cut",
      "chance": "0.32",
      "x": "-0.25",
      "y": "0.0",
      "z": "0.0",
      "dx": "0",
      "dy": "0",
      "dz": "0",
      "state_predicate": {
        "predicate_type": "blockstate_match",
        "block_state": {
          "Name": "minecraft:copper_wall_torch",
          "Properties": {
            "facing": "east"
          }
        }
      }
    },
    {
      "particle": "drksc_s_particles:small_green_glow_cut",
      "chance": "0.32",
      "x": "0.0",
      "y": "0.0",
      "z": "-0.25",
      "dx": "0",
      "dy": "0",
      "dz": "0",
      "state_predicate": {
        "predicate_type": "blockstate_match",
        "block_state": {
          "Name": "minecraft:copper_wall_torch",
          "Properties": {
            "facing": "south"
          }
        }
      }
    },
    {
      "particle": "drksc_s_particles:small_green_glow_cut",
      "chance": "0.32",
      "x": "0.0",
      "y": "0.0",
      "z": "0.25",
      "dx": "0",
      "dy": "0",
      "dz": "0",
      "state_predicate": {
        "predicate_type": "blockstate_match",
        "block_state": {
          "Name": "minecraft:copper_wall_torch",
          "Properties": {
            "facing": "north"
          }
        }
      }
    }
  ]
}
