{
    "targets": ["lime_candle_cake"],
    "particle_emitters": [
      {
        "particle": "drksc_s_particles:small_shimmer",
        "spawn_location": "lower_corner",
        "chance": "0.25",
        "x": "0.5",
        "y": "1 - 0.02",
        "z": "0.5",
        "state_predicate": {
          "predicate_type": "blockstate_match",
          "block_state": {
            "Name": "lime_candle_cake",
            "Properties": {
              "lit": "true"
            }
          }
        }
      }
    ]
  }