{
  "targets": ["minecraft:nether_portal"],
  "particle_emitters": [
    {
      "particle": "drksc_s_particles:portal_glow",
      "chance": "0.3",
      "x": "0 + 3 * (rand()-0.5)",
      "y": "0 + 0.6 * (rand()-0.5)",
      "z": "0 + 0.6 * (rand()-0.5)",
      "dx": "0 + 0.06 * (rand()-0.5)",
      "dy": "0 + 0.06 * (rand()-0.5)",
      "dz": "0 + 0.06 * (rand()-0.5)",
      "state_predicate": {
        "predicate_type": "blockstate_match",
        "block_state": {
          "Name": "minecraft:nether_portal",
          "Properties": {
            "axis": "z"
          }
        }
      }
    },
    {
      "particle": "drksc_s_particles:portal_glow",
      "chance": "0.3",
      "x": "0 + 0.6 * (rand()-0.5)",
      "y": "0 + 0.6 * (rand()-0.5)",
      "z": "0 + 3 * (rand()-0.5)",
      "dx": "0 + 0.06 * (rand()-0.5)",
      "dy": "0 + 0.06 * (rand()-0.5)",
      "dz": "0 + 0.06 * (rand()-0.5)",
      "state_predicate": {
        "predicate_type": "blockstate_match",
        "block_state": {
          "Name": "minecraft:nether_portal",
          "Properties": {
            "axis": "x"
          }
        }
      }
    }
  ]
}