{
  "targets": ["minecraft:redstone_torch"],
  "particle_emitters": [
     {
       "particle": "drksc_s_particles:shimmer_redstone_torch",
       "spawn_location": "lower_corner",
       "chance": "0.25",
       "x": "0.5",
       "y": "0.65",
       "z": "0.5",
       "state_predicate": {
         "predicate_type": "blockstate_match",
         "block_state": {
           "Name": "minecraft:redstone_torch",
           "Properties": {
             "lit": "true"
           }
         }
       }
     },
     {
       "particle": "drksc_s_particles:small_red_glow",
       "chance": "0.32",
       "x": "0",
       "y": "0 + 0.1 * rand()",
       "z": "0",
       "dx": "0",
       "dy": "0",
       "dz": "0",
       "state_predicate": {
         "predicate_type": "blockstate_match",
         "block_state": {
           "Name": "minecraft:redstone_torch",
           "Properties": {
             "lit": "true"
           }
         }
       }
     }
  ]
}