{
  "targets": ["minecraft:soul_fire"],
  "particle_emitters": [
     {
       "particle": "drksc_s_particles:soul_big_smoke",
       "chance": "0.5",
       "x": "0.3",
       "y": "0.0",
       "z": "0.2",
       "dx": "0.007 * rand()",
       "dy": "0.045",
       "dz": "0.007 * rand()"
     },
     {
       "particle": "drksc_s_particles:soul_big_smoke",
       "chance": "0.5",
       "x": "-0.2",
       "y": "0.0",
       "z": "0.3",
       "dx": "-0.007 * rand()",
       "dy": "0.045",
       "dz": "0.007 * rand()"
     },
     {
       "particle": "drksc_s_particles:soul_big_smoke",
       "chance": "0.5",
       "x": "-0.2",
       "y": "0.0",
       "z": "-0.2",
       "dx": "-0.007 * rand()",
       "dy": "0.045",
       "dz": "-0.007 * rand()"
     },
     {
       "particle": "drksc_s_particles:soul_big_smoke",
       "chance": "0.5",
       "x": "0.3",
       "y": "0.0",
       "z": "-0.3",
       "dx": "0.007 * rand()",
       "dy": "0.045",
       "dz": "-0.007 * rand()"
     },
     {
       "particle": "drksc_s_particles:cold_glow",
       "chance": "0.42",
       "x": "0",
       "y": "0 + 0.1 * rand()",
       "z": "0",
       "dx": "0",
       "dy": "0",
       "dz": "0"
     }
  ]
}