{
    "targets": ["white_candle"],
    "particle_emitters": [
      {
        "particle": "drksc_s_particles:small_shimmer",
        "spawn_location": "lower_corner",
        "chance": "0.25",
        "x": "8/16",
        "y": "(8/16) - 0.02",
        "z": "8/16",
        "state_predicate": {
          "predicate_type": "blockstate_match",
          "block_state": {
            "Name": "white_candle",
            "Properties": {
              "candles": "1",
              "lit": "true"
            }
          }
        }
      },
      {
        "particle": "drksc_s_particles:small_shimmer",
        "spawn_location": "lower_corner",
        "chance": "0.25",
        "x": "6/16",
        "y": "(7/16) - 0.02",
        "z": "8/16",
        "state_predicate": {
          "predicate_type": "blockstate_match",
          "block_state": {
            "Name": "white_candle",
            "Properties": {
              "candles": "2",
              "lit": "true"
            }
          }
        }
      },
      {
        "particle": "drksc_s_particles:small_shimmer",
        "spawn_location": "lower_corner",
        "chance": "0.25",
        "x": "10/16",
        "y": "(8/16) - 0.02",
        "z": "7/16",
        "state_predicate": {
          "predicate_type": "blockstate_match",
          "block_state": {
            "Name": "white_candle",
            "Properties": {
              "candles": "2",
              "lit": "true"
            }
          }
        }
      },
      {
        "particle": "drksc_s_particles:small_shimmer",
        "spawn_location": "lower_corner",
        "chance": "0.25",
        "x": "9/16",
        "y": "(8/16) - 0.02",
        "z": "7/16",
        "state_predicate": {
          "predicate_type": "blockstate_match",
          "block_state": {
            "Name": "white_candle",
            "Properties": {
              "candles": "3",
              "lit": "true"
            }
          }
        }
      },
      {
        "particle": "drksc_s_particles:small_shimmer",
        "spawn_location": "lower_corner",
        "chance": "0.25",
        "x": "6/16",
        "y": "(7/16) - 0.02",
        "z": "8/16",
        "state_predicate": {
          "predicate_type": "blockstate_match",
          "block_state": {
            "Name": "white_candle",
            "Properties": {
              "candles": "3",
              "lit": "true"
            }
          }
        }
      },
      {
        "particle": "drksc_s_particles:small_shimmer",
        "spawn_location": "lower_corner",
        "chance": "0.25",
        "x": "8/16",
        "y": "(5/16) - 0.02",
        "z": "10/16",
        "state_predicate": {
          "predicate_type": "blockstate_match",
          "block_state": {
            "Name": "white_candle",
            "Properties": {
              "candles": "3",
              "lit": "true"
            }
          }
        }
      },
      {
        "particle": "drksc_s_particles:small_shimmer",
        "spawn_location": "lower_corner",
        "chance": "0.25",
        "x": "7/16",
        "y": "(5/16) - 0.02",
        "z": "9/16",
        "state_predicate": {
          "predicate_type": "blockstate_match",
          "block_state": {
            "Name": "white_candle",
            "Properties": {
              "candles": "4",
              "lit": "true"
            }
          }
        }
      },
      {
        "particle": "drksc_s_particles:small_shimmer",
        "spawn_location": "lower_corner",
        "chance": "0.25",
        "x": "10/16",
        "y": "(7/16) - 0.02",
        "z": "9/16",
        "state_predicate": {
          "predicate_type": "blockstate_match",
          "block_state": {
            "Name": "white_candle",
            "Properties": {
              "candles": "4",
              "lit": "true"
            }
          }
        }
      },
      {
        "particle": "drksc_s_particles:small_shimmer",
        "spawn_location": "lower_corner",
        "chance": "0.25",
        "x": "6/16",
        "y": "(7/16) - 0.02",
        "z": "6/16",
        "state_predicate": {
          "predicate_type": "blockstate_match",
          "block_state": {
            "Name": "white_candle",
            "Properties": {
              "candles": "4",
              "lit": "true"
            }
          }
        }
      },
      {
        "particle": "drksc_s_particles:small_shimmer",
        "spawn_location": "lower_corner",
        "chance": "0.25",
        "x": "9/16",
        "y": "(8/16) - 0.02",
        "z": "6/16",
        "state_predicate": {
          "predicate_type": "blockstate_match",
          "block_state": {
            "Name": "white_candle",
            "Properties": {
              "candles": "4",
              "lit": "true"
            }
          }
        }
      }
    ]
  }