{
	"credit": "Made with Blockbench",
	"ambientocclusion": false,
	"textures": {
		"slab": "block/smooth_stone",
		"particle": "block/comparator_on",
		"top": "block/comparator_on",
		"lit": "block/redstone_torch"
	},
	"elements": [
		{
			"from": [0, 0, 0],
			"to": [16, 2, 16],
			"faces": {
				"north": {"uv": [0, 14, 16, 16], "texture": "#slab", "cullface": "north"},
				"east": {"uv": [0, 14, 16, 16], "texture": "#slab", "cullface": "east"},
				"south": {"uv": [0, 14, 16, 16], "texture": "#slab", "cullface": "south"},
				"west": {"uv": [0, 14, 16, 16], "texture": "#slab", "cullface": "west"},
				"up": {"uv": [0, 0, 16, 16], "texture": "#top"},
				"down": {"uv": [0, 0, 16, 16], "texture": "#slab", "cullface": "down"}
			}
		},
		{
			"name": "top",
			"from": [10, 6, 11],
			"to": [12, 8, 13],
			"light_emission": 15,
			"rotation": {"angle": 0, "axis": "y", "origin": [10, -2, 12]},
			"faces": {
				"north": {"uv": [0, 0, 2, 2], "texture": "#lit"},
				"east": {"uv": [2, 0, 4, 2], "texture": "#lit"},
				"south": {"uv": [4, 0, 6, 2], "texture": "#lit"},
				"west": {"uv": [6, 0, 8, 2], "texture": "#lit"},
				"up": {"uv": [10, 2, 8, 0], "texture": "#lit"},
				"down": {"uv": [12, 0, 10, 2], "texture": "#lit"}
			}
		},
		{
			"name": "bottom",
			"from": [10, 2, 11],
			"to": [12, 5, 13],
			"rotation": {"angle": 0, "axis": "y", "origin": [10, -2, 12]},
			"faces": {
				"north": {"uv": [0, 3, 2, 6], "texture": "#lit"},
				"east": {"uv": [2, 3, 4, 6], "texture": "#lit"},
				"south": {"uv": [4, 3, 6, 6], "texture": "#lit"},
				"west": {"uv": [6, 3, 8, 6], "texture": "#lit"},
				"up": {"uv": [10, 6, 8, 4], "texture": "#lit"},
				"down": {"uv": [0, 0, 0, 0], "texture": "#lit"}
			}
		},
		{
			"name": "between",
			"from": [10, 5, 12],
			"to": [12, 6, 12],
			"rotation": {"angle": 0, "axis": "y", "origin": [11, 5.5, 12]},
			"faces": {
				"north": {"uv": [0, 15, 2, 16], "texture": "#lit"},
				"east": {"uv": [0, 0, 0, 0], "texture": "#lit"},
				"south": {"uv": [4, 15, 6, 16], "texture": "#lit"},
				"west": {"uv": [0, 0, 0, 0], "texture": "#lit"},
				"up": {"uv": [0, 0, 0, 0], "texture": "#lit"},
				"down": {"uv": [0, 0, 0, 0], "texture": "#lit"}
			}
		},
		{
			"name": "between",
			"from": [11, 5, 11],
			"to": [11, 6, 13],
			"rotation": {"angle": 0, "axis": "y", "origin": [11, 5.5, 12]},
			"faces": {
				"north": {"uv": [0, 0, 0, 0], "texture": "#lit"},
				"east": {"uv": [2, 15, 4, 16], "texture": "#lit"},
				"south": {"uv": [0, 0, 0, 0], "texture": "#lit"},
				"west": {"uv": [6, 15, 8, 16], "texture": "#lit"},
				"up": {"uv": [0, 0, 0, 0], "texture": "#lit"},
				"down": {"uv": [0, 0, 0, 0], "texture": "#lit"}
			}
		},
		{
			"name": "top",
			"from": [4, 6, 11],
			"to": [6, 8, 13],
			"light_emission": 15,
			"rotation": {"angle": 0, "axis": "y", "origin": [4, -2, 12]},
			"faces": {
				"north": {"uv": [0, 0, 2, 2], "texture": "#lit"},
				"east": {"uv": [2, 0, 4, 2], "texture": "#lit"},
				"south": {"uv": [4, 0, 6, 2], "texture": "#lit"},
				"west": {"uv": [6, 0, 8, 2], "texture": "#lit"},
				"up": {"uv": [10, 2, 8, 0], "texture": "#lit"},
				"down": {"uv": [12, 0, 10, 2], "texture": "#lit"}
			}
		},
		{
			"name": "bottom",
			"from": [4, 2, 11],
			"to": [6, 5, 13],
			"rotation": {"angle": 0, "axis": "y", "origin": [4, -2, 12]},
			"faces": {
				"north": {"uv": [0, 3, 2, 6], "texture": "#lit"},
				"east": {"uv": [2, 3, 4, 6], "texture": "#lit"},
				"south": {"uv": [4, 3, 6, 6], "texture": "#lit"},
				"west": {"uv": [6, 3, 8, 6], "texture": "#lit"},
				"up": {"uv": [10, 6, 8, 4], "texture": "#lit"},
				"down": {"uv": [0, 0, 0, 0], "texture": "#lit"}
			}
		},
		{
			"name": "between",
			"from": [4, 5, 12],
			"to": [6, 6, 12],
			"rotation": {"angle": 0, "axis": "y", "origin": [5, 5.5, 12]},
			"faces": {
				"north": {"uv": [0, 15, 2, 16], "texture": "#lit"},
				"east": {"uv": [0, 0, 0, 0], "texture": "#lit"},
				"south": {"uv": [4, 15, 6, 16], "texture": "#lit"},
				"west": {"uv": [0, 0, 0, 0], "texture": "#lit"},
				"up": {"uv": [0, 0, 0, 0], "texture": "#lit"},
				"down": {"uv": [0, 0, 0, 0], "texture": "#lit"}
			}
		},
		{
			"name": "between",
			"from": [5, 5, 11],
			"to": [5, 6, 13],
			"rotation": {"angle": 0, "axis": "y", "origin": [5, 5.5, 12]},
			"faces": {
				"north": {"uv": [0, 0, 0, 0], "texture": "#lit"},
				"east": {"uv": [2, 15, 4, 16], "texture": "#lit"},
				"south": {"uv": [0, 0, 0, 0], "texture": "#lit"},
				"west": {"uv": [6, 15, 8, 16], "texture": "#lit"},
				"up": {"uv": [0, 0, 0, 0], "texture": "#lit"},
				"down": {"uv": [0, 0, 0, 0], "texture": "#lit"}
			}
		},
		{
			"name": "between",
			"from": [7, 2, 3],
			"to": [9, 3, 3],
			"rotation": {"angle": 0, "axis": "y", "origin": [8, 2.5, 3]},
			"faces": {
				"north": {"uv": [0, 15, 2, 16], "texture": "#lit"},
				"east": {"uv": [0, 0, 0, 0], "texture": "#lit"},
				"south": {"uv": [4, 15, 6, 16], "texture": "#lit"},
				"west": {"uv": [0, 0, 0, 0], "texture": "#lit"},
				"up": {"uv": [0, 0, 0, 0], "texture": "#lit"},
				"down": {"uv": [0, 0, 0, 0], "texture": "#lit"}
			}
		},
		{
			"name": "between",
			"from": [8, 2, 2],
			"to": [8, 3, 4],
			"rotation": {"angle": 0, "axis": "y", "origin": [8, 2.5, 3]},
			"faces": {
				"north": {"uv": [0, 0, 0, 0], "texture": "#lit"},
				"east": {"uv": [2, 15, 4, 16], "texture": "#lit"},
				"south": {"uv": [0, 0, 0, 0], "texture": "#lit"},
				"west": {"uv": [6, 15, 8, 16], "texture": "#lit"},
				"up": {"uv": [0, 0, 0, 0], "texture": "#lit"},
				"down": {"uv": [0, 0, 0, 0], "texture": "#lit"}
			}
		},
		{
			"from": [7, 3, 2],
			"to": [9, 5, 4],
			"rotation": {"angle": 0, "axis": "y", "origin": [7, 3, 2]},
			"faces": {
				"north": {"uv": [14, 14, 16, 16], "texture": "#lit"},
				"east": {"uv": [14, 14, 16, 16], "texture": "#lit"},
				"south": {"uv": [14, 12, 16, 14], "texture": "#lit"},
				"west": {"uv": [14, 10, 16, 12], "texture": "#lit"},
				"up": {"uv": [14, 10, 16, 12], "texture": "#lit"},
				"down": {"uv": [14, 14, 16, 16], "texture": "#lit"}
			}
		}
	],
	"groups": [
		0,
		{
			"name": "torch1",
			"origin": [7, 0, 8],
			"color": 0,
			"children": [1, 2, 3, 4]
		},
		{
			"name": "torch2",
			"origin": [7, 0, 8],
			"color": 0,
			"children": [5, 6, 7, 8]
		},
		{
			"name": "torch1",
			"origin": [7, 0, 8],
			"color": 0,
			"children": [9, 10]
		},
		11
	]
}