{
    "format_version": "1.21.11",
    "credit": "Made with Blockbench",
    "texture_size": [32, 32],
    "textures": {
        "2": "block/dead_bush",
        "particle": "block/dead_bush"
    },
    "elements": [
        {
            "name": "LogPart",
            "from": [2, 0.1, 3],
            "to": [15, 0.1, 17],
            "shade": false,
            "rotation": {"angle": 0, "axis": "z", "origin": [9, -2.9, 11]},
            "faces": {
                "north": {"uv": [0, 0, 0, 5], "rotation": 90, "texture": "#2"},
                "east": {"uv": [6, 0, 0, 0], "rotation": 180, "texture": "#2"},
                "south": {"uv": [0, 0, 0, 5], "rotation": 270, "texture": "#2"},
                "west": {"uv": [6, 0, 0, 0], "texture": "#2"},
                "up": {"uv": [3, 8, 10, 14.5], "rotation": 270, "texture": "#2"},
                "down": {"uv": [10.5, 8, 1.5, 15.5], "rotation": 270, "texture": "#2"}
            }
        },
        {
            "from": [5.9, -0.4, 5.9],
            "to": [5.9, 10.6, 18.9],
            "shade": false,
            "rotation": {"angle": -45, "axis": "y", "origin": [8, 5.1, 11]},
            "faces": {
                "north": {"uv": [0, 0, 0, 7.5], "texture": "#2"},
                "east": {"uv": [0, 0, 6, 5.5], "texture": "#2"},
                "south": {"uv": [0, 0, 0, 7.5], "texture": "#2"},
                "west": {"uv": [6.5, 0, 0, 5.5], "texture": "#2"},
                "up": {"uv": [0, 0, 0, 6], "rotation": 180, "texture": "#2"},
                "down": {"uv": [0, 0, 0, 6], "rotation": 180, "texture": "#2"}
            }
        },
        {
            "from": [8.9, -1.4, 8.2],
            "to": [8.9, 9.6, 20.2],
            "shade": false,
            "rotation": {"angle": 45, "axis": "y", "origin": [8, 5.1, 12]},
            "faces": {
                "north": {"uv": [0, 0, 0, 7.5], "texture": "#2"},
                "east": {"uv": [0, 0, 6, 5.5], "texture": "#2"},
                "south": {"uv": [0, 0, 0, 7.5], "texture": "#2"},
                "west": {"uv": [7.5, 10.5, 1.5, 16], "texture": "#2"},
                "up": {"uv": [0, 0, 0, 6], "rotation": 180, "texture": "#2"},
                "down": {"uv": [0, 0, 0, 6], "rotation": 180, "texture": "#2"}
            }
        },
        {
            "from": [8, 0.6, -4],
            "to": [8, 15.6, 9],
            "shade": false,
            "faces": {
                "north": {"uv": [0, 0, 0, 7.5], "texture": "#2"},
                "east": {"uv": [6, 0, 0, 7.5], "texture": "#2"},
                "south": {"uv": [0, 0, 0, 7.5], "texture": "#2"},
                "west": {"uv": [0, 0, 6.5, 7.5], "texture": "#2"},
                "up": {"uv": [0, 0, 0, 6], "texture": "#2"},
                "down": {"uv": [0, 0, 0, 6], "texture": "#2"}
            }
        },
        {
            "from": [0.1, 1.6, 0],
            "to": [4.1, 1.6, 11],
            "shade": false,
            "rotation": {"angle": 45, "axis": "z", "origin": [2, 7.6, 2.7]},
            "faces": {
                "north": {"uv": [0, 0, 0, 7.5], "rotation": 90, "texture": "#2"},
                "east": {"uv": [0, 0, 0, 6], "rotation": 270, "texture": "#2"},
                "south": {"uv": [0, 0, 0, 7.5], "rotation": 270, "texture": "#2"},
                "west": {"uv": [0, 0, 0, 6], "rotation": 270, "texture": "#2"},
                "up": {"uv": [7.5, 10.5, 2, 12.5], "rotation": 270, "texture": "#2"},
                "down": {"uv": [2, 10.5, 7.5, 12.5], "rotation": 270, "texture": "#2"}
            }
        },
        {
            "from": [-8.2, 2.6, 10],
            "to": [1.8, 2.6, 14],
            "shade": false,
            "rotation": {"angle": 45, "axis": "y", "origin": [3, 8.1, 2.7]},
            "faces": {
                "north": {"uv": [0, 0, 0, 6], "rotation": 270, "texture": "#2"},
                "east": {"uv": [0, 0, 0, 7.5], "rotation": 270, "texture": "#2"},
                "south": {"uv": [0, 0, 0, 6], "rotation": 270, "texture": "#2"},
                "west": {"uv": [0, 0, 0, 7.5], "rotation": 90, "texture": "#2"},
                "up": {"uv": [7, 10, 2, 12], "rotation": 180, "texture": "#2"},
                "down": {"uv": [2, 10.5, 7.5, 12.5], "texture": "#2"}
            }
        },
        {
            "from": [8.01703, 5.6, 2.98516],
            "to": [15.01703, 5.6, 5.98516],
            "shade": false,
            "rotation": {"angle": 0, "axis": "y", "origin": [5.19203, 9.6, 13.66016]},
            "faces": {
                "north": {"uv": [0, 0, 0, 6], "rotation": 270, "texture": "#2"},
                "east": {"uv": [0, 0, 0, 7.5], "rotation": 90, "texture": "#2"},
                "south": {"uv": [0, 0, 0, 6], "rotation": 270, "texture": "#2"},
                "west": {"uv": [0, 0, 0, 7.5], "rotation": 270, "texture": "#2"},
                "up": {"uv": [5.5, 10.5, 2, 12], "texture": "#2"},
                "down": {"uv": [2, 10.5, 7.5, 12.5], "rotation": 180, "texture": "#2"}
            }
        },
        {
            "from": [-1.09312, 4.1, 5.7789],
            "to": [7.90688, 4.1, 9.7789],
            "shade": false,
            "rotation": {"angle": -22.5, "axis": "x", "origin": [3.15688, 4.6, 7.4789]},
            "faces": {
                "north": {"uv": [0, 0, 0, 6], "rotation": 270, "texture": "#2"},
                "east": {"uv": [0, 0, 0, 7.5], "rotation": 270, "texture": "#2"},
                "south": {"uv": [0, 0, 0, 6], "rotation": 270, "texture": "#2"},
                "west": {"uv": [0, 0, 0, 7.5], "rotation": 90, "texture": "#2"},
                "up": {"uv": [6, 14.5, 1.5, 12.5], "rotation": 180, "texture": "#2"},
                "down": {"uv": [1.5, 12.5, 6, 14], "texture": "#2"}
            }
        },
        {
            "from": [7, 0.2, 4],
            "to": [13, 0.2, 10],
            "shade": false,
            "rotation": {"angle": 0, "axis": "y", "origin": [0, -1.4, 0]},
            "faces": {
                "north": {"uv": [0, 0, 2.5, 0], "texture": "#2"},
                "east": {"uv": [0, 0, 2.5, 0], "texture": "#2"},
                "south": {"uv": [0, 0, 2.5, 0], "texture": "#2"},
                "west": {"uv": [0, 0, 2.5, 0], "texture": "#2"},
                "up": {"uv": [4, 9.5, 7, 12.5], "rotation": 90, "texture": "#2"},
                "down": {"uv": [0, 0, 2.5, 2.5], "texture": "#2"}
            }
        }
    ],
    "gui_light": "front",
    "display": {
        "thirdperson_righthand": {
            "rotation": [0, 45, 0],
            "translation": [0, 4.5, 2],
            "scale": [0.55, 0.55, 0.55]
        },
        "thirdperson_lefthand": {
            "rotation": [0, 45, 0],
            "translation": [0, 4.5, 2.25],
            "scale": [0.55, 0.55, 0.55]
        },
        "firstperson_righthand": {
            "rotation": [-21, 27, 8],
            "translation": [-0.25, 4.25, 0],
            "scale": [0.6, 0.6, 0.6]
        },
        "firstperson_lefthand": {
            "rotation": [-12, -58, 8],
            "translation": [0.75, 3.75, -1],
            "scale": [0.6, 0.6, 0.6]
        },
        "ground": {
            "translation": [0, 2, 0],
            "scale": [0.4, 0.4, 0.4]
        },
        "gui": {
            "rotation": [30, -45, 0],
            "translation": [0, 0.5, 0],
            "scale": [0.85, 0.92, 0.85]
        },
        "head": {
            "rotation": [0, -90, 0],
            "translation": [0, 14.5, 0]
        },
        "fixed": {
            "rotation": [-15, -45, 0],
            "translation": [0, 2.25, -1.25]
        }
    },
    "groups": [
        {
            "name": "Leaves",
            "origin": [8, 8, 8],
            "color": 0,
            "children": []
        },
        0,
        1,
        2,
        3,
        4,
        5,
        6,
        7,
        8
    ]
}