{
    "format_version": "1.21.11",
    "credit": "Made with Blockbench",
    "texture_size": [32, 32],
    "textures": {
        "2": "block/dead_bush",
        "particle": "block/dead_bush"
    },
    "elements": [
        {
            "name": "LogPart",
            "from": [1, 0, 10],
            "to": [19, 16, 10],
            "shade": false,
            "rotation": {"angle": -45, "axis": "y", "origin": [9, 1, 10]},
            "faces": {
                "north": {"uv": [1.5, 8, 10.5, 16], "texture": "#2"},
                "east": {"uv": [0, 0, 0, 5], "texture": "#2"},
                "south": {"uv": [10.5, 9, 1.5, 16], "texture": "#2"},
                "west": {"uv": [0, 0, 0, 5], "texture": "#2"},
                "up": {"uv": [6, 0, 0, 0], "texture": "#2"},
                "down": {"uv": [6, 0, 0, 0], "texture": "#2"}
            }
        },
        {
            "name": "LogPart",
            "from": [2, 0.1, 3],
            "to": [15, 0.1, 17],
            "shade": false,
            "rotation": {"angle": 0, "axis": "y", "origin": [9, -2.9, 11]},
            "faces": {
                "north": {"uv": [0, 0, 0, 5], "rotation": 90, "texture": "#2"},
                "east": {"uv": [6, 0, 0, 0], "rotation": 180, "texture": "#2"},
                "south": {"uv": [0, 0, 0, 5], "rotation": 270, "texture": "#2"},
                "west": {"uv": [6, 0, 0, 0], "texture": "#2"},
                "up": {"uv": [3, 8, 10, 14.5], "rotation": 270, "texture": "#2"},
                "down": {"uv": [10.5, 8, 1.5, 15.5], "rotation": 270, "texture": "#2"}
            }
        },
        {
            "name": "LogPart",
            "from": [10, 2, 0],
            "to": [10, 20, 18],
            "shade": false,
            "rotation": {"angle": -45, "axis": "y", "origin": [9, 5, 10]},
            "faces": {
                "north": {"uv": [0, 0, 0, 5], "texture": "#2"},
                "east": {"uv": [1.5, 8, 10.5, 16], "texture": "#2"},
                "south": {"uv": [0, 0, 0, 5], "texture": "#2"},
                "west": {"uv": [1.5, 8, 10.5, 16], "texture": "#2"},
                "up": {"uv": [6, 0, 0, 0], "rotation": 90, "texture": "#2"},
                "down": {"uv": [6, 0, 0, 0], "rotation": 270, "texture": "#2"}
            }
        },
        {
            "name": "LogPart",
            "from": [-4, 9, 10],
            "to": [9, 24, 10],
            "shade": false,
            "rotation": {"angle": -22.5, "axis": "y", "origin": [9, 5, 10]},
            "faces": {
                "north": {"uv": [6.5, 0, 0, 7.5], "texture": "#2"},
                "east": {"uv": [0, 0, 0, 5], "texture": "#2"},
                "south": {"uv": [0, 0, 6.5, 7.5], "texture": "#2"},
                "west": {"uv": [0, 0, 0, 5], "texture": "#2"},
                "up": {"uv": [6, 0, 0, 0], "rotation": 180, "texture": "#2"},
                "down": {"uv": [6, 0, 0, 0], "rotation": 180, "texture": "#2"}
            }
        },
        {
            "name": "LogPart",
            "from": [9, 5, 6],
            "to": [9, 11, 21],
            "shade": false,
            "rotation": {"angle": 0, "axis": "y", "origin": [9, 8.5, 11]},
            "faces": {
                "north": {"uv": [0, 0, 0, 5], "texture": "#2"},
                "east": {"uv": [9, 9.5, 1.5, 12.5], "texture": "#2"},
                "south": {"uv": [0, 0, 0, 5], "texture": "#2"},
                "west": {"uv": [1.5, 9.5, 9, 12.5], "texture": "#2"},
                "up": {"uv": [6, 0, 0, 0], "rotation": 270, "texture": "#2"},
                "down": {"uv": [6, 0, 0, 0], "rotation": 90, "texture": "#2"}
            }
        },
        {
            "name": "LogPart",
            "from": [-2, 2, 10],
            "to": [12, 10, 10],
            "shade": false,
            "rotation": {"angle": 0, "axis": "y", "origin": [9, 7.5, 10]},
            "faces": {
                "north": {"uv": [9, 8.5, 2, 12.5], "texture": "#2"},
                "south": {"uv": [2, 8.5, 9, 12.5], "texture": "#2"}
            }
        }
    ],
    "gui_light": "front",
    "display": {
        "thirdperson_righthand": {
            "rotation": [0, 45, 0],
            "translation": [0, 4.5, 2],
            "scale": [0.55, 0.55, 0.55]
        },
        "thirdperson_lefthand": {
            "rotation": [0, 45, 0],
            "translation": [0, 4.5, 2.25],
            "scale": [0.55, 0.55, 0.55]
        },
        "firstperson_righthand": {
            "rotation": [-21, 27, 8],
            "translation": [-0.25, 4.25, 0],
            "scale": [0.6, 0.6, 0.6]
        },
        "firstperson_lefthand": {
            "rotation": [-12, -58, 8],
            "translation": [0.75, 3.75, -1],
            "scale": [0.6, 0.6, 0.6]
        },
        "ground": {
            "translation": [0, 2, 0],
            "scale": [0.4, 0.4, 0.4]
        },
        "gui": {
            "rotation": [30, -45, 0],
            "translation": [0, 0.5, 0],
            "scale": [0.85, 0.92, 0.85]
        },
        "head": {
            "rotation": [0, -90, 0],
            "translation": [0, 14.5, 0]
        },
        "fixed": {
            "rotation": [-15, -45, 0],
            "translation": [0, 2.25, -1.25]
        }
    },
    "groups": [
        {
            "name": "Log",
            "origin": [8, 8, 8],
            "color": 0,
            "children": [0, 1, 2, 3, 4, 5]
        },
        {
            "name": "Leaves",
            "origin": [8, 8, 8],
            "color": 0,
            "children": []
        }
    ]
}