{
    "format_version": "1.21.11",
    "credit": "Made with Blockbench",
    "texture_size": [32, 32],
    "textures": {
        "2": "block/dead_bush",
        "particle": "block/dead_bush"
    },
    "elements": [
        {
            "name": "LogPart",
            "from": [-2, -0.9, 10],
            "to": [14, 13.1, 10],
            "shade": false,
            "rotation": {"angle": -45, "axis": "y", "origin": [8, -1.9, 10]},
            "faces": {
                "north": {"uv": [1.5, 8, 9.5, 15.5], "texture": "#2"},
                "east": {"uv": [0, 0, 0, 5], "texture": "#2"},
                "south": {"uv": [9.5, 8, 1.5, 16], "texture": "#2"},
                "west": {"uv": [0, 0, 0, 5], "texture": "#2"},
                "up": {"uv": [6, 0, 0, 0], "texture": "#2"},
                "down": {"uv": [6, 0, 0, 0], "texture": "#2"}
            }
        },
        {
            "name": "LogPart",
            "from": [0.5, 0.1, 1.5],
            "to": [14.5, 0.1, 14.5],
            "shade": false,
            "rotation": {"angle": 0, "axis": "y", "origin": [7.5, -1.6, 9]},
            "faces": {
                "north": {"uv": [6, 0, 0, 0], "texture": "#2"},
                "east": {"uv": [0, 0, 0, 5], "rotation": 90, "texture": "#2"},
                "south": {"uv": [6, 0, 0, 0], "rotation": 180, "texture": "#2"},
                "west": {"uv": [0, 0, 0, 5], "rotation": 270, "texture": "#2"},
                "up": {"uv": [3, 8, 10, 14.5], "texture": "#2"},
                "down": {"uv": [10.5, 8, 1.5, 15.5], "rotation": 180, "texture": "#2"}
            }
        },
        {
            "name": "LogPart",
            "from": [2.5, 2.8, 14.5],
            "to": [7.5, 2.8, 21.5],
            "shade": false,
            "rotation": {"angle": 0, "axis": "y", "origin": [7.5, 1.1, 9]},
            "faces": {
                "north": {"uv": [6, 0, 0, 0], "rotation": 180, "texture": "#2"},
                "east": {"uv": [0, 0, 0, 5], "rotation": 270, "texture": "#2"},
                "south": {"uv": [6, 0, 0, 0], "texture": "#2"},
                "west": {"uv": [0, 0, 0, 5], "rotation": 90, "texture": "#2"},
                "up": {"uv": [5.5, 8, 8, 11.5], "rotation": 180, "texture": "#2"},
                "down": {"uv": [10.5, 8, 1.5, 15.5], "texture": "#2"}
            }
        },
        {
            "name": "LogPart",
            "from": [9, -3.9, 0],
            "to": [9, 12.1, 18],
            "shade": false,
            "rotation": {"angle": -45, "axis": "y", "origin": [8, -1.9, 10]},
            "faces": {
                "north": {"uv": [0, 0, 0, 5], "texture": "#2"},
                "east": {"uv": [1.5, 8, 10.5, 16], "texture": "#2"},
                "south": {"uv": [0, 0, 0, 5], "texture": "#2"},
                "west": {"uv": [10.5, 8, 1.5, 16], "texture": "#2"},
                "up": {"uv": [6, 0, 0, 0], "rotation": 90, "texture": "#2"},
                "down": {"uv": [6, 0, 0, 0], "rotation": 270, "texture": "#2"}
            }
        },
        {
            "name": "LogPart",
            "from": [9.5, 1.3, 8.9],
            "to": [9.5, 8.3, 21.9],
            "shade": false,
            "rotation": {"angle": 0, "axis": "y", "origin": [8, 4.6, 10]},
            "faces": {
                "north": {"uv": [0, 0, 0, 5], "texture": "#2"},
                "east": {"uv": [1.5, 12.5, 8, 9], "texture": "#2"},
                "south": {"uv": [0, 0, 0, 5], "texture": "#2"},
                "west": {"uv": [2, 9, 9.5, 12.5], "texture": "#2"},
                "up": {"uv": [6, 0, 0, 0], "rotation": 270, "texture": "#2"},
                "down": {"uv": [6, 0, 0, 0], "rotation": 90, "texture": "#2"}
            }
        },
        {
            "name": "LogPart",
            "from": [-1, -0.2, 10],
            "to": [13, 4.8, 10],
            "shade": false,
            "rotation": {"angle": 0, "axis": "y", "origin": [8, 4.3, 10]},
            "faces": {
                "north": {"uv": [2, 10, 9, 12.5], "texture": "#2"},
                "east": {"uv": [0, 0, 0, 5], "texture": "#2"},
                "south": {"uv": [9, 10, 2, 12.5], "texture": "#2"},
                "west": {"uv": [0, 0, 0, 5], "texture": "#2"},
                "up": {"uv": [6, 0, 0, 0], "texture": "#2"},
                "down": {"uv": [6, 0, 0, 0], "texture": "#2"}
            }
        },
        {
            "name": "Ground",
            "from": [9.2, 0.1, 8.4],
            "to": [18.2, 0.1, 18.4],
            "shade": false,
            "rotation": {"angle": 45, "axis": "y", "origin": [13.2, 3, 13.5]},
            "faces": {
                "north": {"uv": [1, 14.5, 0.5, 15], "texture": "#2"},
                "east": {"uv": [1, 14.5, 0.5, 15], "texture": "#2"},
                "south": {"uv": [1, 14.5, 0.5, 15], "texture": "#2"},
                "west": {"uv": [0.5, 15, 1, 15.5], "texture": "#2"},
                "up": {"uv": [6, 0, 10.5, 5], "texture": "#2"},
                "down": {"uv": [5, 0, 10, 5], "texture": "#2"}
            }
        }
    ],
    "gui_light": "front",
    "display": {
        "thirdperson_righthand": {
            "rotation": [0, 45, 0],
            "translation": [0, 4.5, 2],
            "scale": [0.55, 0.55, 0.55]
        },
        "thirdperson_lefthand": {
            "rotation": [0, 45, 0],
            "translation": [0, 4.5, 2.25],
            "scale": [0.55, 0.55, 0.55]
        },
        "firstperson_righthand": {
            "rotation": [-21, 27, 8],
            "translation": [-0.25, 4.25, 0],
            "scale": [0.6, 0.6, 0.6]
        },
        "firstperson_lefthand": {
            "rotation": [-12, -58, 8],
            "translation": [0.75, 3.75, -1],
            "scale": [0.6, 0.6, 0.6]
        },
        "ground": {
            "translation": [0, 2, 0],
            "scale": [0.4, 0.4, 0.4]
        },
        "gui": {
            "rotation": [30, -45, 0],
            "translation": [0, 0.5, 0],
            "scale": [0.85, 0.92, 0.85]
        },
        "head": {
            "rotation": [0, -90, 0],
            "translation": [0, 14.5, 0]
        },
        "fixed": {
            "rotation": [-15, -45, 0],
            "translation": [0, 2.25, -1.25]
        }
    },
    "groups": [
        {
            "name": "Log",
            "origin": [8, 8, 8],
            "color": 0,
            "children": [0, 1, 2, 3, 4, 5]
        },
        {
            "name": "Leaves",
            "origin": [8, 8, 8],
            "color": 0,
            "children": []
        },
        6
    ]
}