{
	"format_version": "1.21.6",
	"credit": "Made with Blockbench",
	"parent": "minecraft:block/cross",
	"textures": {
		"cross": "block/short_dry_grass"
	},
	"elements": [
		{
			"from": [0, 0, 8],
			"to": [16, 16, 8],
			"shade": false,
			"rotation": {"angle": -45, "axis": "y", "origin": [8, 0, 8]},
			"faces": {
				"north": {"uv": [0, 0, 16, 16], "texture": "#cross"},
				"east": {"uv": [1, 0, 0, 16], "texture": "#cross"},
				"south": {"uv": [16, 0, 0, 16], "texture": "#cross"},
				"west": {"uv": [1, 0, 0, 16], "texture": "#cross"},
				"up": {"uv": [1, 0, 16, 1], "texture": "#cross"},
				"down": {"uv": [1, 0, 16, 1], "texture": "#cross"}
			}
		},
		{
			"from": [8, 0, 0],
			"to": [8, 16, 16],
			"shade": false,
			"rotation": {"angle": -45, "axis": "y", "origin": [8, 0, 8]},
			"faces": {
				"north": {"uv": [1, 0, 0, 16], "texture": "#cross"},
				"east": {"uv": [0, 0, 16, 16], "texture": "#cross"},
				"south": {"uv": [1, 0, 0, 16], "texture": "#cross"},
				"west": {"uv": [16, 0, 0, 16], "texture": "#cross"},
				"up": {"uv": [1, 0, 16, 1], "rotation": 90, "texture": "#cross"},
				"down": {"uv": [1, 0, 16, 1], "rotation": 270, "texture": "#cross"}
			}
		},
		{
			"from": [8, 0, 0],
			"to": [8, 16, 16],
			"shade": false,
			"rotation": {"angle": -22.5, "axis": "z", "origin": [8, 0, 8]},
			"faces": {
				"north": {"uv": [1, 0, 0, 16], "texture": "#cross"},
				"east": {"uv": [0, 0, 16, 16], "texture": "#cross"},
				"south": {"uv": [1, 0, 0, 16], "texture": "#cross"},
				"west": {"uv": [16, 0, 0, 16], "texture": "#cross"},
				"up": {"uv": [1, 0, 16, 1], "rotation": 90, "texture": "#cross"},
				"down": {"uv": [1, 0, 16, 1], "rotation": 270, "texture": "#cross"}
			}
		},
		{
			"from": [8, 0, 0],
			"to": [8, 16, 16],
			"shade": false,
			"rotation": {"angle": 22.5, "axis": "z", "origin": [8, 0, 8]},
			"faces": {
				"north": {"uv": [0, 0, 1, 16], "texture": "#cross"},
				"east": {"uv": [16, 0, 0, 16], "texture": "#cross"},
				"south": {"uv": [0, 0, 1, 16], "texture": "#cross"},
				"west": {"uv": [0, 0, 16, 16], "texture": "#cross"},
				"up": {"uv": [1, 1, 16, 0], "rotation": 90, "texture": "#cross"},
				"down": {"uv": [1, 1, 16, 0], "rotation": 270, "texture": "#cross"}
			}
		},
		{
			"from": [-0.5, 0, 8.5],
			"to": [15.5, 16, 8.5],
			"shade": false,
			"rotation": {"angle": -22.5, "axis": "x", "origin": [7.5, 0, 8.5]},
			"faces": {
				"north": {"uv": [0, 0, 16, 16], "texture": "#cross"},
				"east": {"uv": [0, 0, 1, 16], "texture": "#cross"},
				"south": {"uv": [16, 0, 0, 16], "texture": "#cross"},
				"west": {"uv": [0, 0, 1, 16], "texture": "#cross"},
				"up": {"uv": [1, 1, 16, 0], "rotation": 180, "texture": "#cross"},
				"down": {"uv": [1, 1, 16, 0], "rotation": 180, "texture": "#cross"}
			}
		},
		{
			"from": [-0.5, 0, 8.5],
			"to": [15.5, 16, 8.5],
			"shade": false,
			"rotation": {"angle": 22.5, "axis": "x", "origin": [7.5, 0, 8.5]},
			"faces": {
				"north": {"uv": [16, 0, 0, 16], "texture": "#cross"},
				"east": {"uv": [1, 0, 0, 16], "texture": "#cross"},
				"south": {"uv": [0, 0, 16, 16], "texture": "#cross"},
				"west": {"uv": [1, 0, 0, 16], "texture": "#cross"},
				"up": {"uv": [1, 0, 16, 1], "rotation": 180, "texture": "#cross"},
				"down": {"uv": [1, 0, 16, 1], "rotation": 180, "texture": "#cross"}
			}
		}
	]
}