{
	"format_version": "1.21.6",
	"credit": "Made with Blockbench",
	"textures": {
		"5": "#side",
		"7": "#side_light",
		"particle": "#side"
	},
	"elements": [
		{
			"from": [0, 0, 0],
			"to": [16, 16, 16],
			"shade": false,
			"faces": {
				"north": {"uv": [0, 0, 16, 16], "texture": "#5", "cullface": "north"},
				"east": {"uv": [0, 0, 16, 16], "texture": "#5", "cullface": "east"},
				"south": {"uv": [0, 0, 16, 16], "texture": "#5", "cullface": "south"},
				"west": {"uv": [0, 0, 16, 16], "texture": "#5", "cullface": "west"},
				"up": {"uv": [0, 0, 16, 16], "texture": "#5", "cullface": "up"},
				"down": {"uv": [0, 0, 16, 16], "texture": "#5", "cullface": "down"}
			}
		},
		{
			"from": [-3, 0, 0.03],
			"to": [0, 16, 0.03],
			"rotation": {"angle": 0, "axis": "y", "origin": [-2, 0, 0.025]},
			"faces": {
				"south": {"uv": [0, 13, 16, 16], "rotation": 270, "texture": "#7", "cullface": "west"}
			}
		},
		{
			"from": [16, 0, 0.03],
			"to": [19, 16, 0.03],
			"rotation": {"angle": 0, "axis": "y", "origin": [18, 0, 0.025]},
			"faces": {
				"south": {"uv": [0, 16, 16, 13], "rotation": 270, "texture": "#7", "cullface": "east"}
			}
		},
		{
			"from": [16, 0, 15.97],
			"to": [19, 16, 15.97],
			"rotation": {"angle": 0, "axis": "y", "origin": [18, 0, 15.975]},
			"faces": {
				"north": {"uv": [0, 13, 16, 16], "rotation": 270, "texture": "#7", "cullface": "east"}
			}
		},
		{
			"from": [-3, 0, 15.97],
			"to": [0, 16, 15.97],
			"rotation": {"angle": 0, "axis": "y", "origin": [-2, 0, 15.975]},
			"faces": {
				"north": {"uv": [0, 16, 16, 13], "rotation": 270, "texture": "#7", "cullface": "west"}
			}
		},
		{
			"from": [-3, 0.005, -0.025],
			"to": [0, 0.005, 15.975],
			"rotation": {"angle": 0, "axis": "y", "origin": [-2, 0, -0.025]},
			"faces": {
				"up": {"uv": [0, 16, 16, 13], "rotation": 90, "texture": "#7", "cullface": "west"}
			}
		},
		{
			"from": [-3, 15.945, -0.025],
			"to": [0, 15.945, 15.975],
			"rotation": {"angle": 0, "axis": "y", "origin": [-2, 15.95, -0.025]},
			"faces": {
				"down": {"uv": [0, 13, 16, 16], "rotation": 270, "texture": "#7", "cullface": "west"}
			}
		},
		{
			"from": [16, 15.945, -0.025],
			"to": [19, 15.945, 15.975],
			"rotation": {"angle": 0, "axis": "y", "origin": [18, 15.95, -0.025]},
			"faces": {
				"down": {"uv": [0, 16, 16, 13], "rotation": 270, "texture": "#7", "cullface": "east"}
			}
		},
		{
			"from": [16, 0.005, -0.025],
			"to": [19, 0.005, 15.975],
			"rotation": {"angle": 0, "axis": "y", "origin": [18, 0, -0.025]},
			"faces": {
				"up": {"uv": [0, 13, 16, 16], "rotation": 90, "texture": "#7", "cullface": "east"}
			}
		},
		{
			"from": [0.03, 0, 16],
			"to": [0.03, 16, 19],
			"rotation": {"angle": 0, "axis": "y", "origin": [8, 8, 8]},
			"faces": {
				"east": {"uv": [0, 13, 16, 16], "rotation": 270, "texture": "#7", "cullface": "south"}
			}
		},
		{
			"from": [0.03, 0, -3],
			"to": [0.03, 16, 0],
			"rotation": {"angle": 0, "axis": "y", "origin": [8, 8, 8]},
			"faces": {
				"east": {"uv": [0, 16, 16, 13], "rotation": 270, "texture": "#7", "cullface": "north"}
			}
		},
		{
			"from": [15.97, 0, -3],
			"to": [15.97, 16, 0],
			"rotation": {"angle": 0, "axis": "y", "origin": [8, 8, 8]},
			"faces": {
				"west": {"uv": [0, 13, 16, 16], "rotation": 270, "texture": "#7", "cullface": "north"}
			}
		},
		{
			"from": [15.97, 0, 16],
			"to": [15.97, 16, 19],
			"rotation": {"angle": 0, "axis": "y", "origin": [8, 8, 8]},
			"faces": {
				"west": {"uv": [0, 16, 16, 13], "rotation": 270, "texture": "#7", "cullface": "south"}
			}
		},
		{
			"from": [0, 15.97, 16],
			"to": [16, 15.97, 19],
			"rotation": {"angle": 0, "axis": "y", "origin": [8, 8, 8]},
			"faces": {
				"down": {"uv": [0, 16, 16, 13], "rotation": 180, "texture": "#7", "cullface": "south"}
			}
		},
		{
			"from": [0, 0.03, 16],
			"to": [16, 0.03, 19],
			"rotation": {"angle": 0, "axis": "y", "origin": [8, 8, 8]},
			"faces": {
				"up": {"uv": [0, 13, 16, 16], "rotation": 180, "texture": "#7", "cullface": "south"}
			}
		},
		{
			"from": [0, 0.03, -3],
			"to": [16, 0.03, 0],
			"rotation": {"angle": 0, "axis": "y", "origin": [8, 8, 8]},
			"faces": {
				"up": {"uv": [0, 16, 16, 13], "rotation": 180, "texture": "#7", "cullface": "north"}
			}
		},
		{
			"from": [0, 15.97, -3],
			"to": [16, 15.97, 0],
			"rotation": {"angle": 0, "axis": "y", "origin": [8, 8, 8]},
			"faces": {
				"down": {"uv": [0, 13, 16, 16], "rotation": 180, "texture": "#7", "cullface": "north"}
			}
		},
		{
			"from": [15.97, 16, 0],
			"to": [15.97, 19, 16],
			"rotation": {"angle": 0, "axis": "y", "origin": [8, 8, 8]},
			"faces": {
				"west": {"uv": [0, 13, 16, 16], "texture": "#7", "cullface": "up"}
			}
		},
		{
			"from": [0.03, 16, 0],
			"to": [0.03, 19, 16],
			"rotation": {"angle": 0, "axis": "y", "origin": [8, 8, 8]},
			"faces": {
				"east": {"uv": [16, 13, 0, 16], "texture": "#7", "cullface": "up"}
			}
		},
		{
			"from": [0, 16, 0.03],
			"to": [16, 19, 0.03],
			"rotation": {"angle": 0, "axis": "y", "origin": [8, 8, 8]},
			"faces": {
				"south": {"uv": [16, 13, 0, 16], "texture": "#7", "cullface": "up"}
			}
		},
		{
			"from": [0, 16, 15.97],
			"to": [16, 19, 15.97],
			"rotation": {"angle": 0, "axis": "y", "origin": [8, 8, 8]},
			"faces": {
				"north": {"uv": [0, 13, 16, 16], "texture": "#7", "cullface": "up"}
			}
		},
		{
			"from": [0, -3, 0.03],
			"to": [16, 0, 0.03],
			"rotation": {"angle": 0, "axis": "y", "origin": [8, 8, 8]},
			"faces": {
				"south": {"uv": [16, 16, 0, 13], "texture": "#7", "cullface": "down"}
			}
		},
		{
			"from": [0, -3, 15.97],
			"to": [16, 0, 15.97],
			"rotation": {"angle": 0, "axis": "y", "origin": [8, 8, 8]},
			"faces": {
				"north": {"uv": [0, 16, 16, 13], "texture": "#7", "cullface": "down"}
			}
		},
		{
			"from": [15.97, -3, 0],
			"to": [15.97, 0, 16],
			"rotation": {"angle": 0, "axis": "y", "origin": [8, 8, 8]},
			"faces": {
				"west": {"uv": [0, 16, 16, 13], "texture": "#7", "cullface": "down"}
			}
		},
		{
			"from": [0.03, -3, 0],
			"to": [0.03, 0, 16],
			"rotation": {"angle": 0, "axis": "y", "origin": [8, 8, 8]},
			"faces": {
				"east": {"uv": [16, 16, 0, 13], "texture": "#7", "cullface": "down"}
			}
		}
	],
	"display": {
		"thirdperson_righthand": {
			"rotation": [75, 45, 0],
			"translation": [0, 2.5, 0],
			"scale": [0.375, 0.375, 0.375]
		},
		"firstperson_righthand": {
			"rotation": [0, 45, 0],
			"scale": [0.4, 0.4, 0.4]
		},
		"firstperson_lefthand": {
			"rotation": [0, -135, 0],
			"scale": [0.4, 0.4, 0.4]
		},
		"ground": {
			"translation": [0, 3, 0],
			"scale": [0.25, 0.25, 0.25]
		},
		"gui": {
			"rotation": [30, -135, 0],
			"scale": [0.625, 0.625, 0.625]
		},
		"fixed": {
			"scale": [0.5, 0.5, 0.5]
		}
	},
	"groups": [
		0,
		{
			"name": "group",
			"origin": [-2, 0, 0],
			"color": 0,
			"children": [1, 2, 3, 4, 5, 6, 7, 8, 9, 10, 11, 12, 13, 14, 15, 16, 17, 18, 19, 20, 21, 22, 23, 24]
		}
	]
}