{
	"format_version": "1.21.6",
	"credit": "Made with Blockbench",
	"textures": {
		"0": "block/blast_furnace/blast_furnace_side",
		"1": "block/blast_furnace/blast_furnace_back",
		"2": "block/blast_furnace/blast_furnace_updown",
		"6": "block/blast_furnace/blast_furnace_door",
		"7": "block/blast_furnace/blast_furnace_front_open",
		"particle": "block/blast_furnace/blast_furnace_side"
	},
	"elements": [
		{
			"from": [0, 0, 0],
			"to": [16, 16, 16],
			"faces": {
				"north": {"uv": [0, 0, 16, 16], "texture": "#7", "cullface": "north"},
				"east": {"uv": [0, 0, 16, 16], "texture": "#0", "cullface": "east"},
				"south": {"uv": [0, 0, 16, 16], "texture": "#1", "cullface": "south"},
				"west": {"uv": [0, 0, 16, 16], "texture": "#0", "cullface": "west"},
				"up": {"uv": [0, 0, 16, 16], "texture": "#2", "cullface": "up"},
				"down": {"uv": [0, 0, 16, 16], "texture": "#2", "cullface": "down"}
			}
		},
		{
			"from": [9, 0.75, 0],
			"to": [14, 6.75, 1],
			"rotation": {"angle": -45, "axis": "x", "origin": [9, 0.75, 0]},
			"faces": {
				"north": {"uv": [0, 0, 5, 6], "texture": "#6", "cullface": "north"},
				"east": {"uv": [0, 0, 1, 6], "texture": "#6", "cullface": "north"},
				"south": {"uv": [5, 0, 0, 6], "texture": "#6", "cullface": "north"},
				"west": {"uv": [4, 0, 5, 6], "texture": "#6", "cullface": "north"},
				"up": {"uv": [5, 0, 0, 1], "texture": "#6", "cullface": "north"}
			}
		}
	],
	"display": {
		"thirdperson_righthand": {
			"rotation": [47.57, 12, -9.77],
			"translation": [-0.25, 1.5, -1.5],
			"scale": [0.4, 0.4, 0.4]
		},
		"thirdperson_lefthand": {
			"rotation": [47.57, 12, -9.77],
			"translation": [-0.25, 1.5, -1.5],
			"scale": [0.3, 0.3, 0.3]
		},
		"firstperson_righthand": {
			"rotation": [-89, -180, 0],
			"translation": [-9, -8.75, -8.75],
			"scale": [0.8, 0.8, 0.8]
		},
		"firstperson_lefthand": {
			"rotation": [-89, 113, -110],
			"translation": [14.5, -3, -8.75],
			"scale": [0.8, 0.8, 0.8]
		},
		"ground": {
			"rotation": [33, 0, 24],
			"translation": [0, 2.75, 0],
			"scale": [0.3, 0.3, 0.3]
		},
		"gui": {
			"rotation": [30, -135, 0],
			"scale": [0.62, 0.62, 0.62]
		},
		"fixed": {
			"rotation": [-90, 0, 0],
			"translation": [0, 0, -4],
			"scale": [0.6, 0.6, 0.6]
		}
	}
}