{
	"credit": "Made with Blockbench",
	"textures": {
		"0": "block/copper_chain",
		"particle": "block/copper_chain"
	},
	"elements": [
		{
			"from": [6.5, 5.5, 8],
			"to": [9.5, 9.5, 8],
			"rotation": {"angle": 0, "axis": "y", "origin": [8, 7, 8]},
			"faces": {
				"north": {"uv": [9, 12, 12, 16], "texture": "#0"},
				"south": {"uv": [9, 12, 12, 16], "texture": "#0"}
			}
		},
		{
			"from": [8, 0, 6.5],
			"to": [8, 2, 9.5],
			"rotation": {"angle": 0, "axis": "y", "origin": [8, -0.5, 8]},
			"faces": {
				"east": {"uv": [9, 12, 12, 14], "texture": "#0"},
				"west": {"uv": [9, 12, 12, 14], "texture": "#0"}
			}
		},
		{
			"from": [8, 3, 6.5],
			"to": [8, 7, 9.5],
			"rotation": {"angle": 0, "axis": "y", "origin": [8, 4.5, 8]},
			"faces": {
				"east": {"uv": [9, 12, 12, 16], "texture": "#0"},
				"west": {"uv": [9, 12, 12, 16], "texture": "#0"}
			}
		},
		{
			"from": [8, 8, 6.5],
			"to": [8, 13, 9.5],
			"rotation": {"angle": 0, "axis": "y", "origin": [8, 8.5, 8]},
			"faces": {
				"east": {"uv": [6, 11, 9, 16], "texture": "#0"},
				"west": {"uv": [6, 11, 9, 16], "texture": "#0"}
			}
		},
		{
			"from": [6.5, 11.5, 8],
			"to": [9.5, 15.5, 8],
			"rotation": {"angle": 0, "axis": "y", "origin": [8, 13, 8]},
			"faces": {
				"north": {"uv": [9, 12, 12, 16], "texture": "#0"},
				"south": {"uv": [9, 12, 12, 16], "texture": "#0"}
			}
		},
		{
			"from": [6.5, 0.5, 8],
			"to": [9.5, 4.5, 8],
			"rotation": {"angle": 0, "axis": "y", "origin": [8, 2, 8]},
			"faces": {
				"north": {"uv": [9, 12, 12, 16], "texture": "#0"},
				"south": {"uv": [9, 12, 12, 16], "texture": "#0"}
			}
		},
		{
			"from": [8, 14, 6.5],
			"to": [8, 16, 9.5],
			"rotation": {"angle": 0, "axis": "y", "origin": [8, 15.5, 8]},
			"faces": {
				"east": {"uv": [9, 14, 12, 16], "texture": "#0"},
				"west": {"uv": [9, 14, 12, 16], "texture": "#0"}
			}
		}
	]
}