{
	"credit": "Made with Blockbench",
	"textures": {
		"0": "block/detector_rail_on",
		"1": "block/rail_sticks_lit",
		"3": "block/rail_sticks",
		"4": "block/rail_raised_light",
		"particle": "block/detector_rail_on"
	},
	"elements": [
		{
			"from": [1, 0.25, 20.125],
			"to": [15, 1.275, 22.125],
			"rotation": {"angle": -45, "axis": "x", "origin": [16, 0.25, 0.75]},
			"faces": {
				"north": {"uv": [15, 2, 1, 3], "texture": "#1"}
			}
		},
		{
			"from": [1, 0.25, 15.7],
			"to": [15, 1.275, 17.875],
			"rotation": {"angle": -45, "axis": "x", "origin": [16, 0.25, 0.75]},
			"faces": {
				"north": {"uv": [15, 6, 1, 7], "texture": "#1"},
				"south": {"uv": [1, 5, 15, 6], "texture": "#1"}
			}
		},
		{
			"from": [1.025, 0.275, 1.875],
			"to": [14.975, 1.275, 4.075],
			"rotation": {"angle": -45, "axis": "x", "origin": [16, 0.25, 0.75]},
			"faces": {
				"north": {"uv": [15, 15, 1, 14], "texture": "#3"},
				"east": {"uv": [14, 15, 15, 13], "rotation": 90, "texture": "#3"},
				"south": {"uv": [1, 13, 15, 14], "texture": "#1"},
				"west": {"uv": [1, 13, 2, 15], "rotation": 90, "texture": "#3"},
				"down": {"uv": [15, 15, 1, 13], "rotation": 180, "texture": "#3"}
			}
		},
		{
			"from": [1, 1.275, 14.55],
			"to": [15, 1.275, 23.45],
			"rotation": {"angle": -45, "axis": "x", "origin": [16, 0.25, 0.75]},
			"faces": {
				"up": {"uv": [15, 0, 1, 8], "rotation": 180, "texture": "#0"},
				"down": {"uv": [15, 8, 1, 16], "rotation": 180, "texture": "#0"}
			}
		},
		{
			"from": [1, 1.275, 9.65],
			"to": [6, 1.275, 14.55],
			"rotation": {"angle": -45, "axis": "x", "origin": [16, 0.25, 0.75]},
			"faces": {
				"up": {"uv": [6, 8, 1, 12], "rotation": 180, "texture": "#0"},
				"down": {"uv": [6, 4, 1, 8], "rotation": 180, "texture": "#0"}
			}
		},
		{
			"from": [6, 1.275, 9.65],
			"to": [10, 1.275, 14.55],
			"rotation": {"angle": -45, "axis": "x", "origin": [16, 0.25, 0.75]},
			"faces": {
				"up": {"uv": [10, 6, 6, 10], "rotation": 180, "texture": "#0"},
				"down": {"uv": [10, 6, 6, 10], "rotation": 180, "texture": "#0"}
			}
		},
		{
			"from": [10, 1.275, 9.65],
			"to": [15, 1.275, 14.55],
			"rotation": {"angle": -45, "axis": "x", "origin": [16, 0.25, 0.75]},
			"faces": {
				"up": {"uv": [15, 8, 10, 12], "rotation": 180, "texture": "#0"},
				"down": {"uv": [15, 4, 10, 8], "rotation": 180, "texture": "#0"}
			}
		},
		{
			"from": [1, 1.275, 0.75],
			"to": [15, 1.275, 9.65],
			"rotation": {"angle": -45, "axis": "x", "origin": [16, 0.25, 0.75]},
			"faces": {
				"up": {"uv": [15, 8, 1, 0], "rotation": 180, "texture": "#0"},
				"down": {"uv": [15, 0, 1, 8], "rotation": 180, "texture": "#0"}
			}
		},
		{
			"from": [1.025, 0.275, 14.575],
			"to": [15, 1.275, 22.325],
			"rotation": {"angle": -45, "axis": "x", "origin": [16, 0.25, 0.75]},
			"faces": {
				"east": {"uv": [14, 1, 15, 8], "rotation": 270, "texture": "#1"},
				"south": {"uv": [15, 1, 1, 2], "rotation": 180, "texture": "#1"},
				"west": {"uv": [1, 1, 2, 8], "rotation": 90, "texture": "#1"},
				"down": {"uv": [15, 8, 1, 1], "rotation": 180, "texture": "#3"}
			}
		},
		{
			"from": [1.025, 0.25, 10.875],
			"to": [14.975, 1.275, 13.325],
			"rotation": {"angle": -45, "axis": "x", "origin": [16, 0.25, 0.75]},
			"faces": {
				"north": {"uv": [15, 10, 1, 11], "texture": "#1"},
				"east": {"uv": [14, 9, 15, 11], "rotation": 270, "texture": "#1"},
				"south": {"uv": [15, 9, 1, 10], "rotation": 180, "texture": "#1"},
				"west": {"uv": [1, 9, 2, 11], "rotation": 90, "texture": "#1"},
				"down": {"uv": [15, 11, 1, 9], "rotation": 180, "texture": "#3"}
			}
		},
		{
			"from": [1.025, 0.25, 6.325],
			"to": [15, 1.275, 8.525],
			"rotation": {"angle": -45, "axis": "x", "origin": [16, 0.25, 0.75]},
			"faces": {
				"north": {"uv": [15, 14, 1, 15], "texture": "#1"},
				"east": {"uv": [14, 13, 15, 15], "rotation": 270, "texture": "#1"},
				"south": {"uv": [15, 1, 1, 2], "rotation": 180, "texture": "#1"},
				"west": {"uv": [1, 13, 2, 15], "rotation": 90, "texture": "#1"},
				"down": {"uv": [15, 15, 1, 13], "rotation": 180, "texture": "#3"}
			}
		},
		{
			"from": [0, -1.975, 0],
			"to": [16, 0.025, 16],
			"light_emission": 15,
			"rotation": {"angle": 0, "axis": "y", "origin": [0, -1.975, 0]},
			"faces": {
				"up": {"uv": [0, 16, 16, 0], "rotation": 180, "texture": "#4"}
			}
		},
		{
			"from": [0, 0, 15.975],
			"to": [16, 16, 17.975],
			"light_emission": 15,
			"rotation": {"angle": 0, "axis": "y", "origin": [0, 0, 17.975]},
			"faces": {
				"north": {"uv": [0, 0, 16, 16], "texture": "#4"}
			}
		}
	],
	"groups": [
		{
			"name": "group",
			"origin": [8, 8, 8],
			"color": 0,
			"children": [0, 1, 2, 3, 4, 5, 6, 7, 8, 9, 10]
		},
		11,
		12
	]
}