{
	"credit": "Made with Blockbench",
	"textures": {
		"0": "block/detector_rail",
		"3": "block/rail_sticks",
		"particle": "block/detector_rail"
	},
	"elements": [
		{
			"from": [1, 0.25, 11.925],
			"to": [15, 1.275, 13.925],
			"rotation": {"angle": 45, "axis": "x", "origin": [16, 0.25, 15.25]},
			"faces": {
				"north": {"uv": [15, 2, 1, 3], "texture": "#3"}
			}
		},
		{
			"from": [1, 0.25, 7.5],
			"to": [15, 1.275, 9.675],
			"rotation": {"angle": 45, "axis": "x", "origin": [16, 0.25, 15.25]},
			"faces": {
				"north": {"uv": [15, 6, 1, 7], "texture": "#3"},
				"south": {"uv": [1, 5, 15, 6], "texture": "#3"}
			}
		},
		{
			"from": [1.025, 0.275, -6.325],
			"to": [14.975, 1.275, -4.125],
			"rotation": {"angle": 45, "axis": "x", "origin": [16, 0.25, 15.25]},
			"faces": {
				"north": {"uv": [15, 15, 1, 14], "texture": "#3"},
				"east": {"uv": [14, 15, 15, 13], "rotation": 90, "texture": "#3"},
				"south": {"uv": [1, 13, 15, 14], "texture": "#3"},
				"west": {"uv": [1, 13, 2, 15], "rotation": 90, "texture": "#3"},
				"down": {"uv": [15, 15, 1, 13], "rotation": 180, "texture": "#3"}
			}
		},
		{
			"from": [1, 1.275, 6.35],
			"to": [15, 1.275, 15.25],
			"rotation": {"angle": 45, "axis": "x", "origin": [16, 0.25, 15.25]},
			"faces": {
				"up": {"uv": [15, 0, 1, 8], "rotation": 180, "texture": "#0"},
				"down": {"uv": [15, 8, 1, 16], "rotation": 180, "texture": "#0"}
			}
		},
		{
			"from": [1, 1.275, 1.45],
			"to": [6, 1.275, 6.35],
			"rotation": {"angle": 45, "axis": "x", "origin": [16, 0.25, 15.25]},
			"faces": {
				"up": {"uv": [6, 8, 1, 12], "rotation": 180, "texture": "#0"},
				"down": {"uv": [6, 4, 1, 8], "rotation": 180, "texture": "#0"}
			}
		},
		{
			"from": [6, 1.275, 1.45],
			"to": [10, 1.275, 6.35],
			"rotation": {"angle": 45, "axis": "x", "origin": [16, 0.25, 15.25]},
			"faces": {
				"up": {"uv": [10, 6, 6, 10], "rotation": 180, "texture": "#0"},
				"down": {"uv": [10, 6, 6, 10], "rotation": 180, "texture": "#0"}
			}
		},
		{
			"from": [10, 1.275, 1.45],
			"to": [15, 1.275, 6.35],
			"rotation": {"angle": 45, "axis": "x", "origin": [16, 0.25, 15.25]},
			"faces": {
				"up": {"uv": [15, 8, 10, 12], "rotation": 180, "texture": "#0"},
				"down": {"uv": [15, 4, 10, 8], "rotation": 180, "texture": "#0"}
			}
		},
		{
			"from": [1, 1.275, -7.45],
			"to": [15, 1.275, 1.45],
			"rotation": {"angle": 45, "axis": "x", "origin": [16, 0.25, 15.25]},
			"faces": {
				"up": {"uv": [15, 8, 1, 0], "rotation": 180, "texture": "#0"},
				"down": {"uv": [15, 0, 1, 8], "rotation": 180, "texture": "#0"}
			}
		},
		{
			"from": [1.025, 0.275, 6.375],
			"to": [15, 1.275, 14.125],
			"rotation": {"angle": 45, "axis": "x", "origin": [16, 0.25, 15.25]},
			"faces": {
				"east": {"uv": [14, 1, 15, 8], "rotation": 270, "texture": "#3"},
				"south": {"uv": [15, 1, 1, 2], "rotation": 180, "texture": "#3"},
				"west": {"uv": [1, 1, 2, 8], "rotation": 90, "texture": "#3"},
				"down": {"uv": [15, 8, 1, 1], "rotation": 180, "texture": "#3"}
			}
		},
		{
			"from": [1.025, 0.25, 2.675],
			"to": [14.975, 1.275, 5.125],
			"rotation": {"angle": 45, "axis": "x", "origin": [16, 0.25, 15.25]},
			"faces": {
				"north": {"uv": [15, 10, 1, 11], "texture": "#3"},
				"east": {"uv": [14, 9, 15, 11], "rotation": 270, "texture": "#3"},
				"south": {"uv": [15, 9, 1, 10], "rotation": 180, "texture": "#3"},
				"west": {"uv": [1, 9, 2, 11], "rotation": 90, "texture": "#3"},
				"down": {"uv": [15, 11, 1, 9], "rotation": 180, "texture": "#3"}
			}
		},
		{
			"from": [1.025, 0.25, -1.875],
			"to": [15, 1.275, 0.325],
			"rotation": {"angle": 45, "axis": "x", "origin": [16, 0.25, 15.25]},
			"faces": {
				"north": {"uv": [15, 14, 1, 15], "texture": "#3"},
				"east": {"uv": [14, 13, 15, 15], "rotation": 270, "texture": "#3"},
				"south": {"uv": [15, 1, 1, 2], "rotation": 180, "texture": "#3"},
				"west": {"uv": [1, 13, 2, 15], "rotation": 90, "texture": "#3"},
				"down": {"uv": [15, 15, 1, 13], "rotation": 180, "texture": "#3"}
			}
		}
	],
	"groups": [
		{
			"name": "group",
			"origin": [8, 8, 8],
			"color": 0,
			"children": [0, 1, 2, 3, 4, 5, 6, 7, 8, 9, 10]
		}
	]
}