{
	"credit": "Made with Blockbench",
	"textures": {
		"0": "block/detector_rail",
		"3": "block/rail_sticks",
		"particle": "block/detector_rail"
	},
	"elements": [
		{
			"from": [1, 0.25, 2.075],
			"to": [15, 1.275, 4.075],
			"rotation": {"angle": -45, "axis": "x", "origin": [0, 0.25, 0.75]},
			"faces": {
				"south": {"uv": [1, 2, 15, 3], "texture": "#3"}
			}
		},
		{
			"from": [1, 0.25, 6.325],
			"to": [15, 1.275, 8.5],
			"rotation": {"angle": -45, "axis": "x", "origin": [0, 0.25, 0.75]},
			"faces": {
				"north": {"uv": [15, 5, 1, 6], "texture": "#3"},
				"south": {"uv": [1, 6, 15, 7], "texture": "#3"}
			}
		},
		{
			"from": [1.025, 0.275, 20.125],
			"to": [14.975, 1.275, 22.325],
			"rotation": {"angle": -45, "axis": "x", "origin": [0, 0.25, 0.75]},
			"faces": {
				"north": {"uv": [15, 13, 1, 14], "texture": "#3"},
				"east": {"uv": [14, 13, 15, 15], "rotation": 90, "texture": "#3"},
				"south": {"uv": [1, 15, 15, 14], "texture": "#3"},
				"west": {"uv": [1, 15, 2, 13], "rotation": 90, "texture": "#3"},
				"down": {"uv": [1, 15, 15, 13], "texture": "#3"}
			}
		},
		{
			"from": [1, 1.275, 0.75],
			"to": [15, 1.275, 9.65],
			"rotation": {"angle": -45, "axis": "x", "origin": [0, 0.25, 0.75]},
			"faces": {
				"up": {"uv": [1, 0, 15, 8], "texture": "#0"},
				"down": {"uv": [1, 8, 15, 16], "texture": "#0"}
			}
		},
		{
			"from": [1, 1.275, 9.65],
			"to": [6, 1.275, 14.55],
			"rotation": {"angle": -45, "axis": "x", "origin": [0, 0.25, 0.75]},
			"faces": {
				"up": {"uv": [1, 8, 6, 12], "texture": "#0"},
				"down": {"uv": [1, 4, 6, 8], "texture": "#0"}
			}
		},
		{
			"from": [6, 1.275, 9.65],
			"to": [10, 1.275, 14.55],
			"rotation": {"angle": -45, "axis": "x", "origin": [0, 0.25, 0.75]},
			"faces": {
				"up": {"uv": [6, 6, 10, 10], "texture": "#0"},
				"down": {"uv": [6, 6, 10, 10], "texture": "#0"}
			}
		},
		{
			"from": [10, 1.275, 9.65],
			"to": [15, 1.275, 14.55],
			"rotation": {"angle": -45, "axis": "x", "origin": [0, 0.25, 0.75]},
			"faces": {
				"up": {"uv": [10, 8, 15, 12], "texture": "#0"},
				"down": {"uv": [10, 4, 15, 8], "texture": "#0"}
			}
		},
		{
			"from": [1, 1.275, 14.55],
			"to": [15, 1.275, 23.45],
			"rotation": {"angle": -45, "axis": "x", "origin": [0, 0.25, 0.75]},
			"faces": {
				"up": {"uv": [1, 8, 15, 0], "texture": "#0"},
				"down": {"uv": [1, 0, 15, 8], "texture": "#0"}
			}
		},
		{
			"from": [1, 0.275, 1.875],
			"to": [14.975, 1.275, 9.625],
			"rotation": {"angle": -45, "axis": "x", "origin": [0, 0.25, 0.75]},
			"faces": {
				"north": {"uv": [1, 1, 15, 2], "rotation": 180, "texture": "#3"},
				"east": {"uv": [14, 1, 15, 8], "rotation": 90, "texture": "#3"},
				"west": {"uv": [1, 1, 2, 8], "rotation": 270, "texture": "#3"},
				"down": {"uv": [1, 8, 15, 1], "texture": "#3"}
			}
		},
		{
			"from": [1.025, 0.25, 10.875],
			"to": [14.975, 1.275, 13.325],
			"rotation": {"angle": -45, "axis": "x", "origin": [0, 0.25, 0.75]},
			"faces": {
				"north": {"uv": [1, 9, 15, 10], "rotation": 180, "texture": "#3"},
				"east": {"uv": [14, 9, 15, 11], "rotation": 90, "texture": "#3"},
				"south": {"uv": [1, 10, 15, 11], "texture": "#3"},
				"west": {"uv": [1, 9, 2, 11], "rotation": 270, "texture": "#3"},
				"down": {"uv": [1, 11, 15, 9], "texture": "#3"}
			}
		},
		{
			"from": [1, 0.25, 15.675],
			"to": [14.975, 1.275, 17.875],
			"rotation": {"angle": -45, "axis": "x", "origin": [0, 0.25, 0.75]},
			"faces": {
				"north": {"uv": [1, 13, 15, 14], "rotation": 180, "texture": "#3"},
				"east": {"uv": [14, 13, 15, 15], "rotation": 90, "texture": "#3"},
				"south": {"uv": [1, 14, 15, 15], "texture": "#3"},
				"west": {"uv": [1, 13, 2, 15], "rotation": 270, "texture": "#3"},
				"down": {"uv": [1, 15, 15, 13], "texture": "#3"}
			}
		}
	],
	"groups": [
		{
			"name": "group",
			"origin": [8, 8, 8],
			"color": 0,
			"children": [0, 1, 2, 3, 4, 5, 6, 7, 8, 9, 10]
		}
	]
}