{
	"format_version": "1.9.0",
	"credit": "Made with Blockbench",
	"textures": {
		"1": "block/pumpkin/pumpkin_top",
		"2": "block/pumpkin/pumpkin_stem",
		"3": "block/pumpkin/pumpkin_down",
		"4": "block/pumpkin/pumpkin_side_light",
		"5": "block/pumpkin/pumpkin_side_dark",
		"6": "block/pumpkin/jack_o_lantern_front_2",
		"7": "block/pumpkin/jack_o_lantern_inner",
		"8": "block/lantern",
		"9": "block/pumpkin/light/jack_o_lantern_light_bottom_0",
		"10": "block/pumpkin/light/jack_o_lantern_light_side_0",
		"11": "block/pumpkin/light/jack_o_lantern_light_top_0",
		"particle": "block/pumpkin/pumpkin_side_light"
	},
	"elements": [
		{
			"from": [0, 0, 0],
			"to": [16, 16, 16],
			"rotation": {"angle": 0, "axis": "y", "origin": [8, 8, 8]},
			"faces": {
				"north": {"uv": [16, 0, 0, 16], "texture": "#6", "cullface": "north"},
				"east": {"uv": [16, 0, 0, 16], "texture": "#5", "cullface": "east"},
				"south": {"uv": [0, 0, 16, 16], "texture": "#5", "cullface": "south"},
				"west": {"uv": [0, 0, 16, 16], "texture": "#4", "cullface": "west"},
				"up": {"uv": [0, 0, 16, 16], "texture": "#1", "cullface": "up"},
				"down": {"uv": [0, 0, 16, 16], "rotation": 270, "texture": "#3", "cullface": "down"}
			}
		},
		{
			"from": [6, 16, 5.99],
			"to": [10, 20, 9.99],
			"rotation": {"angle": 22.5, "axis": "z", "origin": [10, 16, 10]},
			"faces": {
				"north": {"uv": [0, 8, 8, 16], "texture": "#2", "cullface": "up"},
				"east": {"uv": [0, 8, 8, 16], "texture": "#2", "cullface": "up"},
				"south": {"uv": [0, 8, 8, 16], "texture": "#2", "cullface": "up"},
				"west": {"uv": [0, 8, 8, 16], "texture": "#2", "cullface": "up"},
				"up": {"uv": [8, 8, 16, 16], "rotation": 180, "texture": "#2", "cullface": "up"}
			}
		},
		{
			"from": [2, 0, 0],
			"to": [14, 2, 14],
			"shade": false,
			"rotation": {"angle": 0, "axis": "y", "origin": [8, 8, 8]},
			"faces": {
				"up": {"uv": [0, 2, 14, 14], "rotation": 90, "texture": "#7", "cullface": "north"}
			}
		},
		{
			"from": [0, 2, 0],
			"to": [2, 14, 14],
			"shade": false,
			"rotation": {"angle": 0, "axis": "y", "origin": [8, 8, 8]},
			"faces": {
				"east": {"uv": [2, 2, 16, 14], "texture": "#7", "cullface": "north"}
			}
		},
		{
			"from": [14, 2, 0],
			"to": [16, 14, 14],
			"shade": false,
			"rotation": {"angle": 0, "axis": "y", "origin": [8, 8, 8]},
			"faces": {
				"west": {"uv": [0, 2, 14, 14], "texture": "#7", "cullface": "north"}
			}
		},
		{
			"from": [2, 14, 0],
			"to": [14, 16, 14],
			"shade": false,
			"rotation": {"angle": 0, "axis": "y", "origin": [8, 8, 8]},
			"faces": {
				"down": {"uv": [0, 2, 14, 14], "rotation": 270, "texture": "#7", "cullface": "north"}
			}
		},
		{
			"from": [2, 2, 14],
			"to": [14, 14, 16],
			"shade": false,
			"rotation": {"angle": 0, "axis": "y", "origin": [8, 8, 8]},
			"faces": {
				"north": {"uv": [2, 2, 14, 14], "texture": "#7", "cullface": "north"}
			}
		},
		{
			"from": [6.475, 2, 6.5],
			"to": [9.475, 4, 9.5],
			"shade": false,
			"rotation": {"angle": -22.5, "axis": "y", "origin": [8, 3.6875, 8]},
			"faces": {
				"north": {"uv": [6, 12, 9, 14], "texture": "#8"},
				"east": {"uv": [9, 12, 12, 14], "texture": "#8"},
				"west": {"uv": [9, 14, 12, 16], "texture": "#8"},
				"up": {"uv": [3, 13, 6, 16], "texture": "#8"}
			}
		},
		{
			"from": [7.225, 4, 8],
			"to": [8.725, 6, 8],
			"shade": false,
			"light_emission": 15,
			"rotation": {"angle": 22.5, "axis": "y", "origin": [8, 5, 8]},
			"faces": {
				"north": {"uv": [6, 8, 9, 12], "texture": "#8"}
			}
		},
		{
			"from": [0, 4, -8],
			"to": [2, 12, 0],
			"shade": false,
			"rotation": {"angle": 22.5, "axis": "y", "origin": [2, 4, 0]},
			"faces": {
				"east": {"uv": [0, 0, 8, 16], "rotation": 90, "texture": "#10", "cullface": "north"}
			}
		},
		{
			"from": [4, 0, -8],
			"to": [13, 2, 0],
			"shade": false,
			"rotation": {"angle": -22.5, "axis": "x", "origin": [13, 2, 0]},
			"faces": {
				"up": {"uv": [0, 0, 9, 16], "texture": "#9", "cullface": "north"}
			}
		},
		{
			"from": [2, 12, -8],
			"to": [14, 14, 0],
			"shade": false,
			"rotation": {"angle": 45, "axis": "x", "origin": [5, 12, 0]},
			"faces": {
				"down": {"uv": [0, 0, 12, 16], "rotation": 180, "texture": "#11", "cullface": "north"}
			}
		},
		{
			"from": [14, 4, -8],
			"to": [16, 12, 0],
			"shade": false,
			"rotation": {"angle": -22.5, "axis": "y", "origin": [14, 4, 0]},
			"faces": {
				"west": {"uv": [0, 16, 8, 0], "rotation": 90, "texture": "#10", "cullface": "north"}
			}
		}
	],
	"display": {
		"thirdperson_righthand": {
			"rotation": [75, 45, 0],
			"translation": [0, 2.5, 0],
			"scale": [0.375, 0.375, 0.375]
		},
		"firstperson_righthand": {
			"rotation": [0, 45, 0],
			"scale": [0.4, 0.4, 0.4]
		},
		"firstperson_lefthand": {
			"rotation": [0, -135, 0],
			"scale": [0.4, 0.4, 0.4]
		},
		"ground": {
			"translation": [0, 3, 0],
			"scale": [0.25, 0.25, 0.25]
		},
		"gui": {
			"rotation": [30, -135, 0],
			"scale": [0.625, 0.625, 0.625]
		},
		"head": {
			"rotation": [-2, 5, -6],
			"scale": [1.1, 1.1, 1.1]
		},
		"fixed": {
			"scale": [0.5, 0.5, 0.5]
		}
	},
	"groups": [
		{
			"name": "outer",
			"origin": [0, 0, 0],
			"color": 0,
			"children": [0, 1]
		},
		{
			"name": "inner",
			"origin": [8, 8, 8],
			"color": 0,
			"shade": false,
			"children": [2, 3, 4, 5, 6]
		},
		{
			"name": "candle",
			"origin": [8, 8, 8],
			"color": 0,
			"shade": false,
			"children": [7, 8]
		},
		{
			"name": "light",
			"origin": [2, 4, 0],
			"color": 0,
			"shade": false,
			"children": [9, 10, 11, 12]
		}
	]
}