{
  "parent": "drksc_s_full_block_emitters:block/template_full_block_emitter_collum_side",
  "textures": {
    "0": "minecraft:block/pearlescent_froglight/shine0",
    "1": "minecraft:block/pearlescent_froglight/shine1",
    "2": "minecraft:block/pearlescent_froglight/shine2",
    "3": "minecraft:block/pearlescent_froglight/shine3",
    "top": "minecraft:block/pearlescent_froglight_top",
    "side": "minecraft:block/pearlescent_froglight_side",
    "side_light": "minecraft:block/pearlescent_froglight/side_light"
  }
}