{
	"format_version": "1.9.0",
	"credit": "Made with Blockbench",
	"textures": {
		"1": "block/pumpkin/pumpkin_top",
		"2": "block/pumpkin/pumpkin_stem",
		"3": "block/pumpkin/pumpkin_down",
		"4": "block/pumpkin/pumpkin_side_light",
		"5": "block/pumpkin/pumpkin_side_dark",
		"particle": "block/pumpkin/pumpkin_side_light"
	},
	"elements": [
		{
			"from": [0, 0, 0],
			"to": [16, 16, 16],
			"faces": {
				"north": {"uv": [0, 0, 16, 16], "texture": "#5", "cullface": "north"},
				"east": {"uv": [0, 0, 16, 16], "texture": "#4", "cullface": "east"},
				"south": {"uv": [16, 0, 0, 16], "texture": "#4", "cullface": "south"},
				"west": {"uv": [16, 0, 0, 16], "texture": "#5", "cullface": "west"},
				"up": {"uv": [0, 0, 16, 16], "rotation": 180, "texture": "#1", "cullface": "up"},
				"down": {"uv": [0, 0, 16, 16], "rotation": 90, "texture": "#3", "cullface": "down"}
			}
		},
		{
			"from": [6, 16, 5.99],
			"to": [10, 20, 9.99],
			"rotation": {"angle": -22.5, "axis": "z", "origin": [6, 16, 5.975]},
			"faces": {
				"north": {"uv": [0, 8, 8, 16], "texture": "#2", "cullface": "up"},
				"east": {"uv": [0, 8, 8, 16], "texture": "#2", "cullface": "up"},
				"south": {"uv": [0, 8, 8, 16], "texture": "#2", "cullface": "up"},
				"west": {"uv": [0, 8, 8, 16], "texture": "#2", "cullface": "up"},
				"up": {"uv": [8, 8, 16, 16], "texture": "#2", "cullface": "up"}
			}
		}
	],
	"display": {
		"thirdperson_righthand": {
			"rotation": [75, 45, 0],
			"translation": [0, 2.5, 0],
			"scale": [0.375, 0.375, 0.375]
		},
		"firstperson_righthand": {
			"rotation": [0, 45, 0],
			"scale": [0.4, 0.4, 0.4]
		},
		"firstperson_lefthand": {
			"rotation": [0, -135, 0],
			"scale": [0.4, 0.4, 0.4]
		},
		"ground": {
			"translation": [0, 3, 0],
			"scale": [0.25, 0.25, 0.25]
		},
		"gui": {
			"rotation": [30, -135, 0],
			"scale": [0.625, 0.625, 0.625]
		},
		"fixed": {
			"scale": [0.5, 0.5, 0.5]
		}
	},
	"groups": [
		{
			"name": "outer",
			"origin": [0, 0, 0],
			"color": 0,
			"children": [0, 1]
		}
	]
}