{
	"credit": "Made with Blockbench",
	"textures": {
		"0": "block/redstone_torch",
		"particle": "block/metal_break"
	},
	"elements": [
		{
			"name": "bottom",
			"from": [7, 0, 7],
			"to": [9, 8, 9],
			"rotation": {"angle": 0, "axis": "y", "origin": [7, 1, 8]},
			"faces": {
				"north": {"uv": [0, 3, 2, 11], "texture": "#0"},
				"east": {"uv": [2, 3, 4, 11], "texture": "#0"},
				"south": {"uv": [4, 3, 6, 11], "texture": "#0"},
				"west": {"uv": [6, 3, 8, 11], "texture": "#0"},
				"up": {"uv": [10, 6, 8, 4], "texture": "#0"},
				"down": {"uv": [10, 2, 8, 4], "texture": "#0", "cullface": "down"}
			}
		},
		{
			"name": "between",
			"from": [7, 8, 8],
			"to": [9, 9, 8],
			"rotation": {"angle": 0, "axis": "y", "origin": [8, 8.5, 8]},
			"faces": {
				"north": {"uv": [0, 15, 2, 16], "texture": "#0"},
				"south": {"uv": [4, 15, 6, 16], "texture": "#0"}
			}
		},
		{
			"name": "between",
			"from": [8, 8, 7],
			"to": [8, 9, 9],
			"rotation": {"angle": 0, "axis": "y", "origin": [8, 8.5, 8]},
			"faces": {
				"east": {"uv": [2, 15, 4, 16], "texture": "#0"},
				"west": {"uv": [6, 15, 8, 16], "texture": "#0"}
			}
		},
		{
			"from": [7, 9, 7],
			"to": [9, 11, 9],
			"rotation": {"angle": 0, "axis": "y", "origin": [7, 9, 7]},
			"faces": {
				"north": {"uv": [14, 14, 16, 16], "texture": "#0"},
				"east": {"uv": [14, 14, 16, 16], "texture": "#0"},
				"south": {"uv": [14, 12, 16, 14], "texture": "#0"},
				"west": {"uv": [14, 10, 16, 12], "texture": "#0"},
				"up": {"uv": [14, 10, 16, 12], "texture": "#0"},
				"down": {"uv": [14, 14, 16, 16], "texture": "#0"}
			}
		}
	],
	"display": {
		"thirdperson_righthand": {
			"rotation": [22, 0, 0],
			"translation": [0, 4.5, 2.75]
		},
		"thirdperson_lefthand": {
			"rotation": [22, 0, 0],
			"translation": [0, 4.5, 2.75]
		},
		"firstperson_righthand": {
			"rotation": [-7, 4, 5],
			"translation": [0.25, 7, 0.75]
		},
		"firstperson_lefthand": {
			"rotation": [-7, 4, 5],
			"translation": [0.25, 7, 0.75]
		},
		"ground": {
			"rotation": [34, 32, 49],
			"translation": [-1.75, -0.25, 1.75]
		},
		"gui": {
			"rotation": [0, 45, 0]
		},
		"head": {
			"rotation": [-2, -2, 0],
			"translation": [0, 7.25, 0],
			"scale": [2, 1, 2]
		}
	},
	"groups": [
		{
			"name": "stick",
			"origin": [7, 0, 8],
			"color": 0,
			"children": [0, 1, 2]
		},
		3
	]
}