{
	"format_version": "1.21.6",
	"credit": "Made with Blockbench",
	"textures": {
		"0": "block/redstone_torch",
		"3": "block/redstone_torch_light/down",
		"particle": "block/metal_break"
	},
	"elements": [
		{
			"name": "bottom",
			"from": [7, 0, 7],
			"to": [9, 8, 9],
			"rotation": {"angle": 0, "axis": "y", "origin": [7, 1, 8]},
			"faces": {
				"north": {"uv": [0, 3, 2, 11], "texture": "#0"},
				"east": {"uv": [2, 3, 4, 11], "texture": "#0"},
				"south": {"uv": [4, 3, 6, 11], "texture": "#0"},
				"west": {"uv": [6, 3, 8, 11], "texture": "#0"},
				"up": {"uv": [10, 6, 8, 4], "texture": "#0"},
				"down": {"uv": [10, 2, 8, 4], "texture": "#0", "cullface": "down"}
			}
		},
		{
			"name": "between",
			"from": [7, 8, 8],
			"to": [9, 9, 8],
			"rotation": {"angle": 0, "axis": "y", "origin": [8, 8.5, 8]},
			"faces": {
				"north": {"uv": [0, 15, 2, 16], "texture": "#0"},
				"south": {"uv": [4, 15, 6, 16], "texture": "#0"}
			}
		},
		{
			"name": "between",
			"from": [8, 8, 7],
			"to": [8, 9, 9],
			"rotation": {"angle": 0, "axis": "y", "origin": [8, 8.5, 8]},
			"faces": {
				"east": {"uv": [2, 15, 4, 16], "texture": "#0"},
				"west": {"uv": [6, 15, 8, 16], "texture": "#0"}
			}
		},
		{
			"name": "top",
			"from": [7, 9, 7],
			"to": [9, 11, 9],
			"shade": false,
			"light_emission": 15,
			"rotation": {"angle": -22.5, "axis": "y", "origin": [8, 10, 8]},
			"faces": {
				"north": {"uv": [0, 0, 2, 2], "texture": "#0"},
				"east": {"uv": [2, 0, 4, 2], "texture": "#0"},
				"south": {"uv": [4, 0, 6, 2], "texture": "#0"},
				"west": {"uv": [6, 0, 8, 2], "texture": "#0"},
				"up": {"uv": [10, 2, 8, 0], "texture": "#0"},
				"down": {"uv": [12, 0, 10, 2], "texture": "#0"}
			}
		},
		{
			"name": "light_ground",
			"from": [16, 0.09, 0],
			"to": [18, 0.09, 16],
			"shade": false,
			"light_emission": 15,
			"faces": {
				"up": {"uv": [10.66667, 5.33333, 11.33333, 10.66667], "texture": "#3"}
			}
		},
		{
			"name": "light_ground",
			"from": [-2, 0.07, 0],
			"to": [0, 0.07, 16],
			"shade": false,
			"light_emission": 15,
			"faces": {
				"up": {"uv": [4.66667, 5.33333, 5.33333, 10.66667], "texture": "#3"}
			}
		},
		{
			"name": "light_ground",
			"from": [0, 0.07, -2],
			"to": [16, 0.07, 0],
			"shade": false,
			"light_emission": 15,
			"faces": {
				"up": {"uv": [5.33333, 4.66667, 10.66667, 5.33333], "texture": "#3"}
			}
		},
		{
			"name": "light_ground",
			"from": [0, 0.08, 0],
			"to": [16, 0.08, 16],
			"shade": false,
			"light_emission": 15,
			"faces": {
				"up": {"uv": [5.33333, 5.33333, 10.66667, 10.66667], "texture": "#3"}
			}
		},
		{
			"name": "light_ground",
			"from": [0, 0.09, 16],
			"to": [16, 0.09, 18],
			"shade": false,
			"light_emission": 15,
			"faces": {
				"up": {"uv": [5.33333, 10.66667, 10.66667, 11.33333], "texture": "#3"}
			}
		}
	],
	"display": {
		"thirdperson_righthand": {
			"rotation": [22, 0, 0],
			"translation": [0, 4.5, 2.75]
		},
		"thirdperson_lefthand": {
			"rotation": [22, 0, 0],
			"translation": [0, 4.5, 2.75]
		},
		"firstperson_righthand": {
			"rotation": [-7, 4, 5],
			"translation": [0.25, 7, 0.75]
		},
		"firstperson_lefthand": {
			"rotation": [-7, 4, 5],
			"translation": [0.25, 7, 0.75]
		},
		"ground": {
			"rotation": [34, 32, 49],
			"translation": [-1.75, -0.25, 1.75]
		},
		"gui": {
			"rotation": [0, 45, 0]
		},
		"head": {
			"rotation": [-2, -2, 0],
			"translation": [0, 7.25, 0],
			"scale": [2, 1, 2]
		}
	},
	"groups": [
		{
			"name": "stick",
			"origin": [7, 0, 8],
			"color": 0,
			"children": [0, 1, 2, 3]
		},
		{
			"name": "light",
			"origin": [0, 0, 0],
			"color": 0,
			"shade": false,
			"children": [4, 5, 6, 7, 8]
		}
	]
}