{
	"credit": "Made with Blockbench",
	"textures": {
		"1": "block/redstone_lamp_on",
		"2": "block/redstone_lamp_light/redstone_lamp_light_out",
		"particle": "block/redstone_lamp_on"
	},
	"elements": [
		{
			"name": "lamp",
			"from": [0, 0, 0],
			"to": [16, 16, 16],
			"shade": false,
			"faces": {
				"north": {"uv": [0, 0, 16, 16], "texture": "#1", "cullface": "north"},
				"east": {"uv": [0, 0, 16, 16], "texture": "#1", "cullface": "east"},
				"south": {"uv": [0, 0, 16, 16], "texture": "#1", "cullface": "south"},
				"west": {"uv": [0, 0, 16, 16], "texture": "#1", "cullface": "west"},
				"up": {"uv": [0, 0, 16, 16], "texture": "#1", "cullface": "up"},
				"down": {"uv": [0, 0, 16, 16], "texture": "#1", "cullface": "down"}
			}
		},
		{
			"from": [-1, 16, 0],
			"to": [1, 24, 16],
			"shade": false,
			"rotation": {"angle": 22.5, "axis": "z", "origin": [1, 16, 0]},
			"faces": {
				"east": {"uv": [0, 0, 16, 8], "texture": "#2", "cullface": "up"}
			}
		},
		{
			"from": [0, 16, -1],
			"to": [16, 24, 1],
			"shade": false,
			"rotation": {"angle": -22.5, "axis": "x", "origin": [16, 16, 1]},
			"faces": {
				"south": {"uv": [0, 0, 16, 8], "texture": "#2", "cullface": "up"}
			}
		},
		{
			"from": [0, 16, 15],
			"to": [16, 24, 17],
			"shade": false,
			"rotation": {"angle": 22.5, "axis": "x", "origin": [0, 16, 15]},
			"faces": {
				"north": {"uv": [0, 0, 16, 8], "texture": "#2", "cullface": "up"}
			}
		},
		{
			"from": [15, 16, 0],
			"to": [17, 24, 16],
			"shade": false,
			"rotation": {"angle": -22.5, "axis": "z", "origin": [15, 16, 16]},
			"faces": {
				"west": {"uv": [0, 0, 16, 8], "texture": "#2", "cullface": "up"}
			}
		},
		{
			"from": [-1, 0, 16],
			"to": [1, 16, 24],
			"shade": false,
			"rotation": {"angle": -22.5, "axis": "y", "origin": [1, 16, 16]},
			"faces": {
				"east": {"uv": [0, 0, 16, 8], "rotation": 270, "texture": "#2", "cullface": "south"}
			}
		},
		{
			"from": [0, 15, 16],
			"to": [16, 17, 24],
			"shade": false,
			"rotation": {"angle": -22.5, "axis": "x", "origin": [16, 15, 16]},
			"faces": {
				"down": {"uv": [0, 0, 16, 8], "texture": "#2", "cullface": "south"}
			}
		},
		{
			"from": [0, -1, 16],
			"to": [16, 1, 24],
			"shade": false,
			"rotation": {"angle": 22.5, "axis": "x", "origin": [0, 1, 16]},
			"faces": {
				"up": {"uv": [0, 0, 16, 8], "rotation": 180, "texture": "#2", "cullface": "south"}
			}
		},
		{
			"from": [15, 0, 16],
			"to": [17, 16, 24],
			"shade": false,
			"rotation": {"angle": 22.5, "axis": "y", "origin": [15, 0, 16]},
			"faces": {
				"west": {"uv": [0, 0, 16, 8], "rotation": 90, "texture": "#2", "cullface": "south"}
			}
		},
		{
			"from": [16, 15, 0],
			"to": [24, 17, 16],
			"shade": false,
			"rotation": {"angle": 22.5, "axis": "z", "origin": [16, 15, 0]},
			"faces": {
				"down": {"uv": [0, 0, 16, 8], "rotation": 90, "texture": "#2", "cullface": "east"}
			}
		},
		{
			"from": [16, 0, -1],
			"to": [24, 16, 1],
			"shade": false,
			"rotation": {"angle": 22.5, "axis": "y", "origin": [16, 0, 1]},
			"faces": {
				"south": {"uv": [0, 0, 16, 8], "rotation": 90, "texture": "#2", "cullface": "east"}
			}
		},
		{
			"from": [16, 0, 15],
			"to": [24, 16, 17],
			"shade": false,
			"rotation": {"angle": -22.5, "axis": "y", "origin": [16, 16, 15]},
			"faces": {
				"north": {"uv": [0, 0, 16, 8], "rotation": 270, "texture": "#2", "cullface": "east"}
			}
		},
		{
			"from": [15, -1, 0],
			"to": [23, 1, 16],
			"shade": false,
			"rotation": {"angle": -22.5, "axis": "z", "origin": [15, 1, 16]},
			"faces": {
				"up": {"uv": [0, 0, 16, 8], "rotation": 90, "texture": "#2", "cullface": "east"}
			}
		},
		{
			"from": [-8, -1, 0],
			"to": [0, 1, 16],
			"shade": false,
			"rotation": {"angle": 22.5, "axis": "z", "origin": [0, 1, 0]},
			"faces": {
				"up": {"uv": [0, 0, 16, 8], "rotation": 270, "texture": "#2", "cullface": "west"}
			}
		},
		{
			"from": [-8, 0, -1],
			"to": [0, 16, 1],
			"shade": false,
			"rotation": {"angle": -22.5, "axis": "y", "origin": [0, 16, 1]},
			"faces": {
				"south": {"uv": [0, 0, 16, 8], "rotation": 270, "texture": "#2", "cullface": "west"}
			}
		},
		{
			"from": [-8, 0, 15],
			"to": [0, 16, 17],
			"shade": false,
			"rotation": {"angle": 22.5, "axis": "y", "origin": [0, 0, 15]},
			"faces": {
				"north": {"uv": [0, 0, 16, 8], "rotation": 90, "texture": "#2", "cullface": "west"}
			}
		},
		{
			"from": [-8, 15, 0],
			"to": [0, 17, 16],
			"shade": false,
			"rotation": {"angle": -22.5, "axis": "z", "origin": [0, 15, 16]},
			"faces": {
				"down": {"uv": [0, 0, 16, 8], "rotation": 270, "texture": "#2", "cullface": "west"}
			}
		},
		{
			"from": [-1, 0, -8],
			"to": [1, 16, 0],
			"shade": false,
			"rotation": {"angle": 22.5, "axis": "y", "origin": [1, 0, 0]},
			"faces": {
				"east": {"uv": [0, 0, 16, 8], "rotation": 90, "texture": "#2", "cullface": "north"}
			}
		},
		{
			"from": [0, -1, -8],
			"to": [16, 1, 0],
			"shade": false,
			"rotation": {"angle": -22.5, "axis": "x", "origin": [16, 1, 0]},
			"faces": {
				"up": {"uv": [0, 0, 16, 8], "texture": "#2", "cullface": "north"}
			}
		},
		{
			"from": [0, 15, -8],
			"to": [16, 17, 0],
			"shade": false,
			"rotation": {"angle": 22.5, "axis": "x", "origin": [0, 15, 0]},
			"faces": {
				"down": {"uv": [0, 0, 16, 8], "rotation": 180, "texture": "#2", "cullface": "north"}
			}
		},
		{
			"from": [15, 0, -8],
			"to": [17, 16, 0],
			"shade": false,
			"rotation": {"angle": -22.5, "axis": "y", "origin": [15, 16, 0]},
			"faces": {
				"west": {"uv": [0, 0, 16, 8], "rotation": 270, "texture": "#2", "cullface": "north"}
			}
		},
		{
			"from": [15, -8, 0],
			"to": [17, 0, 16],
			"shade": false,
			"rotation": {"angle": 22.5, "axis": "z", "origin": [15, 0, 0]},
			"faces": {
				"west": {"uv": [0, 0, 16, 8], "rotation": 180, "texture": "#2", "cullface": "down"}
			}
		},
		{
			"from": [0, -8, -1],
			"to": [16, 0, 1],
			"shade": false,
			"rotation": {"angle": 22.5, "axis": "x", "origin": [0, 0, 1]},
			"faces": {
				"south": {"uv": [0, 0, 16, 8], "rotation": 180, "texture": "#2", "cullface": "down"}
			}
		},
		{
			"from": [0, -8, 15],
			"to": [16, 0, 17],
			"shade": false,
			"rotation": {"angle": -22.5, "axis": "x", "origin": [16, 0, 15]},
			"faces": {
				"north": {"uv": [0, 0, 16, 8], "rotation": 180, "texture": "#2", "cullface": "down"}
			}
		},
		{
			"from": [-1, -8, 0],
			"to": [1, 0, 16],
			"shade": false,
			"rotation": {"angle": -22.5, "axis": "z", "origin": [1, 0, 16]},
			"faces": {
				"east": {"uv": [0, 0, 16, 8], "rotation": 180, "texture": "#2", "cullface": "down"}
			}
		}
	],
	"groups": [
		0,
		{
			"name": "light_out_up",
			"origin": [1, 16, 0],
			"color": 0,
			"shade": false,
			"children": [1, 2, 3, 4]
		},
		{
			"name": "light_out_south",
			"origin": [1, 16, 0],
			"color": 0,
			"shade": false,
			"children": [5, 6, 7, 8]
		},
		{
			"name": "light_out_east",
			"origin": [1, 16, 0],
			"color": 0,
			"shade": false,
			"children": [9, 10, 11, 12]
		},
		{
			"name": "light_out_west",
			"origin": [1, 16, 0],
			"color": 0,
			"shade": false,
			"children": [13, 14, 15, 16]
		},
		{
			"name": "light_out_north",
			"origin": [1, 16, 0],
			"color": 0,
			"shade": false,
			"children": [17, 18, 19, 20]
		},
		{
			"name": "light_out_down",
			"origin": [1, 16, 0],
			"color": 0,
			"shade": false,
			"children": [21, 22, 23, 24]
		}
	]
}