{
	"format_version": "1.21.11",
	"credit": "Made with Blockbench",
	"textures": {
		"0": "block/redstone_torch",
		"particle": "block/metal_break"
	},
	"elements": [
		{
			"from": [1.97007, 10.34954, 7],
			"to": [3.97007, 12.34954, 9],
			"rotation": {"angle": -22.5, "axis": "z", "origin": [4.62007, 9.84954, 6.5]},
			"faces": {
				"north": {"uv": [14, 14, 16, 16], "texture": "#0"},
				"east": {"uv": [14, 14, 16, 16], "texture": "#0"},
				"south": {"uv": [14, 12, 16, 14], "texture": "#0"},
				"west": {"uv": [14, 10, 16, 12], "texture": "#0"},
				"up": {"uv": [14, 10, 16, 12], "texture": "#0"},
				"down": {"uv": [14, 14, 16, 16], "texture": "#0"}
			}
		},
		{
			"name": "between",
			"from": [2, 10, 8],
			"to": [4, 11, 8],
			"rotation": {"angle": -22.5, "axis": "z", "origin": [3, 10.25, 8]},
			"faces": {
				"north": {"uv": [0, 15, 2, 16], "texture": "#0"},
				"south": {"uv": [4, 15, 6, 16], "texture": "#0"}
			}
		},
		{
			"name": "between",
			"from": [3, 10, 7],
			"to": [3, 11, 9],
			"rotation": {"angle": -22.5, "axis": "z", "origin": [3, 10.25, 8]},
			"faces": {
				"east": {"uv": [2, 15, 4, 16], "texture": "#0"},
				"west": {"uv": [6, 15, 8, 16], "texture": "#0"}
			}
		},
		{
			"name": "top",
			"from": [2, 2, 7],
			"to": [4, 10, 9],
			"rotation": {"angle": -22.5, "axis": "z", "origin": [3, 10.25, 8]},
			"faces": {
				"north": {"uv": [0, 3, 2, 11], "texture": "#0"},
				"east": {"uv": [2, 3, 4, 11], "texture": "#0"},
				"south": {"uv": [4, 3, 6, 11], "texture": "#0"},
				"west": {"uv": [6, 3, 8, 11], "texture": "#0"},
				"up": {"uv": [10, 6, 8, 4], "texture": "#0"},
				"down": {"uv": [10, 2, 8, 4], "texture": "#0", "cullface": "down"}
			}
		},
		{
			"from": [0, 8, 8],
			"to": [2, 10, 8],
			"rotation": {"angle": 0, "axis": "y", "origin": [0, 8, 6]},
			"faces": {
				"north": {"uv": [12, 0, 14, 2], "texture": "#0"},
				"south": {"uv": [14, 0, 12, 2], "texture": "#0"}
			}
		}
	],
	"display": {
		"thirdperson_righthand": {
			"rotation": [22, 0, 0],
			"translation": [0, 4.5, 2.75]
		},
		"thirdperson_lefthand": {
			"rotation": [22, 0, 0],
			"translation": [0, 4.5, 2.75]
		},
		"firstperson_righthand": {
			"rotation": [-7, 4, 5],
			"translation": [0.25, 7, 0.75]
		},
		"firstperson_lefthand": {
			"rotation": [-7, 4, 5],
			"translation": [0.25, 7, 0.75]
		},
		"ground": {
			"rotation": [34, 32, 49],
			"translation": [-1.75, -0.25, 1.75]
		},
		"gui": {
			"rotation": [0, 45, 0]
		},
		"head": {
			"rotation": [-2, -2, 0],
			"translation": [0, 7.25, 0],
			"scale": [2, 1, 2]
		}
	},
	"groups": [
		{
			"name": "stick",
			"origin": [7, 0, 8],
			"color": 0,
			"children": [0, 1, 2, 3]
		},
		4
	]
}