{
	"format_version": "1.21.6",
	"credit": "Made with Blockbench",
	"textures": {
		"0": "block/redstone_torch",
		"3": "block/redstone_torch_light/side",
		"particle": "block/metal_break"
	},
	"elements": [
		{
			"name": "top",
			"from": [2, 11, 7],
			"to": [4, 13, 9],
			"shade": false,
			"light_emission": 15,
			"rotation": {"angle": -22.5, "axis": "z", "origin": [3, 10.25, 8]},
			"faces": {
				"north": {"uv": [0, 0, 2, 2], "texture": "#0"},
				"east": {"uv": [2, 0, 4, 2], "texture": "#0"},
				"south": {"uv": [4, 0, 6, 2], "texture": "#0"},
				"west": {"uv": [6, 0, 8, 2], "texture": "#0"},
				"up": {"uv": [8, 0, 10, 2], "texture": "#0"},
				"down": {"uv": [10, 0, 12, 2], "texture": "#0"}
			}
		},
		{
			"name": "between",
			"from": [2, 10, 8],
			"to": [4, 11, 8],
			"rotation": {"angle": -22.5, "axis": "z", "origin": [3, 10.25, 8]},
			"faces": {
				"north": {"uv": [0, 15, 2, 16], "texture": "#0"},
				"south": {"uv": [4, 15, 6, 16], "texture": "#0"}
			}
		},
		{
			"name": "between",
			"from": [3, 10, 7],
			"to": [3, 11, 9],
			"rotation": {"angle": -22.5, "axis": "z", "origin": [3, 10.25, 8]},
			"faces": {
				"east": {"uv": [2, 15, 4, 16], "texture": "#0"},
				"west": {"uv": [6, 15, 8, 16], "texture": "#0"}
			}
		},
		{
			"name": "top",
			"from": [2, 2, 7],
			"to": [4, 10, 9],
			"rotation": {"angle": -22.5, "axis": "z", "origin": [3, 10.25, 8]},
			"faces": {
				"north": {"uv": [0, 3, 2, 11], "texture": "#0"},
				"east": {"uv": [2, 3, 4, 11], "texture": "#0"},
				"south": {"uv": [4, 3, 6, 11], "texture": "#0"},
				"west": {"uv": [6, 3, 8, 11], "texture": "#0"},
				"up": {"uv": [10, 6, 8, 4], "texture": "#0"},
				"down": {"uv": [10, 2, 8, 4], "texture": "#0", "cullface": "down"}
			}
		},
		{
			"from": [0, 8, 8],
			"to": [2, 10, 8],
			"rotation": {"angle": 0, "axis": "y", "origin": [0, 8, 6]},
			"faces": {
				"north": {"uv": [12, 0, 14, 2], "texture": "#0"},
				"south": {"uv": [14, 0, 12, 2], "texture": "#0"}
			}
		},
		{
			"name": "light_side",
			"from": [0.04, 0, 16],
			"to": [0.04, 16, 18],
			"light_emission": 10,
			"rotation": {"angle": 0, "axis": "y", "origin": [0.025, 7, 12]},
			"faces": {
				"east": {"uv": [4.66667, 5.33333, 5.33333, 10.66667], "texture": "#3"}
			}
		},
		{
			"name": "light_side",
			"from": [0.06, 0, -2],
			"to": [0.06, 16, 0],
			"light_emission": 10,
			"rotation": {"angle": 0, "axis": "y", "origin": [0.025, 7, 12]},
			"faces": {
				"east": {"uv": [10.66667, 5.33333, 11.33333, 10.66667], "texture": "#3"}
			}
		},
		{
			"name": "light_side",
			"from": [0.04, -2, 0],
			"to": [0.04, 0, 16],
			"light_emission": 10,
			"rotation": {"angle": 0, "axis": "y", "origin": [0.025, 7, 12]},
			"faces": {
				"east": {"uv": [5.33333, 10.66667, 10.66667, 11.33333], "texture": "#3"}
			}
		},
		{
			"name": "light_side",
			"from": [0.05, 0, 0],
			"to": [0.05, 16, 16],
			"light_emission": 10,
			"rotation": {"angle": 0, "axis": "y", "origin": [0.025, 7, 12]},
			"faces": {
				"east": {"uv": [5.33333, 5.33333, 10.66667, 10.66667], "texture": "#3"}
			}
		},
		{
			"name": "light_side",
			"from": [0.06, 16, 0],
			"to": [0.06, 18, 16],
			"light_emission": 10,
			"rotation": {"angle": 0, "axis": "y", "origin": [0.025, 7, 12]},
			"faces": {
				"east": {"uv": [5.33333, 4.66667, 10.66667, 5.33333], "texture": "#3"}
			}
		}
	],
	"display": {
		"thirdperson_righthand": {
			"rotation": [22, 0, 0],
			"translation": [0, 4.5, 2.75]
		},
		"thirdperson_lefthand": {
			"rotation": [22, 0, 0],
			"translation": [0, 4.5, 2.75]
		},
		"firstperson_righthand": {
			"rotation": [-7, 4, 5],
			"translation": [0.25, 7, 0.75]
		},
		"firstperson_lefthand": {
			"rotation": [-7, 4, 5],
			"translation": [0.25, 7, 0.75]
		},
		"ground": {
			"rotation": [34, 32, 49],
			"translation": [-1.75, -0.25, 1.75]
		},
		"gui": {
			"rotation": [0, 45, 0]
		},
		"head": {
			"rotation": [-2, -2, 0],
			"translation": [0, 7.25, 0],
			"scale": [2, 1, 2]
		}
	},
	"groups": [
		{
			"name": "stick",
			"origin": [7, 0, 8],
			"color": 0,
			"children": [0, 1, 2, 3]
		},
		4,
		{
			"name": "light",
			"origin": [0.025, 7, 12],
			"color": 0,
			"children": [5, 6, 7, 8, 9]
		}
	]
}