{
	"credit": "Made with Blockbench",
	"textures": {
		"0": "block/redstone_lamp_on",
		"1": "block/redstone_lamp_on",
		"2": "block/redstone_lamp_light_out3",
		"particle": "block/redstone_lamp_on"
	},
	"elements": [
		{
			"name": "lamp",
			"from": [0, 0, 0],
			"to": [16, 16, 16],
			"faces": {
				"north": {"uv": [0, 0, 16, 16], "texture": "#0"},
				"east": {"uv": [0, 0, 16, 16], "texture": "#0"},
				"south": {"uv": [0, 0, 16, 16], "texture": "#0"},
				"west": {"uv": [0, 0, 16, 16], "texture": "#0"},
				"up": {"uv": [0, 0, 16, 16], "texture": "#1"},
				"down": {"uv": [0, 0, 16, 16], "texture": "#0"}
			}
		},
		{
			"from": [-1, 16, 0],
			"to": [1, 24, 16],
			"rotation": {"angle": 22.5, "axis": "z", "origin": [1, 16, 0]},
			"faces": {
				"east": {"uv": [0, 0, 16, 8], "texture": "#2"}
			}
		},
		{
			"from": [0, 16, -1],
			"to": [16, 24, 1],
			"rotation": {"angle": -22.5, "axis": "x", "origin": [16, 16, 1]},
			"faces": {
				"south": {"uv": [0, 0, 16, 8], "texture": "#2"}
			}
		},
		{
			"from": [0, 16, 15],
			"to": [16, 24, 17],
			"rotation": {"angle": 22.5, "axis": "x", "origin": [0, 16, 15]},
			"faces": {
				"north": {"uv": [0, 0, 16, 8], "texture": "#2"}
			}
		},
		{
			"from": [15, 16, 0],
			"to": [17, 24, 16],
			"rotation": {"angle": -22.5, "axis": "z", "origin": [15, 16, 16]},
			"faces": {
				"west": {"uv": [0, 0, 16, 8], "texture": "#2"}
			}
		},
		{
			"from": [0, 16, 7],
			"to": [16, 24, 9],
			"rotation": {"angle": 0, "axis": "x", "origin": [16, 16, 9]},
			"faces": {
				"south": {"uv": [0, 0, 16, 8], "texture": "#2"}
			}
		},
		{
			"from": [7, 16, 0],
			"to": [9, 24, 16],
			"rotation": {"angle": 0, "axis": "z", "origin": [7, 16, 16]},
			"faces": {
				"west": {"uv": [0, 0, 16, 8], "texture": "#2"}
			}
		},
		{
			"from": [7, 16, 0],
			"to": [9, 24, 16],
			"rotation": {"angle": 0, "axis": "z", "origin": [9, 16, 0]},
			"faces": {
				"east": {"uv": [0, 0, 16, 8], "texture": "#2"}
			}
		},
		{
			"from": [0, 16, 7],
			"to": [16, 24, 9],
			"rotation": {"angle": 0, "axis": "x", "origin": [0, 16, 7]},
			"faces": {
				"north": {"uv": [0, 0, 16, 8], "texture": "#2"}
			}
		},
		{
			"from": [4, 16, 0],
			"to": [6, 24, 16],
			"rotation": {"angle": 0, "axis": "y", "origin": [4, 16, 16]},
			"faces": {
				"west": {"uv": [0, 0, 16, 8], "texture": "#2"}
			}
		},
		{
			"from": [10, 16, 0],
			"to": [12, 24, 16],
			"rotation": {"angle": 0, "axis": "y", "origin": [12, 16, 0]},
			"faces": {
				"east": {"uv": [0, 0, 16, 8], "texture": "#2"}
			}
		},
		{
			"from": [0, 16, 10],
			"to": [16, 24, 12],
			"rotation": {"angle": 0, "axis": "y", "origin": [16, 16, 12]},
			"faces": {
				"south": {"uv": [0, 0, 16, 8], "texture": "#2"}
			}
		},
		{
			"from": [0, 16, 4],
			"to": [16, 24, 6],
			"rotation": {"angle": 0, "axis": "y", "origin": [0, 16, 4]},
			"faces": {
				"north": {"uv": [0, 0, 16, 8], "texture": "#2"}
			}
		},
		{
			"from": [11, 16, 0],
			"to": [13, 24, 16],
			"rotation": {"angle": 0, "axis": "y", "origin": [11, 16, 16]},
			"faces": {
				"west": {"uv": [0, 0, 16, 8], "texture": "#2"}
			}
		},
		{
			"from": [3, 16, 0],
			"to": [5, 24, 16],
			"rotation": {"angle": 0, "axis": "y", "origin": [5, 16, 0]},
			"faces": {
				"east": {"uv": [0, 0, 16, 8], "texture": "#2"}
			}
		},
		{
			"from": [0, 16, 3],
			"to": [16, 24, 5],
			"rotation": {"angle": 0, "axis": "y", "origin": [16, 16, 5]},
			"faces": {
				"south": {"uv": [0, 0, 16, 8], "texture": "#2"}
			}
		},
		{
			"from": [0, 16, 11],
			"to": [16, 24, 13],
			"rotation": {"angle": 0, "axis": "y", "origin": [0, 16, 11]},
			"faces": {
				"north": {"uv": [0, 0, 16, 8], "texture": "#2"}
			}
		}
	],
	"groups": [
		0,
		{
			"name": "light_out0",
			"origin": [1, 16, 0],
			"color": 0,
			"children": [1, 2, 3, 4]
		},
		{
			"name": "light_out2",
			"origin": [8, 8, 8],
			"color": 0,
			"children": [5, 6, 7, 8]
		},
		{
			"name": "light_out_3",
			"origin": [8, 8, 8],
			"color": 0,
			"children": [9, 10, 11, 12]
		},
		{
			"name": "light_in",
			"origin": [8, 8, 8],
			"color": 0,
			"children": [13, 14, 15, 16]
		}
	]
}