{
	"format_version": "1.21.6",
	"credit": "Made with Blockbench",
	"textures": {
		"0": "block/smoker/smoker_side",
		"1": "block/smoker/smoker_front",
		"2": "block/smoker/smoker_bottom",
		"3": "block/smoker/smoker_top",
		"particle": "block/smoker/smoker_side"
	},
	"elements": [
		{
			"from": [0, 0, 0],
			"to": [16, 16, 16],
			"faces": {
				"north": {"uv": [0, 0, 16, 16], "texture": "#1", "cullface": "north"},
				"east": {"uv": [0, 0, 16, 16], "texture": "#0", "cullface": "east"},
				"south": {"uv": [0, 0, 16, 16], "texture": "#0", "cullface": "south"},
				"west": {"uv": [0, 0, 16, 16], "texture": "#0", "cullface": "west"},
				"up": {"uv": [0, 0, 16, 16], "rotation": 90, "texture": "#3", "cullface": "up"},
				"down": {"uv": [0, 0, 16, 16], "rotation": 90, "texture": "#2", "cullface": "down"}
			}
		}
	],
	"display": {
		"thirdperson_righthand": {
			"rotation": [47.57, 12, -9.77],
			"translation": [-0.25, 1.5, -1.5],
			"scale": [0.4, 0.4, 0.4]
		},
		"thirdperson_lefthand": {
			"rotation": [47.57, 12, -9.77],
			"translation": [-0.25, 1.5, -1.5],
			"scale": [0.3, 0.3, 0.3]
		},
		"firstperson_righthand": {
			"rotation": [-89, -180, 0],
			"translation": [-9, -8.75, -8.75],
			"scale": [0.8, 0.8, 0.8]
		},
		"firstperson_lefthand": {
			"rotation": [-89, 113, -110],
			"translation": [14.5, -3, -8.75],
			"scale": [0.8, 0.8, 0.8]
		},
		"ground": {
			"rotation": [33, 0, 24],
			"translation": [0, 2.75, 0],
			"scale": [0.3, 0.3, 0.3]
		},
		"gui": {
			"rotation": [30, -135, 0],
			"scale": [0.62, 0.62, 0.62]
		},
		"head": {
			"rotation": [-2, 10, -5]
		},
		"fixed": {
			"rotation": [-90, 0, 0],
			"translation": [0, 0, -4],
			"scale": [0.6, 0.6, 0.6]
		}
	}
}