{
	"format_version": "1.21.6",
	"credit": "Made with Blockbench",
	"textures": {
		"0": "block/soul_torch_side",
		"1": "block/soul_torch_fire/torch_fire",
		"3": "block/soul_torch_light/side",
		"particle": "block/wood_break"
	},
	"elements": [
		{
			"name": "light_side",
			"from": [0.04, 0, 16],
			"to": [0.04, 16, 18],
			"light_emission": 10,
			"rotation": {"angle": 0, "axis": "z", "origin": [0.025, 7, 12]},
			"faces": {
				"east": {"uv": [4.66667, 5.33333, 5.33333, 10.66667], "texture": "#3"}
			}
		},
		{
			"name": "light_side",
			"from": [0.06, 0, -2],
			"to": [0.06, 16, 0],
			"light_emission": 10,
			"rotation": {"angle": 0, "axis": "z", "origin": [0.025, 7, 12]},
			"faces": {
				"east": {"uv": [10.66667, 5.33333, 11.33333, 10.66667], "texture": "#3"}
			}
		},
		{
			"name": "light_side",
			"from": [0.04, -2, 0],
			"to": [0.04, 0, 16],
			"light_emission": 10,
			"rotation": {"angle": 0, "axis": "z", "origin": [0.025, 7, 12]},
			"faces": {
				"east": {"uv": [5.33333, 10.66667, 10.66667, 11.33333], "texture": "#3"}
			}
		},
		{
			"name": "light_side",
			"from": [0.05, 0, 0],
			"to": [0.05, 16, 16],
			"light_emission": 10,
			"rotation": {"angle": 0, "axis": "z", "origin": [0.025, 7, 12]},
			"faces": {
				"east": {"uv": [5.33333, 5.33333, 10.66667, 10.66667], "texture": "#3"}
			}
		},
		{
			"name": "light_side",
			"from": [0.06, 16, 0],
			"to": [0.06, 18, 16],
			"light_emission": 10,
			"rotation": {"angle": 0, "axis": "z", "origin": [0.025, 7, 12]},
			"faces": {
				"east": {"uv": [5.33333, 4.66667, 10.66667, 5.33333], "texture": "#3"}
			}
		},
		{
			"name": "bottom",
			"from": [2, 2.25, 7],
			"to": [4, 10.25, 9],
			"rotation": {"angle": -22.5, "axis": "z", "origin": [3, 10.5, 8]},
			"faces": {
				"north": {"uv": [0, 3, 2, 11], "texture": "#0"},
				"east": {"uv": [2, 3, 4, 11], "texture": "#0"},
				"south": {"uv": [4, 3, 6, 11], "texture": "#0"},
				"west": {"uv": [6, 3, 8, 11], "texture": "#0"},
				"down": {"uv": [10, 2, 8, 4], "texture": "#0", "cullface": "down"}
			}
		},
		{
			"name": "top",
			"from": [2.46879, 10.15675, 7],
			"to": [4.46879, 13.15675, 9],
			"shade": false,
			"rotation": {"angle": -22.5, "axis": "z", "origin": [3.46879, 11.63175, 8]},
			"faces": {
				"north": {"uv": [0, 0, 2, 3], "texture": "#0"},
				"east": {"uv": [2, 0, 4, 3], "texture": "#0"},
				"south": {"uv": [4, 0, 6, 3], "texture": "#0"},
				"west": {"uv": [6, 0, 8, 3], "texture": "#0"},
				"up": {"uv": [10, 2, 8, 0], "texture": "#0"}
			}
		},
		{
			"from": [0, 9, 6],
			"to": [4, 10, 10],
			"rotation": {"angle": 0, "axis": "y", "origin": [0, 8, 3]},
			"faces": {
				"north": {"uv": [14, 0, 10, 1], "texture": "#0"},
				"east": {"uv": [10, 0, 14, 1], "texture": "#0"},
				"south": {"uv": [14, 0, 10, 1], "texture": "#0"}
			}
		},
		{
			"from": [3.85, 12.5, 5.5],
			"to": [3.85, 20.5, 10.5],
			"shade": false,
			"light_emission": 15,
			"rotation": {"angle": 45, "axis": "y", "origin": [3.85, 14, 8]},
			"faces": {
				"east": {"uv": [0, 0, 10, 16], "texture": "#1"},
				"west": {"uv": [0, 0, 10, 16], "texture": "#1"}
			}
		},
		{
			"from": [1.35, 12.5, 8],
			"to": [6.35, 20.5, 8],
			"shade": false,
			"light_emission": 15,
			"rotation": {"angle": 45, "axis": "y", "origin": [3.85, 14, 8]},
			"faces": {
				"north": {"uv": [0, 0, 10, 16], "texture": "#1"},
				"south": {"uv": [0, 0, 10, 16], "texture": "#1"}
			}
		}
	],
	"display": {
		"thirdperson_righthand": {
			"rotation": [22, 0, 0],
			"translation": [0, 4.5, 2.75]
		},
		"thirdperson_lefthand": {
			"rotation": [22, 0, 0],
			"translation": [0, 4.5, 2.75]
		},
		"firstperson_righthand": {
			"rotation": [-7, 4, 5],
			"translation": [0.25, 7, 0.75]
		},
		"firstperson_lefthand": {
			"rotation": [-7, 4, 5],
			"translation": [0.25, 7, 0.75]
		},
		"ground": {
			"rotation": [34, 32, 49],
			"translation": [-1.75, -0.25, 1.75]
		},
		"gui": {
			"rotation": [0, 45, 0]
		},
		"head": {
			"rotation": [-2, -2, 0],
			"translation": [0, 7.25, 0],
			"scale": [2, 1, 2]
		}
	},
	"groups": [
		{
			"name": "light",
			"origin": [0.025, 7, 12],
			"color": 0,
			"children": [0, 1, 2, 3, 4]
		},
		{
			"name": "stick",
			"origin": [7, 0, 8],
			"color": 0,
			"children": [5, 6]
		},
		7,
		{
			"name": "fire",
			"origin": [6, 7, 7.5],
			"color": 0,
			"shade": false,
			"children": [8, 9]
		}
	]
}