{
	"credit": "Made with Blockbench",
	"textures": {
		"particle": "#2"
	},
	"elements": [
		{
			"name": "top",
			"from": [0, 1, 0],
			"to": [16, 1, 16],
			"rotation": {"angle": 0, "axis": "y", "origin": [0, 0.025, 0]},
			"faces": {
				"up": {"uv": [0, 0, 16, 16], "texture": "#2"},
				"down": {"uv": [0, 0, 16, 16], "rotation": 270, "texture": "#2"}
			}
		},
		{
			"name": "sticks_top",
			"from": [1, 0, 1],
			"to": [16, 1, 16],
			"rotation": {"angle": 0, "axis": "y", "origin": [1, 0, 1]},
			"faces": {
				"north": {"uv": [1, 1, 16, 2], "rotation": 180, "texture": "#1"},
				"east": {"uv": [15, 1, 16, 16], "rotation": 90, "texture": "#1"},
				"south": {"uv": [1, 15, 16, 16], "texture": "#1"},
				"west": {"uv": [1, 1, 2, 16], "rotation": 270, "texture": "#1"},
				"down": {"uv": [1, 1, 16, 16], "rotation": 270, "texture": "#1"}
			}
		},
		{
			"from": [4, 0, 4],
			"to": [15, 1, 15],
			"rotation": {"angle": 0, "axis": "y", "origin": [13, 0, 14]},
			"faces": {
				"north": {"uv": [4, 4, 15, 5], "rotation": 180, "texture": "#1"},
				"east": {"uv": [14, 4, 15, 15], "rotation": 90, "texture": "#1"},
				"south": {"uv": [4, 14, 15, 15], "texture": "#1"},
				"west": {"uv": [4, 4, 5, 15], "rotation": 270, "texture": "#1"}
			}
		},
		{
			"from": [6, 0, 6],
			"to": [12, 1, 12],
			"rotation": {"angle": 0, "axis": "y", "origin": [6, 0, 6]},
			"faces": {
				"north": {"uv": [6, 6, 12, 7], "rotation": 180, "texture": "#1"},
				"east": {"uv": [11, 6, 12, 12], "rotation": 90, "texture": "#1"},
				"south": {"uv": [6, 11, 12, 12], "texture": "#1"},
				"west": {"uv": [6, 6, 7, 12], "rotation": 270, "texture": "#1"}
			}
		},
		{
			"from": [2, 0, 8],
			"to": [4, 1, 14],
			"rotation": {"angle": 0, "axis": "y", "origin": [8, 0, 22]},
			"faces": {
				"east": {"uv": [3, 8, 4, 14], "rotation": 90, "texture": "#1"}
			}
		},
		{
			"from": [2, 0, 8],
			"to": [13, 1, 10],
			"rotation": {"angle": 0, "axis": "y", "origin": [8, 0, 18]},
			"faces": {
				"north": {"uv": [2, 9, 13, 8], "rotation": 180, "texture": "#1"},
				"south": {"uv": [2, 9, 13, 10], "texture": "#1"},
				"west": {"uv": [2, 8, 3, 10], "rotation": 270, "texture": "#1"}
			}
		},
		{
			"from": [1, 0, 12],
			"to": [4, 1, 14],
			"rotation": {"angle": 0, "axis": "y", "origin": [8, 0, 26]},
			"faces": {
				"north": {"uv": [1, 12, 4, 13], "rotation": 180, "texture": "#1"},
				"south": {"uv": [1, 13, 4, 14], "texture": "#1"}
			}
		},
		{
			"from": [8, 0, 2],
			"to": [14, 1, 4],
			"rotation": {"angle": 0, "axis": "y", "origin": [13, 0, 8]},
			"faces": {
				"south": {"uv": [3, 8, 4, 14], "rotation": 270, "texture": "#1"}
			}
		},
		{
			"from": [8, 0, 2],
			"to": [10, 1, 13],
			"rotation": {"angle": 0, "axis": "y", "origin": [9, 0, 8]},
			"faces": {
				"north": {"uv": [8, 2, 10, 3], "rotation": 180, "texture": "#1"},
				"east": {"uv": [10, 2, 9, 13], "rotation": 90, "texture": "#1"},
				"west": {"uv": [8, 2, 9, 13], "rotation": 270, "texture": "#1"}
			}
		},
		{
			"from": [12, 0, 1],
			"to": [14, 1, 4],
			"rotation": {"angle": 0, "axis": "y", "origin": [17, 0, 8]},
			"faces": {
				"east": {"uv": [13, 1, 14, 4], "rotation": 90, "texture": "#1"},
				"west": {"uv": [12, 1, 13, 4], "rotation": 270, "texture": "#1"}
			}
		},
		{
			"from": [4, 0, 13],
			"to": [8, 1, 15],
			"rotation": {"angle": 0, "axis": "y", "origin": [4, 0, 13]},
			"faces": {
				"north": {"uv": [4, 13, 8, 14], "rotation": 180, "texture": "#1"}
			}
		},
		{
			"from": [13, 0, 4],
			"to": [15, 1, 8],
			"rotation": {"angle": 0, "axis": "y", "origin": [13, 0, 8]},
			"faces": {
				"west": {"uv": [13, 4, 14, 8], "rotation": 270, "texture": "#1"}
			}
		},
		{
			"from": [6, 0, 6],
			"to": [11, 1, 8],
			"rotation": {"angle": 0, "axis": "y", "origin": [6, 0, 6]},
			"faces": {
				"south": {"uv": [6, 7, 11, 8], "texture": "#1"}
			}
		},
		{
			"from": [4, 0, 4],
			"to": [10, 1, 6],
			"rotation": {"angle": 0, "axis": "y", "origin": [4, 0, 4]},
			"faces": {
				"south": {"uv": [4, 5, 10, 6], "texture": "#1"}
			}
		},
		{
			"from": [4, 0, 4],
			"to": [6, 1, 10],
			"rotation": {"angle": 0, "axis": "y", "origin": [4, 0, 10]},
			"faces": {
				"east": {"uv": [5, 4, 6, 10], "rotation": 90, "texture": "#1"}
			}
		},
		{
			"from": [6, 0, 6],
			"to": [8, 1, 11],
			"rotation": {"angle": 0, "axis": "y", "origin": [6, 0, 11]},
			"faces": {
				"east": {"uv": [7, 6, 8, 11], "rotation": 90, "texture": "#1"}
			}
		},
		{
			"from": [9, 0, 4],
			"to": [11, 1, 11],
			"rotation": {"angle": 0, "axis": "y", "origin": [9, 0, 4]},
			"faces": {
				"west": {"uv": [10, 4, 9, 11], "rotation": 270, "texture": "#1"}
			}
		},
		{
			"from": [4, 0, 9],
			"to": [11, 1, 11],
			"rotation": {"angle": 0, "axis": "y", "origin": [11, 0, 9]},
			"faces": {
				"north": {"uv": [4, 10, 11, 9], "rotation": 180, "texture": "#1"}
			}
		},
		{
			"from": [5, 0, 5],
			"to": [7, 1, 7],
			"rotation": {"angle": 0, "axis": "y", "origin": [5, 0, 5]},
			"faces": {
				"north": {"uv": [5, 5, 7, 6], "texture": "#1"},
				"east": {"uv": [6, 5, 7, 7], "rotation": 90, "texture": "#1"},
				"south": {"uv": [5, 6, 7, 7], "texture": "#1"},
				"west": {"uv": [5, 5, 6, 7], "rotation": 270, "texture": "#1"}
			}
		},
		{
			"from": [7, 0, 7],
			"to": [9, 1, 9],
			"rotation": {"angle": 0, "axis": "y", "origin": [7, 0, 7]},
			"faces": {
				"north": {"uv": [7, 7, 9, 8], "rotation": 180, "texture": "#1"},
				"east": {"uv": [8, 7, 9, 9], "rotation": 90, "texture": "#1"},
				"south": {"uv": [7, 8, 9, 9], "texture": "#1"},
				"west": {"uv": [7, 7, 8, 9], "rotation": 270, "texture": "#1"}
			}
		},
		{
			"from": [6, 0, 10],
			"to": [8, 1, 12],
			"rotation": {"angle": 0, "axis": "y", "origin": [6, 0, 10]},
			"faces": {
				"north": {"uv": [6, 10, 8, 11], "rotation": 180, "texture": "#1"}
			}
		},
		{
			"from": [10, 0, 6],
			"to": [12, 1, 8],
			"rotation": {"angle": 0, "axis": "y", "origin": [10, 0, 8]},
			"faces": {
				"west": {"uv": [10, 6, 11, 8], "rotation": 270, "texture": "#1"}
			}
		},
		{
			"from": [11, 0, 8],
			"to": [13, 1, 9],
			"rotation": {"angle": 0, "axis": "y", "origin": [11, 0, 9]},
			"faces": {
				"west": {"uv": [11, 8, 12, 9], "rotation": 270, "texture": "#1"}
			}
		},
		{
			"from": [8, 0, 11],
			"to": [9, 1, 13],
			"rotation": {"angle": 0, "axis": "y", "origin": [8, 0, 11]},
			"faces": {
				"north": {"uv": [8, 11, 9, 12], "rotation": 270, "texture": "#1"}
			}
		},
		{
			"from": [4, 0, 9],
			"to": [6, 1, 11],
			"rotation": {"angle": 0, "axis": "y", "origin": [6, 0, 11]},
			"faces": {
				"south": {"uv": [4, 10, 6, 11], "texture": "#1"}
			}
		},
		{
			"from": [9, 0, 4],
			"to": [11, 1, 6],
			"rotation": {"angle": 0, "axis": "y", "origin": [11, 0, 4]},
			"faces": {
				"east": {"uv": [10, 4, 11, 6], "rotation": 90, "texture": "#1"}
			}
		},
		{
			"from": [12, 0, 15],
			"to": [15, 1, 16],
			"rotation": {"angle": 0, "axis": "y", "origin": [12, 0, 15]},
			"faces": {
				"east": {"uv": [14, 15, 15, 16], "texture": "#1"},
				"west": {"uv": [12, 15, 13, 16], "texture": "#1"}
			}
		},
		{
			"from": [15, 0, 12],
			"to": [16, 1, 15],
			"rotation": {"angle": 0, "axis": "y", "origin": [16, 0, 12]},
			"faces": {
				"north": {"uv": [15, 12, 16, 13], "texture": "#1"},
				"south": {"uv": [15, 14, 16, 15], "texture": "#1"}
			}
		}
	],
	"groups": [
		0,
		1,
		2,
		3,
		{
			"name": "group",
			"origin": [12, 0, 1],
			"color": 0,
			"children": [4, 5, 6]
		},
		{
			"name": "group",
			"origin": [12, 0, 1],
			"color": 0,
			"children": [7, 8, 9]
		},
		{
			"name": "group",
			"origin": [13, 0, 8],
			"color": 0,
			"children": [10, 11, 12, 13, 14, 15, 16, 17]
		},
		18,
		19,
		20,
		21,
		22,
		23,
		24,
		25,
		26,
		27
	]
}