{
	"format_version": "1.21.6",
	"credit": "Made with Blockbench",
	"textures": {
		"4": "block/light_cones",
		"bottom": "block/cake_bottom",
		"top": "block/cake_top",
		"particle": "block/cake_side",
		"side": "block/cake_side"
	},
	"elements": [
		{
			"from": [1, 0, 1],
			"to": [15, 8, 15],
			"faces": {
				"north": {"uv": [1, 8, 15, 16], "texture": "#side"},
				"east": {"uv": [1, 8, 15, 16], "texture": "#side"},
				"south": {"uv": [1, 8, 15, 16], "texture": "#side"},
				"west": {"uv": [1, 8, 15, 16], "texture": "#side"},
				"up": {"uv": [1, 1, 15, 15], "texture": "#top"},
				"down": {"uv": [1, 1, 15, 15], "texture": "#bottom", "cullface": "down"}
			}
		},
		{
			"from": [7, 8, 7],
			"to": [9, 14, 9],
			"faces": {
				"north": {"uv": [0, 8, 2, 14], "texture": "#candle"},
				"east": {"uv": [0, 8, 2, 14], "texture": "#candle"},
				"south": {"uv": [0, 8, 2, 14], "texture": "#candle"},
				"west": {"uv": [0, 8, 2, 14], "texture": "#candle"},
				"up": {"uv": [0, 6, 2, 8], "texture": "#candle"},
				"down": {"uv": [0, 14, 2, 16], "texture": "#candle", "cullface": "down"}
			}
		},
		{
			"from": [7.5, 14, 8],
			"to": [8.5, 15, 8],
			"rotation": {"angle": -45, "axis": "y", "origin": [8, 14, 8]},
			"faces": {
				"north": {"uv": [0, 5, 1, 6], "texture": "#candle"},
				"south": {"uv": [0, 5, 1, 6], "texture": "#candle"}
			}
		},
		{
			"from": [7.5, 14, 8],
			"to": [8.5, 15, 8],
			"rotation": {"angle": 45, "axis": "y", "origin": [8, 14, 8]},
			"faces": {
				"north": {"uv": [0, 5, 1, 6], "texture": "#candle"},
				"south": {"uv": [0, 5, 1, 6], "texture": "#candle"}
			}
		},
		{
			"from": [7, 8, 7],
			"to": [7, 14, 9],
			"shade": false,
			"light_emission": 15,
			"rotation": {"angle": -22.5, "axis": "z", "origin": [7, 14, 7]},
			"faces": {
				"east": {"uv": [0, 2, 1, 14], "rotation": 180, "texture": "#4"},
				"west": {"uv": [0, 2, 1, 14], "rotation": 180, "texture": "#4"}
			}
		},
		{
			"from": [9, 8, 7],
			"to": [9, 14, 9],
			"shade": false,
			"light_emission": 15,
			"rotation": {"angle": 22.5, "axis": "z", "origin": [9, 14, 9]},
			"faces": {
				"east": {"uv": [0, 2, 1, 14], "rotation": 180, "texture": "#4"},
				"west": {"uv": [0, 2, 1, 14], "rotation": 180, "texture": "#4"}
			}
		},
		{
			"from": [7, 8, 7],
			"to": [9, 14, 7],
			"shade": false,
			"light_emission": 15,
			"rotation": {"angle": 22.5, "axis": "x", "origin": [9, 14, 7]},
			"faces": {
				"north": {"uv": [0, 2, 1, 14], "rotation": 180, "texture": "#4"},
				"south": {"uv": [0, 2, 1, 14], "rotation": 180, "texture": "#4"}
			}
		},
		{
			"from": [7, 8, 9],
			"to": [9, 14, 9],
			"shade": false,
			"light_emission": 15,
			"rotation": {"angle": -22.5, "axis": "x", "origin": [7, 14, 9]},
			"faces": {
				"north": {"uv": [0, 2, 1, 14], "rotation": 180, "texture": "#4"},
				"south": {"uv": [0, 2, 1, 14], "rotation": 180, "texture": "#4"}
			}
		}
	],
	"groups": [
		0,
		1,
		2,
		3,
		{
			"name": "group",
			"origin": [7, 6, 9],
			"color": 0,
			"shade": false,
			"children": [4, 5, 6, 7]
		}
	]
}