{
	"credit": "Made with Blockbench",
	"textures": {
		"1": "block/rail_sticks_lit",
		"3": "block/rail_sticks",
		"4": "block/rail_light",
		"particle": "#0"
	},
	"elements": [
		{
			"from": [1, 0, 1],
			"to": [15, 1, 3],
			"faces": {
				"south": {"uv": [1, 2, 15, 3], "texture": "#1"}
			}
		},
		{
			"from": [1, 0, 5],
			"to": [15, 1, 7],
			"faces": {
				"north": {"uv": [15, 5, 1, 6], "texture": "#1"},
				"south": {"uv": [1, 6, 15, 7], "texture": "#1"}
			}
		},
		{
			"from": [1, 0, 9],
			"to": [15, 1, 11],
			"faces": {
				"north": {"uv": [15, 9, 1, 10], "texture": "#1"},
				"south": {"uv": [1, 10, 15, 11], "texture": "#1"}
			}
		},
		{
			"from": [1, 0, 13],
			"to": [15, 1, 15],
			"faces": {
				"north": {"uv": [15, 13, 1, 14], "texture": "#1"}
			}
		},
		{
			"from": [1, 1.025, 0],
			"to": [15, 1.025, 16],
			"faces": {
				"up": {"uv": [1, 0, 15, 16], "texture": "#0"},
				"down": {"uv": [1, 0, 15, 16], "texture": "#0"}
			}
		},
		{
			"from": [1, 0, 1],
			"to": [15, 1, 15],
			"faces": {
				"north": {"uv": [1, 1, 15, 2], "rotation": 180, "texture": "#1"},
				"east": {"uv": [14, 1, 15, 15], "rotation": 90, "texture": "#1"},
				"south": {"uv": [1, 14, 15, 15], "texture": "#1"},
				"west": {"uv": [1, 1, 2, 15], "rotation": 270, "texture": "#1"},
				"down": {"uv": [1, 15, 15, 1], "texture": "#3"}
			}
		},
		{
			"from": [0, 0, 0],
			"to": [16, 0, 16],
			"light_emission": 15,
			"faces": {
				"up": {"uv": [0, 0, 16, 16], "texture": "#4"}
			}
		}
	]
}