{
	"credit": "Made with Blockbench",
	"parent": "block/block",
	"textures": {
		"1": "block/light_cones",
		"particle": "block/light_cones"
	},
	"elements": [
		{
			"from": [7, 0, 7],
			"to": [9, 6, 9],
			"faces": {
				"north": {"uv": [0, 8, 2, 14], "texture": "#all"},
				"east": {"uv": [0, 8, 2, 14], "texture": "#all"},
				"south": {"uv": [0, 8, 2, 14], "texture": "#all"},
				"west": {"uv": [0, 8, 2, 14], "texture": "#all"},
				"up": {"uv": [0, 6, 2, 8], "texture": "#all"},
				"down": {"uv": [0, 14, 2, 16], "texture": "#all", "cullface": "down"}
			}
		},
		{
			"from": [7.5, 6, 8],
			"to": [8.5, 7, 8],
			"rotation": {"angle": 45, "axis": "y", "origin": [8, 6, 8]},
			"faces": {
				"north": {"uv": [0, 5, 1, 6], "texture": "#all"},
				"south": {"uv": [0, 5, 1, 6], "texture": "#all"}
			}
		},
		{
			"from": [7.5, 6, 8],
			"to": [8.5, 7, 8],
			"rotation": {"angle": -45, "axis": "y", "origin": [8, 6, 8]},
			"faces": {
				"north": {"uv": [0, 5, 1, 6], "texture": "#all"},
				"south": {"uv": [0, 5, 1, 6], "texture": "#all"}
			}
		},
		{
			"from": [7, 0, 7],
			"to": [7, 6, 9],
			"rotation": {"angle": -22.5, "axis": "z", "origin": [7, 6, 7]},
			"faces": {
				"east": {"uv": [0, 2, 1, 14], "rotation": 180, "texture": "#1"}
			}
		},
		{
			"from": [9, 0, 7],
			"to": [9, 6, 9],
			"rotation": {"angle": 22.5, "axis": "z", "origin": [9, 6, 9]},
			"faces": {
				"west": {"uv": [0, 2, 1, 14], "rotation": 180, "texture": "#1"}
			}
		},
		{
			"from": [7, 0, 7],
			"to": [9, 6, 7],
			"rotation": {"angle": 22.5, "axis": "x", "origin": [9, 6, 7]},
			"faces": {
				"south": {"uv": [0, 2, 1, 14], "rotation": 180, "texture": "#1"}
			}
		},
		{
			"from": [7, 0, 9],
			"to": [9, 6, 9],
			"rotation": {"angle": -22.5, "axis": "x", "origin": [7, 6, 9]},
			"faces": {
				"north": {"uv": [0, 2, 1, 14], "rotation": 180, "texture": "#1"}
			}
		}
	],
	"groups": [
		0,
		1,
		2,
		{
			"name": "group",
			"origin": [7, 6, 9],
			"color": 0,
			"children": [3, 4, 5, 6]
		}
	]
}