{
	"credit": "Made with Blockbench",
	"parent": "block/block",
	"textures": {
		"1": "block/light_cones",
		"particle": "block/light_cones"
	},
	"elements": [
		{
			"from": [6, 0, 8],
			"to": [8, 3, 10],
			"faces": {
				"north": {"uv": [0, 8, 2, 11], "texture": "#all"},
				"east": {"uv": [0, 8, 2, 11], "texture": "#all"},
				"south": {"uv": [0, 8, 2, 11], "texture": "#all"},
				"west": {"uv": [0, 8, 2, 11], "texture": "#all"},
				"up": {"uv": [0, 6, 2, 8], "texture": "#all"},
				"down": {"uv": [0, 14, 2, 16], "texture": "#all", "cullface": "down"}
			}
		},
		{
			"from": [6.5, 3, 9],
			"to": [7.5, 4, 9],
			"rotation": {"angle": 45, "axis": "y", "origin": [7, 3, 9]},
			"faces": {
				"north": {"uv": [0, 5, 1, 6], "texture": "#all"},
				"south": {"uv": [1, 5, 0, 6], "texture": "#all"}
			}
		},
		{
			"from": [6.5, 3, 9],
			"to": [7.5, 4, 9],
			"rotation": {"angle": -45, "axis": "y", "origin": [7, 3, 9]},
			"faces": {
				"north": {"uv": [0, 5, 1, 6], "texture": "#all"},
				"south": {"uv": [1, 5, 0, 6], "texture": "#all"}
			}
		},
		{
			"from": [9, 0, 8],
			"to": [11, 5, 10],
			"faces": {
				"north": {"uv": [0, 8, 2, 13], "texture": "#all"},
				"east": {"uv": [0, 8, 2, 13], "texture": "#all"},
				"south": {"uv": [0, 8, 2, 13], "texture": "#all"},
				"west": {"uv": [0, 8, 2, 13], "texture": "#all"},
				"up": {"uv": [0, 6, 2, 8], "texture": "#all"},
				"down": {"uv": [0, 14, 2, 16], "texture": "#all", "cullface": "down"}
			}
		},
		{
			"from": [9.5, 5, 9],
			"to": [10.5, 6, 9],
			"rotation": {"angle": 45, "axis": "y", "origin": [10, 5, 9]},
			"faces": {
				"north": {"uv": [0, 5, 1, 6], "texture": "#all"},
				"south": {"uv": [1, 5, 0, 6], "texture": "#all"}
			}
		},
		{
			"from": [9.5, 5, 9],
			"to": [10.5, 6, 9],
			"rotation": {"angle": -45, "axis": "y", "origin": [10, 5, 9]},
			"faces": {
				"north": {"uv": [0, 5, 1, 6], "texture": "#all"},
				"south": {"uv": [1, 5, 0, 6], "texture": "#all"}
			}
		},
		{
			"from": [5, 0, 5],
			"to": [7, 5, 7],
			"faces": {
				"north": {"uv": [0, 8, 2, 13], "texture": "#all"},
				"east": {"uv": [0, 8, 2, 13], "texture": "#all"},
				"south": {"uv": [0, 8, 2, 13], "texture": "#all"},
				"west": {"uv": [0, 8, 2, 13], "texture": "#all"},
				"up": {"uv": [0, 6, 2, 8], "texture": "#all"},
				"down": {"uv": [0, 14, 2, 16], "texture": "#all", "cullface": "down"}
			}
		},
		{
			"from": [5.5, 5, 6],
			"to": [6.5, 6, 6],
			"rotation": {"angle": 45, "axis": "y", "origin": [6, 5, 6]},
			"faces": {
				"north": {"uv": [0, 5, 1, 6], "texture": "#all"},
				"south": {"uv": [1, 5, 0, 6], "texture": "#all"}
			}
		},
		{
			"from": [5.5, 5, 6],
			"to": [6.5, 6, 6],
			"rotation": {"angle": -45, "axis": "y", "origin": [6, 5, 6]},
			"faces": {
				"north": {"uv": [0, 5, 1, 6], "texture": "#all"},
				"south": {"uv": [1, 5, 0, 6], "texture": "#all"}
			}
		},
		{
			"from": [8, 0, 5],
			"to": [10, 6, 7],
			"faces": {
				"north": {"uv": [0, 8, 2, 14], "texture": "#all"},
				"east": {"uv": [0, 8, 2, 14], "texture": "#all"},
				"south": {"uv": [0, 8, 2, 14], "texture": "#all"},
				"west": {"uv": [0, 8, 2, 14], "texture": "#all"},
				"up": {"uv": [0, 6, 2, 8], "texture": "#all"},
				"down": {"uv": [0, 14, 2, 16], "texture": "#all", "cullface": "down"}
			}
		},
		{
			"from": [8.5, 6, 6],
			"to": [9.5, 7, 6],
			"rotation": {"angle": 45, "axis": "y", "origin": [9, 6, 6]},
			"faces": {
				"north": {"uv": [0, 5, 1, 6], "texture": "#all"},
				"south": {"uv": [0, 5, 1, 6], "texture": "#all"}
			}
		},
		{
			"from": [8.5, 6, 6],
			"to": [9.5, 7, 6],
			"rotation": {"angle": -45, "axis": "y", "origin": [9, 6, 6]},
			"faces": {
				"north": {"uv": [0, 5, 1, 6], "texture": "#all"},
				"south": {"uv": [0, 5, 1, 6], "texture": "#all"}
			}
		},
		{
			"from": [8, 0, 5],
			"to": [8, 6, 7],
			"rotation": {"angle": -22.5, "axis": "z", "origin": [8, 6, 5]},
			"faces": {
				"east": {"uv": [0, 2, 1, 14], "rotation": 180, "texture": "#1"}
			}
		},
		{
			"from": [10, 0, 5],
			"to": [10, 6, 7],
			"rotation": {"angle": 22.5, "axis": "z", "origin": [10, 6, 7]},
			"faces": {
				"west": {"uv": [0, 2, 1, 14], "rotation": 180, "texture": "#1"}
			}
		},
		{
			"from": [8, 0, 5],
			"to": [10, 6, 5],
			"rotation": {"angle": 22.5, "axis": "x", "origin": [10, 6, 5]},
			"faces": {
				"south": {"uv": [0, 2, 1, 14], "rotation": 180, "texture": "#1"}
			}
		},
		{
			"from": [8, 0, 7],
			"to": [10, 6, 7],
			"rotation": {"angle": -22.5, "axis": "x", "origin": [8, 6, 7]},
			"faces": {
				"north": {"uv": [0, 2, 1, 14], "rotation": 180, "texture": "#1"}
			}
		},
		{
			"from": [9, -1, 8],
			"to": [9, 5, 10],
			"rotation": {"angle": -22.5, "axis": "z", "origin": [9, 5, 8]},
			"faces": {
				"east": {"uv": [0, 2, 1, 14], "rotation": 180, "texture": "#1"}
			}
		},
		{
			"from": [11, -1, 8],
			"to": [11, 5, 10],
			"rotation": {"angle": 22.5, "axis": "z", "origin": [11, 5, 10]},
			"faces": {
				"west": {"uv": [0, 2, 1, 14], "rotation": 180, "texture": "#1"}
			}
		},
		{
			"from": [9, -1, 8],
			"to": [11, 5, 8],
			"rotation": {"angle": 22.5, "axis": "x", "origin": [11, 5, 8]},
			"faces": {
				"south": {"uv": [0, 2, 1, 14], "rotation": 180, "texture": "#1"}
			}
		},
		{
			"from": [9, -1, 10],
			"to": [11, 5, 10],
			"rotation": {"angle": -22.5, "axis": "x", "origin": [9, 5, 10]},
			"faces": {
				"north": {"uv": [0, 2, 1, 14], "rotation": 180, "texture": "#1"}
			}
		},
		{
			"from": [5, -1, 5],
			"to": [5, 5, 7],
			"rotation": {"angle": -22.5, "axis": "z", "origin": [5, 5, 5]},
			"faces": {
				"east": {"uv": [0, 2, 1, 14], "rotation": 180, "texture": "#1"}
			}
		},
		{
			"from": [7, -1, 5],
			"to": [7, 5, 7],
			"rotation": {"angle": 22.5, "axis": "z", "origin": [7, 5, 7]},
			"faces": {
				"west": {"uv": [0, 2, 1, 14], "rotation": 180, "texture": "#1"}
			}
		},
		{
			"from": [5, -1, 5],
			"to": [7, 5, 5],
			"rotation": {"angle": 22.5, "axis": "x", "origin": [7, 5, 5]},
			"faces": {
				"south": {"uv": [0, 2, 1, 14], "rotation": 180, "texture": "#1"}
			}
		},
		{
			"from": [5, -1, 7],
			"to": [7, 5, 7],
			"rotation": {"angle": -22.5, "axis": "x", "origin": [5, 5, 7]},
			"faces": {
				"north": {"uv": [0, 2, 1, 14], "rotation": 180, "texture": "#1"}
			}
		},
		{
			"from": [6, -3, 8],
			"to": [6, 3, 10],
			"rotation": {"angle": -22.5, "axis": "z", "origin": [6, 3, 8]},
			"faces": {
				"east": {"uv": [0, 2, 1, 14], "rotation": 180, "texture": "#1"}
			}
		},
		{
			"from": [8, -3, 8],
			"to": [8, 3, 10],
			"rotation": {"angle": 22.5, "axis": "z", "origin": [8, 3, 10]},
			"faces": {
				"west": {"uv": [0, 2, 1, 14], "rotation": 180, "texture": "#1"}
			}
		},
		{
			"from": [6, -3, 8],
			"to": [8, 3, 8],
			"rotation": {"angle": 22.5, "axis": "x", "origin": [8, 3, 8]},
			"faces": {
				"south": {"uv": [0, 2, 1, 14], "rotation": 180, "texture": "#1"}
			}
		},
		{
			"from": [6, -3, 10],
			"to": [8, 3, 10],
			"rotation": {"angle": -22.5, "axis": "x", "origin": [6, 3, 10]},
			"faces": {
				"north": {"uv": [0, 2, 1, 14], "rotation": 180, "texture": "#1"}
			}
		}
	],
	"groups": [
		0,
		1,
		2,
		3,
		4,
		5,
		6,
		7,
		8,
		9,
		10,
		11,
		{
			"name": "group",
			"origin": [7, 6, 9],
			"color": 0,
			"children": [12, 13, 14, 15]
		},
		{
			"name": "group",
			"origin": [7, 6, 9],
			"color": 0,
			"children": [16, 17, 18, 19]
		},
		{
			"name": "group",
			"origin": [7, 6, 9],
			"color": 0,
			"children": [20, 21, 22, 23]
		},
		{
			"name": "group",
			"origin": [7, 6, 9],
			"color": 0,
			"children": [24, 25, 26, 27]
		}
	]
}