{
	"credit": "Made with Blockbench",
	"textures": {
		"particle": "#1"
	},
	"elements": [
		{
			"name": "bulb",
			"from": [0, 0, 0],
			"to": [16, 16, 16],
			"shade": false,
			"faces": {
				"north": {"uv": [0, 0, 16, 16], "texture": "#0", "cullface": "north"},
				"east": {"uv": [0, 0, 16, 16], "texture": "#0", "cullface": "east"},
				"south": {"uv": [0, 0, 16, 16], "texture": "#0", "cullface": "south"},
				"west": {"uv": [0, 0, 16, 16], "texture": "#0", "cullface": "west"},
				"up": {"uv": [0, 0, 16, 16], "texture": "#0", "cullface": "up"},
				"down": {"uv": [0, 0, 16, 16], "texture": "#0", "cullface": "down"}
			}
		},
		{
			"from": [0, 16, 0],
			"to": [2, 24, 16],
			"shade": false,
			"rotation": {"angle": 22.5, "axis": "z", "origin": [2, 16, 0]},
			"faces": {
				"east": {"uv": [0, 0, 16, 16], "texture": "#1", "cullface": "up"}
			}
		},
		{
			"from": [0, 16, 0],
			"to": [16, 24, 2],
			"shade": false,
			"rotation": {"angle": -22.5, "axis": "x", "origin": [16, 16, 2]},
			"faces": {
				"south": {"uv": [0, 0, 16, 16], "texture": "#1", "cullface": "up"}
			}
		},
		{
			"from": [0, 16, 14],
			"to": [16, 24, 16],
			"shade": false,
			"rotation": {"angle": 22.5, "axis": "x", "origin": [0, 16, 14]},
			"faces": {
				"north": {"uv": [0, 0, 16, 16], "texture": "#1", "cullface": "up"}
			}
		},
		{
			"from": [14, 16, 0],
			"to": [16, 24, 16],
			"shade": false,
			"rotation": {"angle": -22.5, "axis": "z", "origin": [14, 16, 16]},
			"faces": {
				"west": {"uv": [0, 0, 16, 16], "texture": "#1", "cullface": "up"}
			}
		},
		{
			"from": [0, 0, 16],
			"to": [2, 16, 24],
			"shade": false,
			"rotation": {"angle": -22.5, "axis": "y", "origin": [2, 16, 16]},
			"faces": {
				"east": {"uv": [0, 0, 16, 16], "rotation": 270, "texture": "#1", "cullface": "south"}
			}
		},
		{
			"from": [0, 14, 16],
			"to": [16, 16, 24],
			"shade": false,
			"rotation": {"angle": -22.5, "axis": "x", "origin": [16, 14, 16]},
			"faces": {
				"down": {"uv": [0, 0, 16, 16], "texture": "#1", "cullface": "south"}
			}
		},
		{
			"from": [0, 0, 16],
			"to": [16, 2, 24],
			"shade": false,
			"rotation": {"angle": 22.5, "axis": "x", "origin": [0, 2, 16]},
			"faces": {
				"up": {"uv": [0, 0, 16, 16], "rotation": 180, "texture": "#1", "cullface": "south"}
			}
		},
		{
			"from": [14, 0, 16],
			"to": [16, 16, 24],
			"shade": false,
			"rotation": {"angle": 22.5, "axis": "y", "origin": [14, 0, 16]},
			"faces": {
				"west": {"uv": [0, 0, 16, 16], "rotation": 90, "texture": "#1", "cullface": "south"}
			}
		},
		{
			"from": [16, 14, 0],
			"to": [24, 16, 16],
			"shade": false,
			"rotation": {"angle": 22.5, "axis": "z", "origin": [16, 14, 0]},
			"faces": {
				"down": {"uv": [0, 0, 16, 16], "rotation": 90, "texture": "#1", "cullface": "east"}
			}
		},
		{
			"from": [16, 0, 0],
			"to": [24, 16, 2],
			"shade": false,
			"rotation": {"angle": 22.5, "axis": "y", "origin": [16, 0, 2]},
			"faces": {
				"south": {"uv": [0, 0, 16, 16], "rotation": 90, "texture": "#1", "cullface": "east"}
			}
		},
		{
			"from": [16, 0, 14],
			"to": [24, 16, 16],
			"shade": false,
			"rotation": {"angle": -22.5, "axis": "y", "origin": [16, 16, 14]},
			"faces": {
				"north": {"uv": [0, 0, 16, 16], "rotation": 270, "texture": "#1", "cullface": "east"}
			}
		},
		{
			"from": [15, 0, 0],
			"to": [23, 2, 16],
			"shade": false,
			"rotation": {"angle": -22.5, "axis": "z", "origin": [15, 2, 16]},
			"faces": {
				"up": {"uv": [0, 0, 16, 16], "rotation": 90, "texture": "#1", "cullface": "east"}
			}
		},
		{
			"from": [-8, 0, 0],
			"to": [0, 2, 16],
			"shade": false,
			"rotation": {"angle": 22.5, "axis": "z", "origin": [0, 2, 0]},
			"faces": {
				"up": {"uv": [0, 0, 16, 16], "rotation": 270, "texture": "#1", "cullface": "west"}
			}
		},
		{
			"from": [-8, 0, 0],
			"to": [0, 16, 2],
			"shade": false,
			"rotation": {"angle": -22.5, "axis": "y", "origin": [0, 16, 2]},
			"faces": {
				"south": {"uv": [0, 0, 16, 16], "rotation": 270, "texture": "#1", "cullface": "west"}
			}
		},
		{
			"from": [-8, 0, 14],
			"to": [0, 16, 16],
			"shade": false,
			"rotation": {"angle": 22.5, "axis": "y", "origin": [0, 0, 14]},
			"faces": {
				"north": {"uv": [0, 0, 16, 16], "rotation": 90, "texture": "#1", "cullface": "west"}
			}
		},
		{
			"from": [-8, 14, 0],
			"to": [0, 16, 16],
			"shade": false,
			"rotation": {"angle": -22.5, "axis": "z", "origin": [0, 14, 16]},
			"faces": {
				"down": {"uv": [0, 0, 16, 16], "rotation": 270, "texture": "#1", "cullface": "west"}
			}
		},
		{
			"from": [0, 0, -8],
			"to": [2, 16, 0],
			"shade": false,
			"rotation": {"angle": 22.5, "axis": "y", "origin": [2, 0, 0]},
			"faces": {
				"east": {"uv": [0, 0, 16, 16], "rotation": 90, "texture": "#1", "cullface": "north"}
			}
		},
		{
			"from": [0, -1, -8],
			"to": [16, 1, 0],
			"shade": false,
			"rotation": {"angle": -22.5, "axis": "x", "origin": [16, 1, 0]},
			"faces": {
				"up": {"uv": [0, 0, 16, 16], "texture": "#1", "cullface": "north"}
			}
		},
		{
			"from": [0, 14, -8],
			"to": [16, 16, 0],
			"shade": false,
			"rotation": {"angle": 22.5, "axis": "x", "origin": [0, 14, 0]},
			"faces": {
				"down": {"uv": [0, 0, 16, 16], "rotation": 180, "texture": "#1", "cullface": "north"}
			}
		},
		{
			"from": [14, 0, -8],
			"to": [16, 16, 0],
			"shade": false,
			"rotation": {"angle": -22.5, "axis": "y", "origin": [14, 16, 0]},
			"faces": {
				"west": {"uv": [0, 0, 16, 16], "rotation": 270, "texture": "#1", "cullface": "north"}
			}
		},
		{
			"from": [14, -8, 0],
			"to": [16, 0, 16],
			"shade": false,
			"rotation": {"angle": 22.5, "axis": "z", "origin": [14, 0, 0]},
			"faces": {
				"west": {"uv": [0, 0, 16, 16], "rotation": 180, "texture": "#1", "cullface": "down"}
			}
		},
		{
			"from": [0, -8, 0],
			"to": [16, 0, 2],
			"shade": false,
			"rotation": {"angle": 22.5, "axis": "x", "origin": [0, 0, 2]},
			"faces": {
				"south": {"uv": [0, 0, 16, 16], "rotation": 180, "texture": "#1", "cullface": "down"}
			}
		},
		{
			"from": [0, -8, 14],
			"to": [16, 0, 16],
			"shade": false,
			"rotation": {"angle": -22.5, "axis": "x", "origin": [16, 0, 14]},
			"faces": {
				"north": {"uv": [0, 0, 16, 16], "rotation": 180, "texture": "#1", "cullface": "down"}
			}
		},
		{
			"from": [0, -8, 0],
			"to": [2, 0, 16],
			"shade": false,
			"rotation": {"angle": -22.5, "axis": "z", "origin": [2, 0, 16]},
			"faces": {
				"east": {"uv": [0, 0, 16, 16], "rotation": 180, "texture": "#1", "cullface": "down"}
			}
		}
	],
	"groups": [
		0,
		{
			"name": "light_out_up",
			"origin": [1, 16, 0],
			"color": 0,
			"shade": false,
			"children": [1, 2, 3, 4]
		},
		{
			"name": "light_out_south",
			"origin": [1, 16, 0],
			"color": 0,
			"shade": false,
			"children": [5, 6, 7, 8]
		},
		{
			"name": "light_out_east",
			"origin": [1, 16, 0],
			"color": 0,
			"shade": false,
			"children": [9, 10, 11, 12]
		},
		{
			"name": "light_out_west",
			"origin": [1, 16, 0],
			"color": 0,
			"shade": false,
			"children": [13, 14, 15, 16]
		},
		{
			"name": "light_out_north",
			"origin": [1, 16, 0],
			"color": 0,
			"shade": false,
			"children": [17, 18, 19, 20]
		},
		{
			"name": "light_out_down",
			"origin": [1, 16, 0],
			"color": 0,
			"shade": false,
			"children": [21, 22, 23, 24]
		}
	]
}