{
	"credit": "Made with Blockbench",
	"parent": "block/block",
	"textures": {
		"1": "block/light_cones",
		"particle": "block/light_cones"
	},
	"elements": [
		{
			"from": [7, 0, 9],
			"to": [9, 3, 11],
			"faces": {
				"north": {"uv": [0, 8, 2, 11], "texture": "#all"},
				"east": {"uv": [0, 8, 2, 11], "texture": "#all"},
				"south": {"uv": [0, 8, 2, 11], "texture": "#all"},
				"west": {"uv": [0, 8, 2, 11], "texture": "#all"},
				"up": {"uv": [0, 6, 2, 8], "texture": "#all"},
				"down": {"uv": [0, 14, 2, 16], "texture": "#all", "cullface": "down"}
			}
		},
		{
			"from": [7.5, 3, 10],
			"to": [8.5, 4, 10],
			"rotation": {"angle": 45, "axis": "y", "origin": [8, 3, 10]},
			"faces": {
				"north": {"uv": [0, 5, 1, 6], "texture": "#all"},
				"south": {"uv": [1, 5, 0, 6], "texture": "#all"}
			}
		},
		{
			"from": [7.5, 3, 10],
			"to": [8.5, 4, 10],
			"rotation": {"angle": -45, "axis": "y", "origin": [8, 3, 10]},
			"faces": {
				"north": {"uv": [0, 5, 1, 6], "texture": "#all"},
				"south": {"uv": [1, 5, 0, 6], "texture": "#all"}
			}
		},
		{
			"from": [5, 0, 7],
			"to": [7, 5, 9],
			"faces": {
				"north": {"uv": [0, 8, 2, 13], "texture": "#all"},
				"east": {"uv": [0, 8, 2, 13], "texture": "#all"},
				"south": {"uv": [0, 8, 2, 13], "texture": "#all"},
				"west": {"uv": [0, 8, 2, 13], "texture": "#all"},
				"up": {"uv": [0, 6, 2, 8], "texture": "#all"},
				"down": {"uv": [0, 14, 2, 16], "texture": "#all", "cullface": "down"}
			}
		},
		{
			"from": [5.5, 5, 8],
			"to": [6.5, 6, 8],
			"rotation": {"angle": 45, "axis": "y", "origin": [6, 5, 8]},
			"faces": {
				"north": {"uv": [0, 5, 1, 6], "texture": "#all"},
				"south": {"uv": [1, 5, 0, 6], "texture": "#all"}
			}
		},
		{
			"from": [5.5, 5, 8],
			"to": [6.5, 6, 8],
			"rotation": {"angle": -45, "axis": "y", "origin": [6, 5, 8]},
			"faces": {
				"north": {"uv": [0, 5, 1, 6], "texture": "#all"},
				"south": {"uv": [1, 5, 0, 6], "texture": "#all"}
			}
		},
		{
			"from": [8, 0, 6],
			"to": [10, 6, 8],
			"faces": {
				"north": {"uv": [0, 8, 2, 14], "texture": "#all"},
				"east": {"uv": [0, 8, 2, 14], "texture": "#all"},
				"south": {"uv": [0, 8, 2, 14], "texture": "#all"},
				"west": {"uv": [0, 8, 2, 14], "texture": "#all"},
				"up": {"uv": [0, 6, 2, 8], "texture": "#all"},
				"down": {"uv": [0, 14, 2, 16], "texture": "#all", "cullface": "down"}
			}
		},
		{
			"from": [8.5, 6, 7],
			"to": [9.5, 7, 7],
			"rotation": {"angle": 45, "axis": "y", "origin": [9, 6, 7]},
			"faces": {
				"north": {"uv": [0, 5, 1, 6], "texture": "#all"},
				"south": {"uv": [0, 5, 1, 6], "texture": "#all"}
			}
		},
		{
			"from": [8.5, 6, 7],
			"to": [9.5, 7, 7],
			"rotation": {"angle": -45, "axis": "y", "origin": [9, 6, 7]},
			"faces": {
				"north": {"uv": [0, 5, 1, 6], "texture": "#all"},
				"south": {"uv": [0, 5, 1, 6], "texture": "#all"}
			}
		},
		{
			"from": [7, -3, 9],
			"to": [7, 3, 11],
			"rotation": {"angle": -22.5, "axis": "z", "origin": [7, 3, 9]},
			"faces": {
				"east": {"uv": [0, 2, 1, 14], "rotation": 180, "texture": "#1"}
			}
		},
		{
			"from": [9, -3, 9],
			"to": [9, 3, 11],
			"rotation": {"angle": 22.5, "axis": "z", "origin": [9, 3, 11]},
			"faces": {
				"west": {"uv": [0, 2, 1, 14], "rotation": 180, "texture": "#1"}
			}
		},
		{
			"from": [7, -3, 9],
			"to": [9, 3, 9],
			"rotation": {"angle": 22.5, "axis": "x", "origin": [9, 3, 9]},
			"faces": {
				"south": {"uv": [0, 2, 1, 14], "rotation": 180, "texture": "#1"}
			}
		},
		{
			"from": [7, -3, 11],
			"to": [9, 3, 11],
			"rotation": {"angle": -22.5, "axis": "x", "origin": [7, 3, 11]},
			"faces": {
				"north": {"uv": [0, 2, 1, 14], "rotation": 180, "texture": "#1"}
			}
		},
		{
			"from": [8, 0, 6],
			"to": [8, 6, 8],
			"rotation": {"angle": -22.5, "axis": "z", "origin": [8, 6, 6]},
			"faces": {
				"east": {"uv": [0, 2, 1, 14], "rotation": 180, "texture": "#1"}
			}
		},
		{
			"from": [10, 0, 6],
			"to": [10, 6, 8],
			"rotation": {"angle": 22.5, "axis": "z", "origin": [10, 6, 8]},
			"faces": {
				"west": {"uv": [0, 2, 1, 14], "rotation": 180, "texture": "#1"}
			}
		},
		{
			"from": [8, 0, 6],
			"to": [10, 6, 6],
			"rotation": {"angle": 22.5, "axis": "x", "origin": [10, 6, 6]},
			"faces": {
				"south": {"uv": [0, 2, 1, 14], "rotation": 180, "texture": "#1"}
			}
		},
		{
			"from": [8, 0, 8],
			"to": [10, 6, 8],
			"rotation": {"angle": -22.5, "axis": "x", "origin": [8, 6, 8]},
			"faces": {
				"north": {"uv": [0, 2, 1, 14], "rotation": 180, "texture": "#1"}
			}
		},
		{
			"from": [5, -1, 7],
			"to": [5, 5, 9],
			"rotation": {"angle": -22.5, "axis": "z", "origin": [5, 5, 7]},
			"faces": {
				"east": {"uv": [0, 2, 1, 14], "rotation": 180, "texture": "#1"}
			}
		},
		{
			"from": [7, -1, 7],
			"to": [7, 5, 9],
			"rotation": {"angle": 22.5, "axis": "z", "origin": [7, 5, 9]},
			"faces": {
				"west": {"uv": [0, 2, 1, 14], "rotation": 180, "texture": "#1"}
			}
		},
		{
			"from": [5, -1, 7],
			"to": [7, 5, 7],
			"rotation": {"angle": 22.5, "axis": "x", "origin": [7, 5, 7]},
			"faces": {
				"south": {"uv": [0, 2, 1, 14], "rotation": 180, "texture": "#1"}
			}
		},
		{
			"from": [5, -1, 9],
			"to": [7, 5, 9],
			"rotation": {"angle": -22.5, "axis": "x", "origin": [5, 5, 9]},
			"faces": {
				"north": {"uv": [0, 2, 1, 14], "rotation": 180, "texture": "#1"}
			}
		}
	],
	"groups": [
		0,
		1,
		2,
		3,
		4,
		5,
		6,
		7,
		8,
		{
			"name": "group",
			"origin": [7, 6, 9],
			"color": 0,
			"children": [9, 10, 11, 12]
		},
		{
			"name": "group",
			"origin": [7, 6, 9],
			"color": 0,
			"children": [13, 14, 15, 16]
		},
		{
			"name": "group",
			"origin": [7, 6, 9],
			"color": 0,
			"children": [17, 18, 19, 20]
		}
	]
}