{
	"format_version": "1.21.6",
	"credit": "Made with Blockbench",
	"textures": {
		"0": "block/weathered_copper_lantern",
		"1": "block/copper_lantern/shine",
		"2": "block/weathered_copper_chain",
		"4": "block/weathered_copper_lantern_inner",
		"particle": "block/metal_break"
	},
	"elements": [
		{
			"from": [5, 1, 5],
			"to": [11, 2, 11],
			"rotation": {"angle": 0, "axis": "y", "origin": [0, 1, 0]},
			"faces": {
				"north": {"uv": [0, 6, 6, 7], "texture": "#0"},
				"east": {"uv": [0, 6, 6, 7], "texture": "#0"},
				"south": {"uv": [0, 6, 6, 7], "texture": "#0"},
				"west": {"uv": [0, 6, 6, 7], "texture": "#0"},
				"up": {"uv": [0, 7, 6, 13], "texture": "#4"},
				"down": {"uv": [10, 6, 16, 12], "texture": "#0"}
			}
		},
		{
			"name": "side",
			"from": [5, 2, 5],
			"to": [5, 7, 11],
			"rotation": {"angle": 0, "axis": "y", "origin": [0, 1, 0]},
			"faces": {
				"east": {"uv": [0, 1, 6, 6], "texture": "#4"},
				"west": {"uv": [0, 1, 6, 6], "texture": "#0"}
			}
		},
		{
			"name": "side",
			"from": [5, 2, 11],
			"to": [11, 7, 11],
			"rotation": {"angle": 0, "axis": "y", "origin": [0, 1, 0]},
			"faces": {
				"north": {"uv": [0, 1, 6, 6], "texture": "#4"},
				"south": {"uv": [0, 1, 6, 6], "texture": "#0"}
			}
		},
		{
			"name": "side",
			"from": [11, 2, 5],
			"to": [11, 7, 11],
			"rotation": {"angle": 0, "axis": "y", "origin": [8, 1, 8]},
			"faces": {
				"east": {"uv": [0, 1, 6, 6], "texture": "#0"},
				"west": {"uv": [0, 1, 6, 6], "texture": "#4"}
			}
		},
		{
			"name": "side",
			"from": [5, 2, 5],
			"to": [11, 7, 5],
			"rotation": {"angle": 0, "axis": "y", "origin": [8, 1, 8]},
			"faces": {
				"north": {"uv": [0, 1, 6, 6], "texture": "#0"},
				"south": {"uv": [0, 1, 6, 6], "texture": "#4"}
			}
		},
		{
			"from": [5, 7, 5],
			"to": [11, 8, 11],
			"rotation": {"angle": 0, "axis": "y", "origin": [0, 1, 0]},
			"faces": {
				"north": {"uv": [0, 0, 6, 1], "texture": "#0"},
				"east": {"uv": [0, 0, 6, 1], "texture": "#0"},
				"south": {"uv": [0, 0, 6, 1], "texture": "#0"},
				"west": {"uv": [0, 0, 6, 1], "texture": "#0"},
				"up": {"uv": [6, 0, 12, 6], "texture": "#0"},
				"down": {"uv": [6, 0, 12, 6], "texture": "#4"}
			}
		},
		{
			"from": [6, 8, 6],
			"to": [10, 10, 10],
			"rotation": {"angle": 0, "axis": "y", "origin": [0, 1, 0]},
			"faces": {
				"north": {"uv": [16, 0, 12, 2], "texture": "#0"},
				"east": {"uv": [12, 0, 16, 2], "texture": "#0"},
				"south": {"uv": [16, 0, 12, 2], "texture": "#0"},
				"west": {"uv": [12, 0, 16, 2], "texture": "#0"},
				"up": {"uv": [12, 2, 16, 6], "texture": "#0"}
			}
		},
		{
			"from": [8, 14, 6.5],
			"to": [8, 16, 9.5],
			"rotation": {"angle": 0, "axis": "x", "origin": [8, 15.5, 8]},
			"faces": {
				"east": {"uv": [6, 16, 9, 14], "rotation": 180, "texture": "#2"},
				"west": {"uv": [9, 16, 6, 14], "rotation": 180, "texture": "#2"}
			}
		},
		{
			"from": [8, 10, 6],
			"to": [8, 13, 10],
			"rotation": {"angle": 0, "axis": "y", "origin": [8, 10, 8]},
			"faces": {
				"east": {"uv": [12, 15, 16, 12], "texture": "#0"},
				"west": {"uv": [16, 15, 12, 12], "texture": "#0"}
			}
		},
		{
			"from": [6.5, 11.5, 8],
			"to": [9.5, 15.5, 8],
			"rotation": {"angle": 0, "axis": "y", "origin": [8.5, 13, 8]},
			"faces": {
				"north": {"uv": [9, 16, 12, 12], "rotation": 180, "texture": "#2"},
				"south": {"uv": [12, 16, 9, 12], "rotation": 180, "texture": "#2"}
			}
		},
		{
			"name": "outer_up",
			"from": [10, 9, 7],
			"to": [13, 9, 9],
			"shade": false,
			"rotation": {"angle": 45, "axis": "z", "origin": [10, 9, 8]},
			"faces": {
				"down": {"uv": [0, 2, 3, 4], "rotation": 180, "texture": "#1"}
			}
		},
		{
			"name": "outer_up",
			"from": [7, 9, 10],
			"to": [9, 9, 13],
			"shade": false,
			"rotation": {"angle": -45, "axis": "x", "origin": [8, 9, 10]},
			"faces": {
				"down": {"uv": [0, 2, 3, 4], "rotation": 90, "texture": "#1"}
			}
		},
		{
			"name": "outer_up",
			"from": [7, 9, 3],
			"to": [9, 9, 6],
			"shade": false,
			"rotation": {"angle": 45, "axis": "x", "origin": [8, 9, 6]},
			"faces": {
				"down": {"uv": [0, 2, 3, 4], "rotation": 270, "texture": "#1"}
			}
		},
		{
			"name": "outer_up",
			"from": [3, 9, 7],
			"to": [6, 9, 9],
			"shade": false,
			"rotation": {"angle": -45, "axis": "z", "origin": [6, 9, 8]},
			"faces": {
				"down": {"uv": [0, 2, 3, 4], "texture": "#1"}
			}
		},
		{
			"name": "side",
			"from": [2, 2, 6],
			"to": [5, 7, 6],
			"shade": false,
			"rotation": {"angle": -22.5, "axis": "y", "origin": [5, 4.5, 6]},
			"faces": {
				"south": {"uv": [0, 0, 3, 5], "texture": "#1"}
			}
		},
		{
			"name": "side",
			"from": [2, 2, 10],
			"to": [5, 7, 10],
			"shade": false,
			"rotation": {"angle": 22.5, "axis": "y", "origin": [5, 4.5, 10]},
			"faces": {
				"north": {"uv": [3, 0, 0, 5], "texture": "#1"}
			}
		},
		{
			"name": "down",
			"from": [2, 2, 6],
			"to": [5, 2, 10],
			"shade": false,
			"rotation": {"angle": 22.5, "axis": "z", "origin": [5, 2, 8]},
			"faces": {
				"up": {"uv": [0, 1, 3, 5], "texture": "#1"}
			}
		},
		{
			"name": "up",
			"from": [2, 7, 6],
			"to": [5, 7, 10],
			"shade": false,
			"rotation": {"angle": -22.5, "axis": "z", "origin": [5, 7, 8]},
			"faces": {
				"down": {"uv": [0, 1, 3, 5], "texture": "#1"}
			}
		},
		{
			"name": "outer_side",
			"from": [10, 2, 2],
			"to": [10, 7, 5],
			"shade": false,
			"rotation": {"angle": -22.5, "axis": "y", "origin": [10, 4.5, 5]},
			"faces": {
				"west": {"uv": [0, 0, 3, 5], "texture": "#1"}
			}
		},
		{
			"name": "outer_side",
			"from": [6, 2, 2],
			"to": [10, 2, 5],
			"shade": false,
			"rotation": {"angle": -22.5, "axis": "x", "origin": [8, 2, 5]},
			"faces": {
				"up": {"uv": [0, 1, 3, 5], "rotation": 90, "texture": "#1"}
			}
		},
		{
			"name": "outer_up",
			"from": [6, 7, 2],
			"to": [10, 7, 5],
			"shade": false,
			"rotation": {"angle": 22.5, "axis": "x", "origin": [8, 7, 5]},
			"faces": {
				"down": {"uv": [0, 1, 3, 5], "rotation": 270, "texture": "#1"}
			}
		},
		{
			"name": "outer_down",
			"from": [6, 2, 2],
			"to": [6, 7, 5],
			"shade": false,
			"rotation": {"angle": 22.5, "axis": "y", "origin": [6, 4.5, 5]},
			"faces": {
				"east": {"uv": [3, 0, 0, 5], "texture": "#1"}
			}
		},
		{
			"name": "outer_side",
			"from": [11, 2, 10],
			"to": [14, 7, 10],
			"shade": false,
			"rotation": {"angle": -22.5, "axis": "y", "origin": [11, 4.5, 10]},
			"faces": {
				"north": {"uv": [0, 0, 3, 5], "texture": "#1"}
			}
		},
		{
			"name": "outer_side",
			"from": [11, 2, 6],
			"to": [14, 2, 10],
			"shade": false,
			"rotation": {"angle": -22.5, "axis": "z", "origin": [11, 2, 8]},
			"faces": {
				"up": {"uv": [0, 1, 3, 5], "rotation": 180, "texture": "#1"}
			}
		},
		{
			"name": "outer_up",
			"from": [11, 7, 6],
			"to": [14, 7, 10],
			"shade": false,
			"rotation": {"angle": 22.5, "axis": "z", "origin": [11, 7, 8]},
			"faces": {
				"down": {"uv": [0, 1, 3, 5], "rotation": 180, "texture": "#1"}
			}
		},
		{
			"name": "outer_down",
			"from": [11, 2, 6],
			"to": [14, 7, 6],
			"shade": false,
			"rotation": {"angle": 22.5, "axis": "y", "origin": [11, 4.5, 6]},
			"faces": {
				"south": {"uv": [3, 0, 0, 5], "texture": "#1"}
			}
		},
		{
			"name": "outer_side",
			"from": [6, 2, 11],
			"to": [6, 7, 14],
			"shade": false,
			"rotation": {"angle": -22.5, "axis": "y", "origin": [6, 4.5, 11]},
			"faces": {
				"east": {"uv": [0, 0, 3, 5], "texture": "#1"}
			}
		},
		{
			"name": "outer_side",
			"from": [6, 2, 11],
			"to": [10, 2, 14],
			"shade": false,
			"rotation": {"angle": 22.5, "axis": "x", "origin": [8, 2, 11]},
			"faces": {
				"up": {"uv": [0, 1, 3, 5], "rotation": 270, "texture": "#1"}
			}
		},
		{
			"name": "outer_up",
			"from": [6, 7, 11],
			"to": [10, 7, 14],
			"shade": false,
			"rotation": {"angle": -22.5, "axis": "x", "origin": [8, 7, 11]},
			"faces": {
				"down": {"uv": [0, 1, 3, 5], "rotation": 90, "texture": "#1"}
			}
		},
		{
			"name": "outer_down",
			"from": [10, 2, 11],
			"to": [10, 7, 14],
			"shade": false,
			"rotation": {"angle": 22.5, "axis": "y", "origin": [10, 4.5, 11]},
			"faces": {
				"west": {"uv": [3, 0, 0, 5], "texture": "#1"}
			}
		},
		{
			"from": [6.5, 2, 6.5],
			"to": [9.5, 4, 9.5],
			"rotation": {"angle": -22.5, "axis": "y", "origin": [8, 3.6875, 8]},
			"faces": {
				"north": {"uv": [6, 12, 9, 14], "texture": "#0"},
				"east": {"uv": [9, 12, 12, 14], "texture": "#0"},
				"south": {"uv": [6, 14, 9, 16], "texture": "#0"},
				"west": {"uv": [9, 14, 12, 16], "texture": "#0"},
				"up": {"uv": [3, 13, 6, 16], "texture": "#0"}
			}
		},
		{
			"from": [7.25, 4, 8],
			"to": [8.75, 6, 8],
			"shade": false,
			"light_emission": 15,
			"rotation": {"angle": 22.5, "axis": "y", "origin": [8, 5, 8]},
			"faces": {
				"north": {"uv": [6, 8, 9, 12], "texture": "#0"},
				"south": {"uv": [9, 8, 6, 12], "texture": "#0"}
			}
		}
	],
	"display": {
		"firstperson_lefthand": {
			"rotation": [0, 93, 0],
			"translation": [0, 14.5, 0],
			"scale": [0.85, 0.85, 0.85]
		},
		"ground": {
			"translation": [0, 5.75, 0]
		}
	},
	"groups": [
		{
			"name": "frame",
			"origin": [0, 0, 0],
			"color": 0,
			"children": [0, 1, 2, 3, 4, 5, 6, 7, 8, 9]
		},
		{
			"name": "light",
			"origin": [8, 8, 8],
			"color": 0,
			"shade": false,
			"children": [
				{
					"name": "top_outer",
					"origin": [8, 8, 10],
					"color": 0,
					"shade": false,
					"children": [10, 11, 12, 13]
				},
				{
					"name": "outer",
					"origin": [0, 0, 0],
					"color": 0,
					"shade": false,
					"children": [14, 15, 16, 17]
				},
				{
					"name": "outer",
					"origin": [0, 0, 0],
					"color": 0,
					"shade": false,
					"children": [18, 19, 20, 21]
				},
				{
					"name": "outer",
					"origin": [0, 0, 0],
					"color": 0,
					"shade": false,
					"children": [22, 23, 24, 25]
				},
				{
					"name": "outer",
					"origin": [0, 0, 0],
					"color": 0,
					"shade": false,
					"children": [26, 27, 28, 29]
				}
			]
		},
		{
			"name": "candle",
			"origin": [8, 8, 8],
			"color": 0,
			"children": [30, 31]
		}
	]
}